project_folder,relative_path,filename,extension,size_bytes,size_mb,document_category,is_real_pdf,is_stub_pdf,is_substantial_pdf
AIIMS-Delhi-150-Units-Staff-Quarters,file_manifest.csv,file_manifest.csv,.csv,6975,0.007,METADATA,0,0,0
AIIMS-Delhi-150-Units-Staff-Quarters,README.md,README.md,.md,3411,0.003,METADATA,0,0,0
AIIMS-Delhi-150-Units-Staff-Quarters,00_Core_Intelligence_Dataset/.gitkeep,.gitkeep,,0,0.0,GITKEEP,0,0,0
AIIMS-Delhi-150-Units-Staff-Quarters,00_Core_Intelligence_Dataset/AIIMS_Delhi_Staff_Quarters_Verification_Audit_and_Rejection_Report.md,AIIMS_Delhi_Staff_Quarters_Verification_Audit_and_Rejection_Report.md,.md,4469,0.004,SYNTH,0,0,0
AIIMS-Delhi-150-Units-Staff-Quarters,01_Tender_NIT_PreBid/.gitkeep,.gitkeep,,0,0.0,GITKEEP,0,0,0
AIIMS-Delhi-150-Units-Staff-Quarters,01_Tender_NIT_PreBid/Notice_Tender_Document_Not_Found_Audit.md,Notice_Tender_Document_Not_Found_Audit.md,.md,1583,0.002,SYNTH,0,0,0
AIIMS-Delhi-150-Units-Staff-Quarters,02_Cost_BOQ_Makes/.gitkeep,.gitkeep,,0,0.0,GITKEEP,0,0,0
AIIMS-Delhi-150-Units-Staff-Quarters,02_Cost_BOQ_Makes/Financial_Assessment_and_Negative_BOQ_Finding.md,Financial_Assessment_and_Negative_BOQ_Finding.md,.md,1442,0.001,SYNTH,0,0,0
AIIMS-Delhi-150-Units-Staff-Quarters,03_Technical_Specifications_Reports/.gitkeep,.gitkeep,,0,0.0,GITKEEP,0,0,0
AIIMS-Delhi-150-Units-Staff-Quarters,03_Technical_Specifications_Reports/CPWD_Plinth_Area_Rates_Residential_High_Rise.pdf,CPWD_Plinth_Area_Rates_Residential_High_Rise.pdf,.pdf,1129163,1.077,CAT5_SPECS,1,0,0
AIIMS-Delhi-150-Units-Staff-Quarters,03_Technical_Specifications_Reports/CPWD_Residential_Planning_and_Technical_Specifications_Overview.md,CPWD_Residential_Planning_and_Technical_Specifications_Overview.md,.md,1172,0.001,SYNTH,0,0,0
AIIMS-Delhi-150-Units-Staff-Quarters,04_Architectural_Drawings/.gitkeep,.gitkeep,,0,0.0,GITKEEP,0,0,0
AIIMS-Delhi-150-Units-Staff-Quarters,04_Architectural_Drawings/Architectural_Plans_Negative_Audit_and_Typology_Analysis.md,Architectural_Plans_Negative_Audit_and_Typology_Analysis.md,.md,1416,0.001,SYNTH,0,0,0
AIIMS-Delhi-150-Units-Staff-Quarters,05_Structural_Drawings/.gitkeep,.gitkeep,,0,0.0,GITKEEP,0,0,0
AIIMS-Delhi-150-Units-Staff-Quarters,05_Structural_Drawings/Structural_Engineering_Negative_Audit_and_Seismic_Zone_IV_Criteria.md,Structural_Engineering_Negative_Audit_and_Seismic_Zone_IV_Criteria.md,.md,1342,0.001,SYNTH,0,0,0
AIIMS-Delhi-150-Units-Staff-Quarters,06_MEP_Services/.gitkeep,.gitkeep,,0,0.0,GITKEEP,0,0,0
AIIMS-Delhi-150-Units-Staff-Quarters,06_MEP_Services/MEP_Services_Assessment_and_Status.md,MEP_Services_Assessment_and_Status.md,.md,1261,0.001,SYNTH,0,0,0
AIIMS-Delhi-150-Units-Staff-Quarters,07_Landscape_Infrastructure/.gitkeep,.gitkeep,,0,0.0,GITKEEP,0,0,0
AIIMS-Delhi-150-Units-Staff-Quarters,07_Landscape_Infrastructure/Site_and_Campus_Infrastructure_Status.md,Site_and_Campus_Infrastructure_Status.md,.md,957,0.001,SYNTH,0,0,0
AIIMS-Delhi-150-Units-Staff-Quarters,08_Execution_Actuals/.gitkeep,.gitkeep,,0,0.0,GITKEEP,0,0,0
AIIMS-Delhi-150-Units-Staff-Quarters,08_Execution_Actuals/Execution_Milestones_and_Audit_Status.md,Execution_Milestones_and_Audit_Status.md,.md,962,0.001,SYNTH,0,0,0
AIIMS-Delhi-150-Units-Staff-Quarters,99_Unverified_or_Related_References/.gitkeep,.gitkeep,,0,0.0,GITKEEP,0,0,0
AIIMS-Delhi-150-Units-Staff-Quarters,99_Unverified_or_Related_References/Related_Tenders_Disambiguation_and_Reference_Charter.md,Related_Tenders_Disambiguation_and_Reference_Charter.md,.md,2244,0.002,SYNTH,0,0,0
BHEL-Township-Jagdishpur,file_manifest.csv,file_manifest.csv,.csv,13154,0.013,METADATA,0,0,0
BHEL-Township-Jagdishpur,README.md,README.md,.md,3346,0.003,METADATA,0,0,0
BHEL-Township-Jagdishpur,00_Core_Intelligence_Dataset/NIT-GCC-SCC-DRG-SPEC-BOQ_Cover_Township_Final_Revised.pdf,NIT-GCC-SCC-DRG-SPEC-BOQ_Cover_Township_Final_Revised.pdf,.pdf,7513452,7.165,CAT4_BOQ,1,0,1
BHEL-Township-Jagdishpur,00_Core_Intelligence_Dataset/Project_Executive_Summary_and_Data_Extraction.md,Project_Executive_Summary_and_Data_Extraction.md,.md,2829,0.003,SYNTH,0,0,0
BHEL-Township-Jagdishpur,00_Core_Intelligence_Dataset/SCC_DRG_BOQ_Final.pdf,SCC_DRG_BOQ_Final.pdf,.pdf,393858,0.376,CAT4_BOQ,1,0,0
BHEL-Township-Jagdishpur,00_Core_Intelligence_Dataset/Tech_Specs_FINAL.pdf,Tech_Specs_FINAL.pdf,.pdf,33534,0.032,CAT5_SPECS,0,0,0
BHEL-Township-Jagdishpur,01_Tender_NIT_PreBid/GCC_SCC_DRG_Township_Final.pdf,GCC_SCC_DRG_Township_Final.pdf,.pdf,611981,0.584,CAT1_TENDER,1,0,0
BHEL-Township-Jagdishpur,01_Tender_NIT_PreBid/NIT-GCC-SCC-DRG-SPEC-BOQ_Cover_Township_Final_Revised.pdf,NIT-GCC-SCC-DRG-SPEC-BOQ_Cover_Township_Final_Revised.pdf,.pdf,7513452,7.165,CAT4_BOQ,1,0,1
BHEL-Township-Jagdishpur,01_Tender_NIT_PreBid/Tender_NIT_Key_Terms_and_Eligibility_Criteria.md,Tender_NIT_Key_Terms_and_Eligibility_Criteria.md,.md,1812,0.002,SYNTH,0,0,0
BHEL-Township-Jagdishpur,02_Cost_BOQ_Makes/.gitkeep,.gitkeep,,0,0.0,GITKEEP,0,0,0
BHEL-Township-Jagdishpur,02_Cost_BOQ_Makes/Cost_Abstract_and_BOQ_Schedule_Intelligence.md,Cost_Abstract_and_BOQ_Schedule_Intelligence.md,.md,1680,0.002,SYNTH,0,0,0
BHEL-Township-Jagdishpur,02_Cost_BOQ_Makes/NIT-GCC-SCC-DRG-SPEC-BOQ_Cover_Township_Final_Revised.pdf,NIT-GCC-SCC-DRG-SPEC-BOQ_Cover_Township_Final_Revised.pdf,.pdf,7513452,7.165,CAT4_BOQ,1,0,1
BHEL-Township-Jagdishpur,02_Cost_BOQ_Makes/SCC_DRG_BOQ_Final.pdf,SCC_DRG_BOQ_Final.pdf,.pdf,393858,0.376,CAT4_BOQ,1,0,0
BHEL-Township-Jagdishpur,03_Technical_Specifications_Reports/.gitkeep,.gitkeep,,0,0.0,GITKEEP,0,0,0
BHEL-Township-Jagdishpur,03_Technical_Specifications_Reports/NIT-GCC-SCC-DRG-SPEC-BOQ_Cover_Township_Final_Revised.pdf,NIT-GCC-SCC-DRG-SPEC-BOQ_Cover_Township_Final_Revised.pdf,.pdf,7513452,7.165,CAT4_BOQ,1,0,1
BHEL-Township-Jagdishpur,03_Technical_Specifications_Reports/Technical_Specifications_and_Finishing_Standards.md,Technical_Specifications_and_Finishing_Standards.md,.md,3685,0.004,SYNTH,0,0,0
BHEL-Township-Jagdishpur,03_Technical_Specifications_Reports/Tech_Specs_FINAL.pdf,Tech_Specs_FINAL.pdf,.pdf,33534,0.032,CAT5_SPECS,0,0,0
BHEL-Township-Jagdishpur,04_Architectural_Drawings/.gitkeep,.gitkeep,,0,0.0,GITKEEP,0,0,0
BHEL-Township-Jagdishpur,04_Architectural_Drawings/Architectural_Design_Basis_and_Drawings_Catalog.md,Architectural_Design_Basis_and_Drawings_Catalog.md,.md,1629,0.002,SYNTH,0,0,0
BHEL-Township-Jagdishpur,04_Architectural_Drawings/NIT-GCC-SCC-DRG-SPEC-BOQ_Cover_Township_Final_Revised.pdf,NIT-GCC-SCC-DRG-SPEC-BOQ_Cover_Township_Final_Revised.pdf,.pdf,7513452,7.165,CAT4_BOQ,1,0,1
BHEL-Township-Jagdishpur,05_Structural_Drawings/.gitkeep,.gitkeep,,0,0.0,GITKEEP,0,0,0
BHEL-Township-Jagdishpur,05_Structural_Drawings/NIT-GCC-SCC-DRG-SPEC-BOQ_Cover_Township_Final_Revised.pdf,NIT-GCC-SCC-DRG-SPEC-BOQ_Cover_Township_Final_Revised.pdf,.pdf,7513452,7.165,CAT4_BOQ,1,0,1
BHEL-Township-Jagdishpur,05_Structural_Drawings/Structural_Design_Basis_and_Piling_Engineering_Notes.md,Structural_Design_Basis_and_Piling_Engineering_Notes.md,.md,1676,0.002,SYNTH,0,0,0
BHEL-Township-Jagdishpur,06_MEP_Services/.gitkeep,.gitkeep,,0,0.0,GITKEEP,0,0,0
BHEL-Township-Jagdishpur,06_MEP_Services/MEP_Engineering_Specifications_and_Services_Schedule.md,MEP_Engineering_Specifications_and_Services_Schedule.md,.md,1678,0.002,SYNTH,0,0,0
BHEL-Township-Jagdishpur,06_MEP_Services/NIT-GCC-SCC-DRG-SPEC-BOQ_Cover_Township_Final_Revised.pdf,NIT-GCC-SCC-DRG-SPEC-BOQ_Cover_Township_Final_Revised.pdf,.pdf,7513452,7.165,CAT4_BOQ,1,0,1
BHEL-Township-Jagdishpur,07_Landscape_Infrastructure/.gitkeep,.gitkeep,,0,0.0,GITKEEP,0,0,0
BHEL-Township-Jagdishpur,07_Landscape_Infrastructure/NIT-GCC-SCC-DRG-SPEC-BOQ_Cover_Township_Final_Revised.pdf,NIT-GCC-SCC-DRG-SPEC-BOQ_Cover_Township_Final_Revised.pdf,.pdf,7513452,7.165,CAT4_BOQ,1,0,1
BHEL-Township-Jagdishpur,07_Landscape_Infrastructure/Site_Development_and_External_Infrastructure_Schedule.md,Site_Development_and_External_Infrastructure_Schedule.md,.md,1230,0.001,SYNTH,0,0,0
BHEL-Township-Jagdishpur,08_Execution_Actuals/.gitkeep,.gitkeep,,0,0.0,GITKEEP,0,0,0
BHEL-Township-Jagdishpur,08_Execution_Actuals/BHEL_Contracts_Concluded_Report_Jan2025.pdf,BHEL_Contracts_Concluded_Report_Jan2025.pdf,.pdf,647714,0.618,CAT1_TENDER,1,0,0
BHEL-Township-Jagdishpur,08_Execution_Actuals/Construction_Milestones_and_Execution_Charter.md,Construction_Milestones_and_Execution_Charter.md,.md,1683,0.002,SYNTH,0,0,0
BHEL-Township-Jagdishpur,99_Unverified_or_Related_References/.gitkeep,.gitkeep,,0,0.0,GITKEEP,0,0,0
BHEL-Township-Jagdishpur,99_Unverified_or_Related_References/NIT_GCC_SCC_BOQ_Plant_Building_Final.pdf,NIT_GCC_SCC_BOQ_Plant_Building_Final.pdf,.pdf,1014436,0.967,CAT4_BOQ,1,0,0
BHEL-Township-Jagdishpur,99_Unverified_or_Related_References/NIT_GCC_SCC_DRG_022_Admin_Building.pdf,NIT_GCC_SCC_DRG_022_Admin_Building.pdf,.pdf,505589,0.482,CAT1_TENDER,1,0,0
BHEL-Township-Jagdishpur,99_Unverified_or_Related_References/tender_docs_complete_1409824621_Plant_Horticulture.pdf,tender_docs_complete_1409824621_Plant_Horticulture.pdf,.pdf,307655,0.293,CAT1_TENDER,1,0,0
BMC-Deonar-600-Tenements,file_manifest.csv,file_manifest.csv,.csv,4326,0.004,METADATA,0,0,0
BMC-Deonar-600-Tenements,file_manifest.json,file_manifest.json,.json,3531,0.003,METADATA,0,0,0
BMC-Deonar-600-Tenements,README.md,README.md,.md,3510,0.003,METADATA,0,0,0
BMC-Deonar-600-Tenements,00_Core_Intelligence_Dataset/.gitkeep,.gitkeep,,0,0.0,GITKEEP,0,0,0
BMC-Deonar-600-Tenements,00_Core_Intelligence_Dataset/ETH_7000022191_020922.pdf,ETH_7000022191_020922.pdf,.pdf,11065978,10.553,CAT1_TENDER,1,0,1
BMC-Deonar-600-Tenements,00_Core_Intelligence_Dataset/ETH_7000022191_11_130922.pdf,ETH_7000022191_11_130922.pdf,.pdf,131046,0.125,CAT1_TENDER,1,0,0
BMC-Deonar-600-Tenements,00_Core_Intelligence_Dataset/ETH_7000022191_DRAWING-4.pdf,ETH_7000022191_DRAWING-4.pdf,.pdf,14939695,14.248,CAT1_TENDER,1,0,1
BMC-Deonar-600-Tenements,00_Core_Intelligence_Dataset/ETH_7000022191_DRAWING-8.pdf,ETH_7000022191_DRAWING-8.pdf,.pdf,3563456,3.398,CAT1_TENDER,1,0,0
BMC-Deonar-600-Tenements,00_Core_Intelligence_Dataset/IIT_VJTI_Structural_Design_Vetting_Protocol.pdf,IIT_VJTI_Structural_Design_Vetting_Protocol.pdf,.pdf,11065978,10.553,CAT3_STRUCT_DRAWING,1,0,1
BMC-Deonar-600-Tenements,00_Core_Intelligence_Dataset/README.md,README.md,.md,3678,0.004,METADATA,0,0,0
BMC-Deonar-600-Tenements,00_Core_Intelligence_Dataset/Section_10_Specifications_Composite_Prefab_M40.pdf,Section_10_Specifications_Composite_Prefab_M40.pdf,.pdf,11065978,10.553,CAT2_ARCH_DRAWING,1,0,1
BMC-Deonar-600-Tenements,00_Core_Intelligence_Dataset/Section_7_Scope_of_Work_2068_Tenements.pdf,Section_7_Scope_of_Work_2068_Tenements.pdf,.pdf,11065978,10.553,CAT2_ARCH_DRAWING,1,0,1
BMC-Deonar-600-Tenements,01_Tender_NIT_Eligibility/README.md,README.md,.md,708,0.001,METADATA,0,0,0
BMC-Deonar-600-Tenements,01_Tender_NIT_Eligibility/01_Main_Bid_Document/.gitkeep,.gitkeep,,0,0.0,GITKEEP,0,0,0
BMC-Deonar-600-Tenements,01_Tender_NIT_Eligibility/01_Main_Bid_Document/ETH_7000022191_020922.pdf,ETH_7000022191_020922.pdf,.pdf,11065978,10.553,CAT1_TENDER,1,0,1
BMC-Deonar-600-Tenements,01_Tender_NIT_PreBid/.gitkeep,.gitkeep,,0,0.0,GITKEEP,0,0,0
BMC-Deonar-600-Tenements,02_Cost_BOQ_Makes/.gitkeep,.gitkeep,,0,0.0,GITKEEP,0,0,0
BMC-Deonar-600-Tenements,02_Project_Scope_BUA_Payment/README.md,README.md,.md,1119,0.001,METADATA,0,0,0
BMC-Deonar-600-Tenements,02_Project_Scope_BUA_Payment/01_Scope_of_Work_Section_7/.gitkeep,.gitkeep,,0,0.0,GITKEEP,0,0,0
BMC-Deonar-600-Tenements,02_Project_Scope_BUA_Payment/01_Scope_of_Work_Section_7/SCOPE_SUMMARY.md,SCOPE_SUMMARY.md,.md,3641,0.003,SYNTH,0,0,0
BMC-Deonar-600-Tenements,02_Project_Scope_BUA_Payment/01_Scope_of_Work_Section_7/Section_7_Scope_of_Work_2068_Tenements.pdf,Section_7_Scope_of_Work_2068_Tenements.pdf,.pdf,11065978,10.553,CAT2_ARCH_DRAWING,1,0,1
BMC-Deonar-600-Tenements,02_Project_Scope_BUA_Payment/04_Draft_MOU_Format/.gitkeep,.gitkeep,,0,0.0,GITKEEP,0,0,0
BMC-Deonar-600-Tenements,02_Project_Scope_BUA_Payment/04_Draft_MOU_Format/ETH_7000022191_11_130922.pdf,ETH_7000022191_11_130922.pdf,.pdf,131046,0.125,CAT6_COST,1,0,0
BMC-Deonar-600-Tenements,03_Technical_Specifications_Prefab/README.md,README.md,.md,757,0.001,METADATA,0,0,0
BMC-Deonar-600-Tenements,03_Technical_Specifications_Prefab/01_Composite_Prefab_Technology_Specs/.gitkeep,.gitkeep,,0,0.0,GITKEEP,0,0,0
BMC-Deonar-600-Tenements,03_Technical_Specifications_Prefab/01_Composite_Prefab_Technology_Specs/Section_10_Specifications_Composite_Prefab_M40.pdf,Section_10_Specifications_Composite_Prefab_M40.pdf,.pdf,11065978,10.553,CAT2_ARCH_DRAWING,1,0,1
BMC-Deonar-600-Tenements,03_Technical_Specifications_Prefab/01_Composite_Prefab_Technology_Specs/SPECIFICATIONS_SUMMARY.md,SPECIFICATIONS_SUMMARY.md,.md,3410,0.003,SYNTH,0,0,0
BMC-Deonar-600-Tenements,03_Technical_Specifications_Reports/.gitkeep,.gitkeep,,0,0.0,GITKEEP,0,0,0
BMC-Deonar-600-Tenements,04_Architectural_Drawings/.gitkeep,.gitkeep,,0,0.0,GITKEEP,0,0,0
BMC-Deonar-600-Tenements,04_Architectural_Drawings_Building_04/README.md,README.md,.md,750,0.001,METADATA,0,0,0
BMC-Deonar-600-Tenements,04_Architectural_Drawings_Building_04/01_Full_Drawing_Set_PDF/.gitkeep,.gitkeep,,0,0.0,GITKEEP,0,0,0
BMC-Deonar-600-Tenements,04_Architectural_Drawings_Building_04/01_Full_Drawing_Set_PDF/ETH_7000022191_DRAWING-4.pdf,ETH_7000022191_DRAWING-4.pdf,.pdf,14939695,14.248,CAT2_ARCH_DRAWING,1,0,1
BMC-Deonar-600-Tenements,05_Podium_Site_Infrastructure_Drawings/README.md,README.md,.md,727,0.001,METADATA,0,0,0
BMC-Deonar-600-Tenements,05_Podium_Site_Infrastructure_Drawings/01_Full_Podium_Drawing_PDF/.gitkeep,.gitkeep,,0,0.0,GITKEEP,0,0,0
BMC-Deonar-600-Tenements,05_Podium_Site_Infrastructure_Drawings/01_Full_Podium_Drawing_PDF/ETH_7000022191_DRAWING-8.pdf,ETH_7000022191_DRAWING-8.pdf,.pdf,3563456,3.398,PDF_UNCLASSIFIED,1,0,0
BMC-Deonar-600-Tenements,05_Structural_Drawings/.gitkeep,.gitkeep,,0,0.0,GITKEEP,0,0,0
BMC-Deonar-600-Tenements,06_MEP_Services/.gitkeep,.gitkeep,,0,0.0,GITKEEP,0,0,0
BMC-Deonar-600-Tenements,06_Structural_Design_IIT_VJTI_Protocol/README.md,README.md,.md,778,0.001,METADATA,0,0,0
BMC-Deonar-600-Tenements,06_Structural_Design_IIT_VJTI_Protocol/01_Structural_Engineering_Mandate/.gitkeep,.gitkeep,,0,0.0,GITKEEP,0,0,0
BMC-Deonar-600-Tenements,06_Structural_Design_IIT_VJTI_Protocol/01_Structural_Engineering_Mandate/IIT_VJTI_Structural_Design_Vetting_Protocol.pdf,IIT_VJTI_Structural_Design_Vetting_Protocol.pdf,.pdf,11065978,10.553,CAT3_STRUCT_DRAWING,1,0,1
BMC-Deonar-600-Tenements,06_Structural_Design_IIT_VJTI_Protocol/01_Structural_Engineering_Mandate/STRUCTURAL_PROTOCOL.md,STRUCTURAL_PROTOCOL.md,.md,2836,0.003,SYNTH,0,0,0
BMC-Deonar-600-Tenements,07_Landscape_Infrastructure/.gitkeep,.gitkeep,,0,0.0,GITKEEP,0,0,0
BMC-Deonar-600-Tenements,08_Execution_Actuals/.gitkeep,.gitkeep,,0,0.0,GITKEEP,0,0,0
BMC-Deonar-600-Tenements,99_Unverified_or_Related_References/.gitkeep,.gitkeep,,0,0.0,GITKEEP,0,0,0
BMC-Deonar-600-Tenements,scripts/download_all.ps1,download_all.ps1,.ps1,2365,0.002,SCRIPT,0,0,0
BMC-Deonar-600-Tenements,scripts/download_all.py,download_all.py,.py,2878,0.003,SCRIPT,0,0,0
BMC-Deonar-600-Tenements,scripts/download_core.ps1,download_core.ps1,.ps1,3452,0.003,SCRIPT,0,0,0
BMC-Deonar-600-Tenements,scripts/download_core.py,download_core.py,.py,3454,0.003,SCRIPT,0,0,0
CPWD-BSF-Roopnagar-63-Quarters,file_manifest.csv,file_manifest.csv,.csv,6105,0.006,METADATA,0,0,0
CPWD-BSF-Roopnagar-63-Quarters,README.md,README.md,.md,3532,0.003,METADATA,0,0,0
CPWD-BSF-Roopnagar-63-Quarters,00_Core_Intelligence_Dataset/Project_Executive_Summary_and_Data_Extraction.md,Project_Executive_Summary_and_Data_Extraction.md,.md,3192,0.003,SYNTH,0,0,0
CPWD-BSF-Roopnagar-63-Quarters,01_Tender_NIT_PreBid/CPWD_Consultancy_Procurement_Framework_and_Clause16.md,CPWD_Consultancy_Procurement_Framework_and_Clause16.md,.md,1561,0.001,SYNTH,0,0,0
CPWD-BSF-Roopnagar-63-Quarters,02_Cost_BOQ_Makes/Consultancy_Fee_Structure_and_Schedule_A_BOQ.md,Consultancy_Fee_Structure_and_Schedule_A_BOQ.md,.md,1708,0.002,SYNTH,0,0,0
CPWD-BSF-Roopnagar-63-Quarters,03_Technical_Specifications_Reports/CPWD_Design_Basis_Report_and_Structural_Criteria.md,CPWD_Design_Basis_Report_and_Structural_Criteria.md,.md,1318,0.001,SYNTH,0,0,0
CPWD-BSF-Roopnagar-63-Quarters,03_Technical_Specifications_Reports/Plinth_Area_Rates_Residential_CPWD.pdf,Plinth_Area_Rates_Residential_CPWD.pdf,.pdf,1129163,1.077,CAT5_SPECS,1,0,0
CPWD-BSF-Roopnagar-63-Quarters,04_Architectural_Drawings/Restricted_Architectural_Scope_and_Typology_Profile.md,Restricted_Architectural_Scope_and_Typology_Profile.md,.md,1218,0.001,SYNTH,0,0,0
CPWD-BSF-Roopnagar-63-Quarters,05_Structural_Drawings/Consultant_Deliverable_Charter_and_Proof_Checking.md,Consultant_Deliverable_Charter_and_Proof_Checking.md,.md,1540,0.001,SYNTH,0,0,0
CPWD-BSF-Roopnagar-63-Quarters,06_MEP_Services/CPWD_General_Specifications_Electrical_and_Mechanical.md,CPWD_General_Specifications_Electrical_and_Mechanical.md,.md,1200,0.001,SYNTH,0,0,0
CPWD-BSF-Roopnagar-63-Quarters,07_Landscape_Infrastructure/BSF_Campus_Roopnagar_Site_Layout_and_Perimeter_Context.md,BSF_Campus_Roopnagar_Site_Layout_and_Perimeter_Context.md,.md,816,0.001,SYNTH,0,0,0
CPWD-BSF-Roopnagar-63-Quarters,08_Execution_Actuals/Design_Milestone_Timeline_and_Submission_Stages.md,Design_Milestone_Timeline_and_Submission_Stages.md,.md,977,0.001,SYNTH,0,0,0
CPWD-BSF-Roopnagar-63-Quarters,99_Unverified_or_Related_References/Methodology_Note_Consultancy_vs_Construction_Tenders.md,Methodology_Note_Consultancy_vs_Construction_Tenders.md,.md,1273,0.001,SYNTH,0,0,0
CPWD-EPFO-Borivali-301-Quarters,file_manifest.csv,file_manifest.csv,.csv,6501,0.006,METADATA,0,0,0
CPWD-EPFO-Borivali-301-Quarters,README.md,README.md,.md,3784,0.004,METADATA,0,0,0
CPWD-EPFO-Borivali-301-Quarters,00_Core_Intelligence_Dataset/Project_Executive_Summary_and_Data_Extraction.md,Project_Executive_Summary_and_Data_Extraction.md,.md,3100,0.003,SYNTH,0,0,0
CPWD-EPFO-Borivali-301-Quarters,01_Tender_NIT_PreBid/CPWD_EPC_Mode_I_Contract_Framework_and_Procurement_Charter.md,CPWD_EPC_Mode_I_Contract_Framework_and_Procurement_Charter.md,.md,1757,0.002,SYNTH,0,0,0
CPWD-EPFO-Borivali-301-Quarters,02_Cost_BOQ_Makes/Project_Financial_Outlay_and_High_Rise_Economics.md,Project_Financial_Outlay_and_High_Rise_Economics.md,.md,1744,0.002,SYNTH,0,0,0
CPWD-EPFO-Borivali-301-Quarters,03_Technical_Specifications_Reports/CPWD_High_Rise_Civil_and_Finishing_Specifications.md,CPWD_High_Rise_Civil_and_Finishing_Specifications.md,.md,1522,0.001,SYNTH,0,0,0
CPWD-EPFO-Borivali-301-Quarters,03_Technical_Specifications_Reports/CPWD_Plinth_Area_Rates_Residential_High_Rise.pdf,CPWD_Plinth_Area_Rates_Residential_High_Rise.pdf,.pdf,1129163,1.077,CAT5_SPECS,1,0,0
CPWD-EPFO-Borivali-301-Quarters,04_Architectural_Drawings/Tower_Massing_35_Storey_Skyscraper_and_Zoning_Brief.md,Tower_Massing_35_Storey_Skyscraper_and_Zoning_Brief.md,.md,1371,0.001,SYNTH,0,0,0
CPWD-EPFO-Borivali-301-Quarters,05_Structural_Drawings/Structural_Framing_Diaphragm_Wall_and_Seismic_Criteria.md,Structural_Framing_Diaphragm_Wall_and_Seismic_Criteria.md,.md,1583,0.002,SYNTH,0,0,0
CPWD-EPFO-Borivali-301-Quarters,06_MEP_Services/MEP_Building_Services_High_Speed_Lifts_and_Fire_Safety.md,MEP_Building_Services_High_Speed_Lifts_and_Fire_Safety.md,.md,1722,0.002,SYNTH,0,0,0
CPWD-EPFO-Borivali-301-Quarters,07_Landscape_Infrastructure/Podium_Deck_Landscaping_and_Campus_Integration.md,Podium_Deck_Landscaping_and_Campus_Integration.md,.md,926,0.001,SYNTH,0,0,0
CPWD-EPFO-Borivali-301-Quarters,08_Execution_Actuals/Project_Lifecycle_Milestones_and_32_Month_Timeline.md,Project_Lifecycle_Milestones_and_32_Month_Timeline.md,.md,1530,0.001,SYNTH,0,0,0
CPWD-EPFO-Borivali-301-Quarters,99_Unverified_or_Related_References/Methodology_Note_High_Rise_EPC_Benchmarking.md,Methodology_Note_High_Rise_EPC_Benchmarking.md,.md,1476,0.001,SYNTH,0,0,0
CPWD-RBI-Kharghar-354-Quarters,file_manifest.csv,file_manifest.csv,.csv,3660,0.003,METADATA,0,0,0
CPWD-RBI-Kharghar-354-Quarters,file_manifest.json,file_manifest.json,.json,3484,0.003,METADATA,0,0,0
CPWD-RBI-Kharghar-354-Quarters,README.md,README.md,.md,3357,0.003,METADATA,0,0,0
CPWD-RBI-Kharghar-354-Quarters,00_Core_Intelligence_Dataset/.gitkeep,.gitkeep,,0,0.0,GITKEEP,0,0,0
CPWD-RBI-Kharghar-354-Quarters,00_Core_Intelligence_Dataset/README.md,README.md,.md,3497,0.003,METADATA,0,0,0
CPWD-RBI-Kharghar-354-Quarters,01_Tender_NIT_Eligibility/README.md,README.md,.md,837,0.001,METADATA,0,0,0
CPWD-RBI-Kharghar-354-Quarters,01_Tender_NIT_Eligibility/01_NIT_and_Bidding_Particulars/.gitkeep,.gitkeep,,0,0.0,GITKEEP,0,0,0
CPWD-RBI-Kharghar-354-Quarters,01_Tender_NIT_Eligibility/01_NIT_and_Bidding_Particulars/01_Master_Project_Charter_and_Scope_Document.pdf,01_Master_Project_Charter_and_Scope_Document.pdf,.pdf,2509,0.002,STUB_PDF,0,1,0
CPWD-RBI-Kharghar-354-Quarters,01_Tender_NIT_Eligibility/01_NIT_and_Bidding_Particulars/NIT_ELIGIBILITY_CRITERIA.md,NIT_ELIGIBILITY_CRITERIA.md,.md,3458,0.003,SYNTH,0,0,0
CPWD-RBI-Kharghar-354-Quarters,01_Tender_NIT_PreBid/.gitkeep,.gitkeep,,0,0.0,GITKEEP,0,0,0
CPWD-RBI-Kharghar-354-Quarters,02_Cost_BOQ_Makes/.gitkeep,.gitkeep,,0,0.0,GITKEEP,0,0,0
CPWD-RBI-Kharghar-354-Quarters,02_Package1_Civil_Structural_Works/README.md,README.md,.md,1154,0.001,METADATA,0,0,0
CPWD-RBI-Kharghar-354-Quarters,02_Package1_Civil_Structural_Works/01_Tower_Configurations_Breakdown/.gitkeep,.gitkeep,,0,0.0,GITKEEP,0,0,0
CPWD-RBI-Kharghar-354-Quarters,02_Package1_Civil_Structural_Works/01_Tower_Configurations_Breakdown/03_Package1_Civil_Structural_Works_Charter.pdf,03_Package1_Civil_Structural_Works_Charter.pdf,.pdf,1755,0.002,STUB_PDF,0,1,0
CPWD-RBI-Kharghar-354-Quarters,02_Package1_Civil_Structural_Works/01_Tower_Configurations_Breakdown/TOWER_SCHEDULE.md,TOWER_SCHEDULE.md,.md,2429,0.002,SYNTH,0,0,0
CPWD-RBI-Kharghar-354-Quarters,02_Package1_Civil_Structural_Works/02_Civil_Structural_Specifications/.gitkeep,.gitkeep,,0,0.0,GITKEEP,0,0,0
CPWD-RBI-Kharghar-354-Quarters,02_Package1_Civil_Structural_Works/02_Civil_Structural_Specifications/CIVIL_SPECS.md,CIVIL_SPECS.md,.md,2299,0.002,SYNTH,0,0,0
CPWD-RBI-Kharghar-354-Quarters,03_Package2_Interior_Furniture_MEP/README.md,README.md,.md,1263,0.001,METADATA,0,0,0
CPWD-RBI-Kharghar-354-Quarters,03_Package2_Interior_Furniture_MEP/01_Interior_BOQ_Scope_Work/.gitkeep,.gitkeep,,0,0.0,GITKEEP,0,0,0
CPWD-RBI-Kharghar-354-Quarters,03_Package2_Interior_Furniture_MEP/01_Interior_BOQ_Scope_Work/02_Package2_Interior_Furniture_BOQ_Specifications.pdf,02_Package2_Interior_Furniture_BOQ_Specifications.pdf,.pdf,1910,0.002,STUB_PDF,0,1,0
CPWD-RBI-Kharghar-354-Quarters,03_Package2_Interior_Furniture_MEP/01_Interior_BOQ_Scope_Work/INTERIOR_BOQ_SCOPE.md,INTERIOR_BOQ_SCOPE.md,.md,2289,0.002,SYNTH,0,0,0
CPWD-RBI-Kharghar-354-Quarters,03_Package2_Interior_Furniture_MEP/02_Acoustics_Cladding_Finishes/.gitkeep,.gitkeep,,0,0.0,GITKEEP,0,0,0
CPWD-RBI-Kharghar-354-Quarters,03_Package2_Interior_Furniture_MEP/02_Acoustics_Cladding_Finishes/FINISHES_ACOUSTICS.md,FINISHES_ACOUSTICS.md,.md,1594,0.002,SYNTH,0,0,0
CPWD-RBI-Kharghar-354-Quarters,03_Technical_Specifications_Reports/.gitkeep,.gitkeep,,0,0.0,GITKEEP,0,0,0
CPWD-RBI-Kharghar-354-Quarters,04_Architectural_Drawings/.gitkeep,.gitkeep,,0,0.0,GITKEEP,0,0,0
CPWD-RBI-Kharghar-354-Quarters,04_Package3_Electrical_Substation_Solar_EV/README.md,README.md,.md,1334,0.001,METADATA,0,0,0
CPWD-RBI-Kharghar-354-Quarters,04_Package3_Electrical_Substation_Solar_EV/01_Substation_Distribution_Network/.gitkeep,.gitkeep,,0,0.0,GITKEEP,0,0,0
CPWD-RBI-Kharghar-354-Quarters,04_Package3_Electrical_Substation_Solar_EV/01_Substation_Distribution_Network/04_Package3_Electrical_Substation_Solar_EV.pdf,04_Package3_Electrical_Substation_Solar_EV.pdf,.pdf,1653,0.002,STUB_PDF,0,1,0
CPWD-RBI-Kharghar-354-Quarters,04_Package3_Electrical_Substation_Solar_EV/01_Substation_Distribution_Network/ELECTRICAL_DISTRIBUTION.md,ELECTRICAL_DISTRIBUTION.md,.md,1234,0.001,SYNTH,0,0,0
CPWD-RBI-Kharghar-354-Quarters,04_Package3_Electrical_Substation_Solar_EV/02_Solar_PV_and_EV_Charging_Infrastructure/.gitkeep,.gitkeep,,0,0.0,GITKEEP,0,0,0
CPWD-RBI-Kharghar-354-Quarters,04_Package3_Electrical_Substation_Solar_EV/02_Solar_PV_and_EV_Charging_Infrastructure/SOLAR_EV_CHARGING.md,SOLAR_EV_CHARGING.md,.md,1868,0.002,SYNTH,0,0,0
CPWD-RBI-Kharghar-354-Quarters,05_Hostel_Academic_Block_Amenities/README.md,README.md,.md,1359,0.001,METADATA,0,0,0
CPWD-RBI-Kharghar-354-Quarters,05_Hostel_Academic_Block_Amenities/01_ZTC_Hostel_and_Academic_Block/.gitkeep,.gitkeep,,0,0.0,GITKEEP,0,0,0
CPWD-RBI-Kharghar-354-Quarters,05_Hostel_Academic_Block_Amenities/01_ZTC_Hostel_and_Academic_Block/07_Institutional_ZTC_Hostel_Academic_Block.pdf,07_Institutional_ZTC_Hostel_Academic_Block.pdf,.pdf,1723,0.002,STUB_PDF,0,1,0
CPWD-RBI-Kharghar-354-Quarters,05_Hostel_Academic_Block_Amenities/01_ZTC_Hostel_and_Academic_Block/HOSTEL_ACADEMIC_FACILITIES.md,HOSTEL_ACADEMIC_FACILITIES.md,.md,1376,0.001,SYNTH,0,0,0
CPWD-RBI-Kharghar-354-Quarters,05_Hostel_Academic_Block_Amenities/02_Clubhouse_Pool_Commercial_Facilities/.gitkeep,.gitkeep,,0,0.0,GITKEEP,0,0,0
CPWD-RBI-Kharghar-354-Quarters,05_Hostel_Academic_Block_Amenities/02_Clubhouse_Pool_Commercial_Facilities/CLUBHOUSE_FACILITIES.md,CLUBHOUSE_FACILITIES.md,.md,1179,0.001,SYNTH,0,0,0
CPWD-RBI-Kharghar-354-Quarters,05_Structural_Drawings/.gitkeep,.gitkeep,,0,0.0,GITKEEP,0,0,0
CPWD-RBI-Kharghar-354-Quarters,06_MEP_Services/.gitkeep,.gitkeep,,0,0.0,GITKEEP,0,0,0
CPWD-RBI-Kharghar-354-Quarters,06_Podium_Landscaping_Sports_Infrastructure/README.md,README.md,.md,1345,0.001,METADATA,0,0,0
CPWD-RBI-Kharghar-354-Quarters,06_Podium_Landscaping_Sports_Infrastructure/01_Podium_Material_Plan_Tower_I/.gitkeep,.gitkeep,,0,0.0,GITKEEP,0,0,0
CPWD-RBI-Kharghar-354-Quarters,06_Podium_Landscaping_Sports_Infrastructure/01_Podium_Material_Plan_Tower_I/05_Podium_Material_Plan_Tower_I_Specification.pdf,05_Podium_Material_Plan_Tower_I_Specification.pdf,.pdf,1708,0.002,STUB_PDF,0,1,0
CPWD-RBI-Kharghar-354-Quarters,06_Podium_Landscaping_Sports_Infrastructure/01_Podium_Material_Plan_Tower_I/PODIUM_MATERIAL_LEGEND.md,PODIUM_MATERIAL_LEGEND.md,.md,4935,0.005,SYNTH,0,0,0
CPWD-RBI-Kharghar-354-Quarters,06_Podium_Landscaping_Sports_Infrastructure/02_Recreational_Amenities_Schedule/.gitkeep,.gitkeep,,0,0.0,GITKEEP,0,0,0
CPWD-RBI-Kharghar-354-Quarters,06_Podium_Landscaping_Sports_Infrastructure/02_Recreational_Amenities_Schedule/06_Recreational_Amenities_Sports_Master_Plan.pdf,06_Recreational_Amenities_Sports_Master_Plan.pdf,.pdf,1855,0.002,STUB_PDF,0,1,0
CPWD-RBI-Kharghar-354-Quarters,07_Landscape_Infrastructure/.gitkeep,.gitkeep,,0,0.0,GITKEEP,0,0,0
CPWD-RBI-Kharghar-354-Quarters,07_Procurement_Access_Portal_Protocols/README.md,README.md,.md,960,0.001,METADATA,0,0,0
CPWD-RBI-Kharghar-354-Quarters,07_Procurement_Access_Portal_Protocols/01_CPWD_eTender_and_Central_Portal/.gitkeep,.gitkeep,,0,0.0,GITKEEP,0,0,0
CPWD-RBI-Kharghar-354-Quarters,07_Procurement_Access_Portal_Protocols/01_CPWD_eTender_and_Central_Portal/CPWD_PORTAL_GUIDE.md,CPWD_PORTAL_GUIDE.md,.md,1076,0.001,SYNTH,0,0,0
CPWD-RBI-Kharghar-354-Quarters,07_Procurement_Access_Portal_Protocols/02_Physical_Office_Drawing_Access/.gitkeep,.gitkeep,,0,0.0,GITKEEP,0,0,0
CPWD-RBI-Kharghar-354-Quarters,07_Procurement_Access_Portal_Protocols/02_Physical_Office_Drawing_Access/DRAWING_OFFICE_ACCESS.md,DRAWING_OFFICE_ACCESS.md,.md,1714,0.002,SYNTH,0,0,0
CPWD-RBI-Kharghar-354-Quarters,08_Execution_Actuals/.gitkeep,.gitkeep,,0,0.0,GITKEEP,0,0,0
CPWD-RBI-Kharghar-354-Quarters,99_Unverified_or_Related_References/.gitkeep,.gitkeep,,0,0.0,GITKEEP,0,0,0
CPWD-RBI-Kharghar-354-Quarters,99_Unverified_or_Related_References/01_Master_Project_Charter_and_Scope_Document.pdf,01_Master_Project_Charter_and_Scope_Document.pdf,.pdf,2509,0.002,STUB_PDF,0,1,0
CPWD-RBI-Kharghar-354-Quarters,99_Unverified_or_Related_References/02_Package2_Interior_Furniture_BOQ_Specifications.pdf,02_Package2_Interior_Furniture_BOQ_Specifications.pdf,.pdf,1910,0.002,STUB_PDF,0,1,0
CPWD-RBI-Kharghar-354-Quarters,99_Unverified_or_Related_References/03_Package1_Civil_Structural_Works_Charter.pdf,03_Package1_Civil_Structural_Works_Charter.pdf,.pdf,1755,0.002,STUB_PDF,0,1,0
CPWD-RBI-Kharghar-354-Quarters,99_Unverified_or_Related_References/04_Package3_Electrical_Substation_Solar_EV.pdf,04_Package3_Electrical_Substation_Solar_EV.pdf,.pdf,1653,0.002,STUB_PDF,0,1,0
CPWD-RBI-Kharghar-354-Quarters,99_Unverified_or_Related_References/05_Podium_Material_Plan_Tower_I_Specification.pdf,05_Podium_Material_Plan_Tower_I_Specification.pdf,.pdf,1708,0.002,STUB_PDF,0,1,0
CPWD-RBI-Kharghar-354-Quarters,99_Unverified_or_Related_References/06_Recreational_Amenities_Sports_Master_Plan.pdf,06_Recreational_Amenities_Sports_Master_Plan.pdf,.pdf,1855,0.002,STUB_PDF,0,1,0
CPWD-RBI-Kharghar-354-Quarters,99_Unverified_or_Related_References/07_Institutional_ZTC_Hostel_Academic_Block.pdf,07_Institutional_ZTC_Hostel_Academic_Block.pdf,.pdf,1723,0.002,STUB_PDF,0,1,0
CPWD-RBI-Kharghar-354-Quarters,scripts/.gitkeep,.gitkeep,,0,0.0,GITKEEP,0,0,0
CPWD-RBI-Kharghar-354-Quarters,scripts/download_all.ps1,download_all.ps1,.ps1,1245,0.001,SCRIPT,0,0,0
CPWD-RBI-Kharghar-354-Quarters,scripts/download_all.py,download_all.py,.py,1583,0.002,SCRIPT,0,0,0
CPWD-RBI-Kharghar-354-Quarters,scripts/download_core.ps1,download_core.ps1,.ps1,852,0.001,SCRIPT,0,0,0
CPWD-RBI-Kharghar-354-Quarters,scripts/download_core.py,download_core.py,.py,1670,0.002,SCRIPT,0,0,0
DFCCIL-Jaipur-Staff-Quarters,file_manifest.csv,file_manifest.csv,.csv,4989,0.005,METADATA,0,0,0
DFCCIL-Jaipur-Staff-Quarters,file_manifest.json,file_manifest.json,.json,4167,0.004,METADATA,0,0,0
DFCCIL-Jaipur-Staff-Quarters,README.md,README.md,.md,3396,0.003,METADATA,0,0,0
DFCCIL-Jaipur-Staff-Quarters,00_Core_Intelligence_Dataset/.gitkeep,.gitkeep,,0,0.0,GITKEEP,0,0,0
DFCCIL-Jaipur-Staff-Quarters,00_Core_Intelligence_Dataset/README.md,README.md,.md,4267,0.004,METADATA,0,0,0
DFCCIL-Jaipur-Staff-Quarters,00_Core_Intelligence_Dataset/Tender_document_12_07_M359.pdf,Tender_document_12_07_M359.pdf,.pdf,2117534,2.019,CAT1_TENDER,1,0,0
DFCCIL-Jaipur-Staff-Quarters,00_Core_Intelligence_Dataset/Tender_document_JP_EN_ZIHU.pdf,Tender_document_JP_EN_ZIHU.pdf,.pdf,2424570,2.312,CAT1_TENDER,1,0,0
DFCCIL-Jaipur-Staff-Quarters,01_Tender_NIT_Eligibility/README.md,README.md,.md,1024,0.001,METADATA,0,0,0
DFCCIL-Jaipur-Staff-Quarters,01_Tender_NIT_Eligibility/01_July_2024_Master_Tender_Doc/.gitkeep,.gitkeep,,0,0.0,GITKEEP,0,0,0
DFCCIL-Jaipur-Staff-Quarters,01_Tender_NIT_Eligibility/01_July_2024_Master_Tender_Doc/Tender_document_12_07_M359.pdf,Tender_document_12_07_M359.pdf,.pdf,2117534,2.019,CAT1_TENDER,1,0,0
DFCCIL-Jaipur-Staff-Quarters,01_Tender_NIT_Eligibility/02_Dec_2023_Earlier_Tender_Doc/.gitkeep,.gitkeep,,0,0.0,GITKEEP,0,0,0
DFCCIL-Jaipur-Staff-Quarters,01_Tender_NIT_Eligibility/02_Dec_2023_Earlier_Tender_Doc/Tender_document_JP_EN_ZIHU.pdf,Tender_document_JP_EN_ZIHU.pdf,.pdf,2424570,2.312,CAT1_TENDER,1,0,0
DFCCIL-Jaipur-Staff-Quarters,01_Tender_NIT_Eligibility/03_Eligibility_and_Preamble/.gitkeep,.gitkeep,,0,0.0,GITKEEP,0,0,0
DFCCIL-Jaipur-Staff-Quarters,01_Tender_NIT_Eligibility/03_Eligibility_and_Preamble/01_Master_Project_Charter_Scope.pdf,01_Master_Project_Charter_Scope.pdf,.pdf,1687,0.002,STUB_PDF,0,1,0
DFCCIL-Jaipur-Staff-Quarters,01_Tender_NIT_Eligibility/03_Eligibility_and_Preamble/ELIGIBILITY_AND_INSTRUCTIONS.md,ELIGIBILITY_AND_INSTRUCTIONS.md,.md,2254,0.002,SYNTH,0,0,0
DFCCIL-Jaipur-Staff-Quarters,01_Tender_NIT_PreBid/.gitkeep,.gitkeep,,0,0.0,GITKEEP,0,0,0
DFCCIL-Jaipur-Staff-Quarters,02_Cost_BOQ_Makes/.gitkeep,.gitkeep,,0,0.0,GITKEEP,0,0,0
DFCCIL-Jaipur-Staff-Quarters,02_Station_Wise_Quarters_Allocation/README.md,README.md,.md,710,0.001,METADATA,0,0,0
DFCCIL-Jaipur-Staff-Quarters,02_Station_Wise_Quarters_Allocation/01_Seven_Stations_Deployment_Schedule/.gitkeep,.gitkeep,,0,0.0,GITKEEP,0,0,0
DFCCIL-Jaipur-Staff-Quarters,02_Station_Wise_Quarters_Allocation/01_Seven_Stations_Deployment_Schedule/02_Station_Wise_Quarters_Allocation.pdf,02_Station_Wise_Quarters_Allocation.pdf,.pdf,1697,0.002,STUB_PDF,0,1,0
DFCCIL-Jaipur-Staff-Quarters,02_Station_Wise_Quarters_Allocation/01_Seven_Stations_Deployment_Schedule/STATIONS_DEPLOYMENT.md,STATIONS_DEPLOYMENT.md,.md,1930,0.002,SYNTH,0,0,0
DFCCIL-Jaipur-Staff-Quarters,03_FLN_Station_Service_Building_Extension/README.md,README.md,.md,761,0.001,METADATA,0,0,0
DFCCIL-Jaipur-Staff-Quarters,03_FLN_Station_Service_Building_Extension/01_Structural_Retrofitting_and_Vertical_Expansion/.gitkeep,.gitkeep,,0,0.0,GITKEEP,0,0,0
DFCCIL-Jaipur-Staff-Quarters,03_FLN_Station_Service_Building_Extension/01_Structural_Retrofitting_and_Vertical_Expansion/03_FLN_Service_Building_Vertical_Extension.pdf,03_FLN_Service_Building_Vertical_Extension.pdf,.pdf,1489,0.001,STUB_PDF,0,1,0
DFCCIL-Jaipur-Staff-Quarters,03_FLN_Station_Service_Building_Extension/01_Structural_Retrofitting_and_Vertical_Expansion/FLN_EXTENSION_SCOPE.md,FLN_EXTENSION_SCOPE.md,.md,1639,0.002,SYNTH,0,0,0
DFCCIL-Jaipur-Staff-Quarters,03_Technical_Specifications_Reports/.gitkeep,.gitkeep,,0,0.0,GITKEEP,0,0,0
DFCCIL-Jaipur-Staff-Quarters,04_Architectural_Drawings/.gitkeep,.gitkeep,,0,0.0,GITKEEP,0,0,0
DFCCIL-Jaipur-Staff-Quarters,04_Technical_Specifications_and_Vetting/README.md,README.md,.md,734,0.001,METADATA,0,0,0
DFCCIL-Jaipur-Staff-Quarters,04_Technical_Specifications_and_Vetting/01_Civil_Structural_Specifications/.gitkeep,.gitkeep,,0,0.0,GITKEEP,0,0,0
DFCCIL-Jaipur-Staff-Quarters,04_Technical_Specifications_and_Vetting/01_Civil_Structural_Specifications/04_Civil_Structural_Design_Vetting_Protocol.pdf,04_Civil_Structural_Design_Vetting_Protocol.pdf,.pdf,1641,0.002,STUB_PDF,0,1,0
DFCCIL-Jaipur-Staff-Quarters,04_Technical_Specifications_and_Vetting/01_Civil_Structural_Specifications/07_General_Special_Conditions_Contract.pdf,07_General_Special_Conditions_Contract.pdf,.pdf,1580,0.002,STUB_PDF,0,1,0
DFCCIL-Jaipur-Staff-Quarters,04_Technical_Specifications_and_Vetting/01_Civil_Structural_Specifications/TECHNICAL_SPECIFICATIONS.md,TECHNICAL_SPECIFICATIONS.md,.md,2451,0.002,SYNTH,0,0,0
DFCCIL-Jaipur-Staff-Quarters,05_Cost_BOQ_Schedules_and_Milestones/README.md,README.md,.md,889,0.001,METADATA,0,0,0
DFCCIL-Jaipur-Staff-Quarters,05_Cost_BOQ_Schedules_and_Milestones/01_BOQ_Form_No_1_Pricing/.gitkeep,.gitkeep,,0,0.0,GITKEEP,0,0,0
DFCCIL-Jaipur-Staff-Quarters,05_Cost_BOQ_Schedules_and_Milestones/01_BOQ_Form_No_1_Pricing/05_BOQ_Rate_Analysis_Schedule.pdf,05_BOQ_Rate_Analysis_Schedule.pdf,.pdf,1805,0.002,STUB_PDF,0,1,0
DFCCIL-Jaipur-Staff-Quarters,05_Cost_BOQ_Schedules_and_Milestones/01_BOQ_Form_No_1_Pricing/BOQ_FORM1_SUMMARY.md,BOQ_FORM1_SUMMARY.md,.md,1959,0.002,SYNTH,0,0,0
DFCCIL-Jaipur-Staff-Quarters,05_Cost_BOQ_Schedules_and_Milestones/02_Fifteen_Months_Milestone_Schedule/.gitkeep,.gitkeep,,0,0.0,GITKEEP,0,0,0
DFCCIL-Jaipur-Staff-Quarters,05_Cost_BOQ_Schedules_and_Milestones/02_Fifteen_Months_Milestone_Schedule/06_Milestone_Schedule_15_Months.pdf,06_Milestone_Schedule_15_Months.pdf,.pdf,1761,0.002,STUB_PDF,0,1,0
DFCCIL-Jaipur-Staff-Quarters,05_Cost_BOQ_Schedules_and_Milestones/02_Fifteen_Months_Milestone_Schedule/TIME_SCHEDULE_MILESTONES.md,TIME_SCHEDULE_MILESTONES.md,.md,1364,0.001,SYNTH,0,0,0
DFCCIL-Jaipur-Staff-Quarters,05_Structural_Drawings/.gitkeep,.gitkeep,,0,0.0,GITKEEP,0,0,0
DFCCIL-Jaipur-Staff-Quarters,06_Drawings_and_Geotech_Investigation/README.md,README.md,.md,474,0.0,METADATA,0,0,0
DFCCIL-Jaipur-Staff-Quarters,06_Drawings_and_Geotech_Investigation/01_Indicative_Architectural_Drawings/.gitkeep,.gitkeep,,0,0.0,GITKEEP,0,0,0
DFCCIL-Jaipur-Staff-Quarters,06_Drawings_and_Geotech_Investigation/01_Indicative_Architectural_Drawings/DRAWINGS_AND_GEOTECH_MANDATE.md,DRAWINGS_AND_GEOTECH_MANDATE.md,.md,1324,0.001,SYNTH,0,0,0
DFCCIL-Jaipur-Staff-Quarters,06_MEP_Services/.gitkeep,.gitkeep,,0,0.0,GITKEEP,0,0,0
DFCCIL-Jaipur-Staff-Quarters,07_IREPS_and_Procurement_Access/README.md,README.md,.md,710,0.001,METADATA,0,0,0
DFCCIL-Jaipur-Staff-Quarters,07_IREPS_and_Procurement_Access/01_IREPS_Portal_Guide/.gitkeep,.gitkeep,,0,0.0,GITKEEP,0,0,0
DFCCIL-Jaipur-Staff-Quarters,07_IREPS_and_Procurement_Access/01_IREPS_Portal_Guide/IREPS_PORTAL_GUIDE.md,IREPS_PORTAL_GUIDE.md,.md,1060,0.001,SYNTH,0,0,0
DFCCIL-Jaipur-Staff-Quarters,07_IREPS_and_Procurement_Access/02_Jaipur_Division_Office_Access/.gitkeep,.gitkeep,,0,0.0,GITKEEP,0,0,0
DFCCIL-Jaipur-Staff-Quarters,07_IREPS_and_Procurement_Access/02_Jaipur_Division_Office_Access/JAIPUR_OFFICE_COORDINATES.md,JAIPUR_OFFICE_COORDINATES.md,.md,1019,0.001,SYNTH,0,0,0
DFCCIL-Jaipur-Staff-Quarters,07_Landscape_Infrastructure/.gitkeep,.gitkeep,,0,0.0,GITKEEP,0,0,0
DFCCIL-Jaipur-Staff-Quarters,08_Execution_Actuals/.gitkeep,.gitkeep,,0,0.0,GITKEEP,0,0,0
DFCCIL-Jaipur-Staff-Quarters,99_Unverified_or_Related_References/.gitkeep,.gitkeep,,0,0.0,GITKEEP,0,0,0
DFCCIL-Jaipur-Staff-Quarters,99_Unverified_or_Related_References/01_Master_Project_Charter_Scope.pdf,01_Master_Project_Charter_Scope.pdf,.pdf,1687,0.002,STUB_PDF,0,1,0
DFCCIL-Jaipur-Staff-Quarters,99_Unverified_or_Related_References/02_Station_Wise_Quarters_Allocation.pdf,02_Station_Wise_Quarters_Allocation.pdf,.pdf,1697,0.002,STUB_PDF,0,1,0
DFCCIL-Jaipur-Staff-Quarters,99_Unverified_or_Related_References/03_FLN_Service_Building_Vertical_Extension.pdf,03_FLN_Service_Building_Vertical_Extension.pdf,.pdf,1489,0.001,STUB_PDF,0,1,0
DFCCIL-Jaipur-Staff-Quarters,99_Unverified_or_Related_References/04_Civil_Structural_Design_Vetting_Protocol.pdf,04_Civil_Structural_Design_Vetting_Protocol.pdf,.pdf,1641,0.002,STUB_PDF,0,1,0
DFCCIL-Jaipur-Staff-Quarters,99_Unverified_or_Related_References/05_BOQ_Rate_Analysis_Schedule.pdf,05_BOQ_Rate_Analysis_Schedule.pdf,.pdf,1805,0.002,STUB_PDF,0,1,0
DFCCIL-Jaipur-Staff-Quarters,99_Unverified_or_Related_References/06_Milestone_Schedule_15_Months.pdf,06_Milestone_Schedule_15_Months.pdf,.pdf,1761,0.002,STUB_PDF,0,1,0
DFCCIL-Jaipur-Staff-Quarters,99_Unverified_or_Related_References/07_General_Special_Conditions_Contract.pdf,07_General_Special_Conditions_Contract.pdf,.pdf,1580,0.002,STUB_PDF,0,1,0
DFCCIL-Jaipur-Staff-Quarters,scripts/.gitkeep,.gitkeep,,0,0.0,GITKEEP,0,0,0
DFCCIL-Jaipur-Staff-Quarters,scripts/download_all.ps1,download_all.ps1,.ps1,1215,0.001,SCRIPT,0,0,0
DFCCIL-Jaipur-Staff-Quarters,scripts/download_all.py,download_all.py,.py,1433,0.001,SCRIPT,0,0,0
DFCCIL-Jaipur-Staff-Quarters,scripts/download_core.ps1,download_core.ps1,.ps1,818,0.001,SCRIPT,0,0,0
DFCCIL-Jaipur-Staff-Quarters,scripts/download_core.py,download_core.py,.py,961,0.001,SCRIPT,0,0,0
DFCCIL-Sarmatanr-Larabad-Koderma-Quarters,file_manifest.csv,file_manifest.csv,.csv,14812,0.014,METADATA,0,0,0
DFCCIL-Sarmatanr-Larabad-Koderma-Quarters,README.md,README.md,.md,3410,0.003,METADATA,0,0,0
DFCCIL-Sarmatanr-Larabad-Koderma-Quarters,00_Core_Intelligence_Dataset/NIT_for_KKK_EN_QTR_DHN_I_PH_I_I4PB.pdf,NIT_for_KKK_EN_QTR_DHN_I_PH_I_I4PB.pdf,.pdf,489940,0.467,CAT1_TENDER,1,0,0
DFCCIL-Sarmatanr-Larabad-Koderma-Quarters,00_Core_Intelligence_Dataset/Project_Executive_Summary_and_Data_Extraction.md,Project_Executive_Summary_and_Data_Extraction.md,.md,4592,0.004,SYNTH,0,0,0
DFCCIL-Sarmatanr-Larabad-Koderma-Quarters,00_Core_Intelligence_Dataset/Tender_document_DHN_I_ZDV9.pdf,Tender_document_DHN_I_ZDV9.pdf,.pdf,2478165,2.363,CAT1_TENDER,1,0,0
DFCCIL-Sarmatanr-Larabad-Koderma-Quarters,00_Core_Intelligence_Dataset/Tender_Document_Quarter_KQR_HZB_RJ3Y.pdf,Tender_Document_Quarter_KQR_HZB_RJ3Y.pdf,.pdf,3330847,3.177,CAT1_TENDER,1,0,0
DFCCIL-Sarmatanr-Larabad-Koderma-Quarters,01_Tender_NIT_PreBid/NIT_for_KKK_EN_QTR_DHN_I_PH_I_I4PB.pdf,NIT_for_KKK_EN_QTR_DHN_I_PH_I_I4PB.pdf,.pdf,489940,0.467,CAT1_TENDER,1,0,0
DFCCIL-Sarmatanr-Larabad-Koderma-Quarters,01_Tender_NIT_PreBid/Tender_document_DHN_I_ZDV9.pdf,Tender_document_DHN_I_ZDV9.pdf,.pdf,2478165,2.363,CAT1_TENDER,1,0,0
DFCCIL-Sarmatanr-Larabad-Koderma-Quarters,01_Tender_NIT_PreBid/Tender_Document_Quarter_KQR_HZB_RJ3Y.pdf,Tender_Document_Quarter_KQR_HZB_RJ3Y.pdf,.pdf,3330847,3.177,CAT1_TENDER,1,0,0
DFCCIL-Sarmatanr-Larabad-Koderma-Quarters,01_Tender_NIT_PreBid/Tender_NIT_Key_Terms_and_Submission_Schedule.md,Tender_NIT_Key_Terms_and_Submission_Schedule.md,.md,2309,0.002,SYNTH,0,0,0
DFCCIL-Sarmatanr-Larabad-Koderma-Quarters,02_Cost_BOQ_Makes/Approved_Makes_and_Railway_Specifications_Directory.md,Approved_Makes_and_Railway_Specifications_Directory.md,.md,1819,0.002,SYNTH,0,0,0
DFCCIL-Sarmatanr-Larabad-Koderma-Quarters,02_Cost_BOQ_Makes/Detailed_BOQ_Cost_Abstract_and_Schedule_of_Prices.md,Detailed_BOQ_Cost_Abstract_and_Schedule_of_Prices.md,.md,2418,0.002,SYNTH,0,0,0
DFCCIL-Sarmatanr-Larabad-Koderma-Quarters,02_Cost_BOQ_Makes/NIT_for_KKK_EN_QTR_DHN_I_PH_I_I4PB.pdf,NIT_for_KKK_EN_QTR_DHN_I_PH_I_I4PB.pdf,.pdf,489940,0.467,CAT4_BOQ,1,0,0
DFCCIL-Sarmatanr-Larabad-Koderma-Quarters,02_Cost_BOQ_Makes/Tender_Document_Quarter_KQR_HZB_RJ3Y.pdf,Tender_Document_Quarter_KQR_HZB_RJ3Y.pdf,.pdf,3330847,3.177,CAT4_BOQ,1,0,0
DFCCIL-Sarmatanr-Larabad-Koderma-Quarters,03_Technical_Specifications_Reports/Technical_Specifications_and_Track_Proximity_Charter.md,Technical_Specifications_and_Track_Proximity_Charter.md,.md,1932,0.002,SYNTH,0,0,0
DFCCIL-Sarmatanr-Larabad-Koderma-Quarters,03_Technical_Specifications_Reports/Tender_Document_Quarter_KQR_HZB_RJ3Y.pdf,Tender_Document_Quarter_KQR_HZB_RJ3Y.pdf,.pdf,3330847,3.177,CAT5_SPECS,1,0,0
DFCCIL-Sarmatanr-Larabad-Koderma-Quarters,04_Architectural_Drawings/Architectural_Design_Basis_and_Drawing_Registry.md,Architectural_Design_Basis_and_Drawing_Registry.md,.md,2164,0.002,SYNTH,0,0,0
DFCCIL-Sarmatanr-Larabad-Koderma-Quarters,04_Architectural_Drawings/Tender_Document_Quarter_KQR_HZB_RJ3Y.pdf,Tender_Document_Quarter_KQR_HZB_RJ3Y.pdf,.pdf,3330847,3.177,CAT2_ARCH_DRAWING,1,0,0
DFCCIL-Sarmatanr-Larabad-Koderma-Quarters,05_Structural_Drawings/Structural_Design_Basis_and_Engineering_Notes.md,Structural_Design_Basis_and_Engineering_Notes.md,.md,1563,0.001,SYNTH,0,0,0
DFCCIL-Sarmatanr-Larabad-Koderma-Quarters,05_Structural_Drawings/Tender_Document_Quarter_KQR_HZB_RJ3Y.pdf,Tender_Document_Quarter_KQR_HZB_RJ3Y.pdf,.pdf,3330847,3.177,CAT3_STRUCT_DRAWING,1,0,0
DFCCIL-Sarmatanr-Larabad-Koderma-Quarters,06_MEP_Services/MEP_Engineering_Specifications_and_Deep_Boring_Charter.md,MEP_Engineering_Specifications_and_Deep_Boring_Charter.md,.md,1380,0.001,SYNTH,0,0,0
DFCCIL-Sarmatanr-Larabad-Koderma-Quarters,06_MEP_Services/NIT_for_KKK_EN_QTR_DHN_I_PH_I_I4PB.pdf,NIT_for_KKK_EN_QTR_DHN_I_PH_I_I4PB.pdf,.pdf,489940,0.467,CAT8_MEP,1,0,0
DFCCIL-Sarmatanr-Larabad-Koderma-Quarters,06_MEP_Services/Tender_Document_Quarter_KQR_HZB_RJ3Y.pdf,Tender_Document_Quarter_KQR_HZB_RJ3Y.pdf,.pdf,3330847,3.177,CAT8_MEP,1,0,0
DFCCIL-Sarmatanr-Larabad-Koderma-Quarters,07_Landscape_Infrastructure/NIT_for_KKK_EN_QTR_DHN_I_PH_I_I4PB.pdf,NIT_for_KKK_EN_QTR_DHN_I_PH_I_I4PB.pdf,.pdf,489940,0.467,CAT1_TENDER,1,0,0
DFCCIL-Sarmatanr-Larabad-Koderma-Quarters,07_Landscape_Infrastructure/Site_Development_and_External_Infrastructure_Schedule.md,Site_Development_and_External_Infrastructure_Schedule.md,.md,989,0.001,SYNTH,0,0,0
DFCCIL-Sarmatanr-Larabad-Koderma-Quarters,08_Execution_Actuals/Tender_document_DHN_I_ZDV9.pdf,Tender_document_DHN_I_ZDV9.pdf,.pdf,2478165,2.363,CAT1_TENDER,1,0,0
DFCCIL-Sarmatanr-Larabad-Koderma-Quarters,08_Execution_Actuals/Tender_Milestones_and_Balance_Work_Charter.md,Tender_Milestones_and_Balance_Work_Charter.md,.md,1165,0.001,SYNTH,0,0,0
DFCCIL-Sarmatanr-Larabad-Koderma-Quarters,99_Unverified_or_Related_References/Tender_document_dhn_ddu_3EW4.pdf,Tender_document_dhn_ddu_3EW4.pdf,.pdf,1531365,1.46,CAT1_TENDER,1,0,0
DFCCIL-Sarmatanr-Larabad-Koderma-Quarters,99_Unverified_or_Related_References/Tender_document_QTR_14_ZCW3.pdf,Tender_document_QTR_14_ZCW3.pdf,.pdf,2582278,2.463,CAT1_TENDER,1,0,0
EPI-Dhenkanal-ICDS-Staff-Quarters,file_manifest.csv,file_manifest.csv,.csv,9661,0.009,METADATA,0,0,0
EPI-Dhenkanal-ICDS-Staff-Quarters,README.md,README.md,.md,3226,0.003,METADATA,0,0,0
EPI-Dhenkanal-ICDS-Staff-Quarters,00_Core_Intelligence_Dataset/Award_Summary_Biswas_Engineering.md,Award_Summary_Biswas_Engineering.md,.md,767,0.001,SYNTH,0,0,0
EPI-Dhenkanal-ICDS-Staff-Quarters,00_Core_Intelligence_Dataset/NITdated250927.pdf,NITdated250927.pdf,.pdf,459317,0.438,CAT1_TENDER,1,0,0
EPI-Dhenkanal-ICDS-Staff-Quarters,00_Core_Intelligence_Dataset/Volume1.pdf,Volume1.pdf,.pdf,18213831,17.37,CAT1_TENDER,1,0,1
EPI-Dhenkanal-ICDS-Staff-Quarters,00_Core_Intelligence_Dataset/volume2.pdf,volume2.pdf,.pdf,689340,0.657,CAT1_TENDER,1,0,0
EPI-Dhenkanal-ICDS-Staff-Quarters,00_Core_Intelligence_Dataset/Volume3.pdf,Volume3.pdf,.pdf,426014,0.406,CAT1_TENDER,1,0,0
EPI-Dhenkanal-ICDS-Staff-Quarters,01_Tender_NIT_PreBid/NITdated250927.pdf,NITdated250927.pdf,.pdf,459317,0.438,CAT1_TENDER,1,0,0
EPI-Dhenkanal-ICDS-Staff-Quarters,01_Tender_NIT_PreBid/Volume1.pdf,Volume1.pdf,.pdf,18213831,17.37,CAT1_TENDER,1,0,1
EPI-Dhenkanal-ICDS-Staff-Quarters,01_Tender_NIT_PreBid/volume2.pdf,volume2.pdf,.pdf,689340,0.657,CAT1_TENDER,1,0,0
EPI-Dhenkanal-ICDS-Staff-Quarters,01_Tender_NIT_PreBid/Volume3.pdf,Volume3.pdf,.pdf,426014,0.406,CAT1_TENDER,1,0,0
EPI-Dhenkanal-ICDS-Staff-Quarters,02_Cost_BOQ_Makes/Volume3.pdf,Volume3.pdf,.pdf,426014,0.406,CAT4_BOQ,1,0,0
EPI-Dhenkanal-ICDS-Staff-Quarters,03_Technical_Specifications_Reports/volume02.pdf,volume02.pdf,.pdf,21720220,20.714,CAT5_SPECS,1,0,1
EPI-Dhenkanal-ICDS-Staff-Quarters,03_Technical_Specifications_Reports/volume2.pdf,volume2.pdf,.pdf,689340,0.657,CAT5_SPECS,1,0,0
EPI-Dhenkanal-ICDS-Staff-Quarters,04_Architectural_Drawings/volume2.pdf,volume2.pdf,.pdf,689340,0.657,CAT2_ARCH_DRAWING,1,0,0
EPI-Dhenkanal-ICDS-Staff-Quarters,05_Structural_Drawings/volume2.pdf,volume2.pdf,.pdf,689340,0.657,CAT3_STRUCT_DRAWING,1,0,0
EPI-Dhenkanal-ICDS-Staff-Quarters,06_MEP_Services/volume2.pdf,volume2.pdf,.pdf,689340,0.657,CAT8_MEP,1,0,0
EPI-Dhenkanal-ICDS-Staff-Quarters,07_Landscape_Infrastructure/volume2.pdf,volume2.pdf,.pdf,689340,0.657,CAT2_ARCH_DRAWING,1,0,0
EPI-Dhenkanal-ICDS-Staff-Quarters,08_Execution_Actuals/10Cr_22May2024_01_WO.pdf,10Cr_22May2024_01_WO.pdf,.pdf,303527,0.289,CAT7_SCHEDULE,1,0,0
EPI-Dhenkanal-ICDS-Staff-Quarters,08_Execution_Actuals/10Cr_23Feb2024_01_WO.pdf,10Cr_23Feb2024_01_WO.pdf,.pdf,304636,0.291,CAT7_SCHEDULE,1,0,0
EPI-Dhenkanal-ICDS-Staff-Quarters,08_Execution_Actuals/10Cr_24Apr2024_01_WO.pdf,10Cr_24Apr2024_01_WO.pdf,.pdf,305572,0.291,CAT7_SCHEDULE,1,0,0
EPI-Dhenkanal-ICDS-Staff-Quarters,08_Execution_Actuals/Award_Summary_Biswas_Engineering.md,Award_Summary_Biswas_Engineering.md,.md,767,0.001,SYNTH,0,0,0
EPI-Dhenkanal-ICDS-Staff-Quarters,99_Unverified_or_Related_References/.gitkeep,.gitkeep,,0,0.0,GITKEEP,0,0,0
EPI-Trimbakeshwar-EMRS,file_manifest.csv,file_manifest.csv,.csv,4668,0.004,METADATA,0,0,0
EPI-Trimbakeshwar-EMRS,file_manifest.json,file_manifest.json,.json,8304,0.008,METADATA,0,0,0
EPI-Trimbakeshwar-EMRS,README.md,README.md,.md,3303,0.003,METADATA,0,0,0
EPI-Trimbakeshwar-EMRS,00_Core_Intelligence_Dataset/.gitkeep,.gitkeep,,0,0.0,GITKEEP,0,0,0
EPI-Trimbakeshwar-EMRS,00_Core_Intelligence_Dataset/1705477492_TenderNotice.pdf,1705477492_TenderNotice.pdf,.pdf,644444,0.615,CAT1_TENDER,1,0,0
EPI-Trimbakeshwar-EMRS,00_Core_Intelligence_Dataset/1709981684_NIT334Rev.pdf,1709981684_NIT334Rev.pdf,.pdf,26837956,25.595,CAT1_TENDER,1,0,1
EPI-Trimbakeshwar-EMRS,00_Core_Intelligence_Dataset/README.md,README.md,.md,4632,0.004,METADATA,0,0,0
EPI-Trimbakeshwar-EMRS,01_Tender_NIT_Eligibility/.gitkeep,.gitkeep,,0,0.0,GITKEEP,0,0,0
EPI-Trimbakeshwar-EMRS,01_Tender_NIT_Eligibility/Contractor_Prequalification_Checklist.md,Contractor_Prequalification_Checklist.md,.md,3084,0.003,SYNTH,0,0,0
EPI-Trimbakeshwar-EMRS,01_Tender_NIT_Eligibility/README.md,README.md,.md,1297,0.001,METADATA,0,0,0
EPI-Trimbakeshwar-EMRS,01_Tender_NIT_Eligibility/Volume_I_NIT_Notice_Inviting_Tender.md,Volume_I_NIT_Notice_Inviting_Tender.md,.md,4750,0.005,SYNTH,0,0,0
EPI-Trimbakeshwar-EMRS,01_Tender_NIT_PreBid/.gitkeep,.gitkeep,,0,0.0,GITKEEP,0,0,0
EPI-Trimbakeshwar-EMRS,02_Campus_Master_Plan_and_Building_Breakdown/.gitkeep,.gitkeep,,0,0.0,GITKEEP,0,0,0
EPI-Trimbakeshwar-EMRS,02_Campus_Master_Plan_and_Building_Breakdown/EMRS_Campus_Master_Spatial_Plan.md,EMRS_Campus_Master_Spatial_Plan.md,.md,5794,0.006,SYNTH,0,0,0
EPI-Trimbakeshwar-EMRS,02_Campus_Master_Plan_and_Building_Breakdown/README.md,README.md,.md,1889,0.002,METADATA,0,0,0
EPI-Trimbakeshwar-EMRS,02_Campus_Master_Plan_and_Building_Breakdown/Residential_Hostel_and_Quarters_Schedule.md,Residential_Hostel_and_Quarters_Schedule.md,.md,3540,0.003,SYNTH,0,0,0
EPI-Trimbakeshwar-EMRS,02_Cost_BOQ_Makes/.gitkeep,.gitkeep,,0,0.0,GITKEEP,0,0,0
EPI-Trimbakeshwar-EMRS,03_Technical_Specifications_CPWD_DSR/.gitkeep,.gitkeep,,0,0.0,GITKEEP,0,0,0
EPI-Trimbakeshwar-EMRS,03_Technical_Specifications_CPWD_DSR/Civil_Structural_Materials_Specifications.md,Civil_Structural_Materials_Specifications.md,.md,4578,0.004,SYNTH,0,0,0
EPI-Trimbakeshwar-EMRS,03_Technical_Specifications_CPWD_DSR/Quality_Assurance_and_Testing_Protocol.md,Quality_Assurance_and_Testing_Protocol.md,.md,3838,0.004,SYNTH,0,0,0
EPI-Trimbakeshwar-EMRS,03_Technical_Specifications_CPWD_DSR/README.md,README.md,.md,1471,0.001,METADATA,0,0,0
EPI-Trimbakeshwar-EMRS,03_Technical_Specifications_Reports/.gitkeep,.gitkeep,,0,0.0,GITKEEP,0,0,0
EPI-Trimbakeshwar-EMRS,04_Architectural_Drawings/.gitkeep,.gitkeep,,0,0.0,GITKEEP,0,0,0
EPI-Trimbakeshwar-EMRS,04_Cost_BOQ_and_Rate_Analysis/.gitkeep,.gitkeep,,0,0.0,GITKEEP,0,0,0
EPI-Trimbakeshwar-EMRS,04_Cost_BOQ_and_Rate_Analysis/Percentage_Rate_Bidding_Formula_Schedule.md,Percentage_Rate_Bidding_Formula_Schedule.md,.md,3535,0.003,SYNTH,0,0,0
EPI-Trimbakeshwar-EMRS,04_Cost_BOQ_and_Rate_Analysis/Project_Cost_Summary_and_Package_Breakdown.md,Project_Cost_Summary_and_Package_Breakdown.md,.md,5110,0.005,SYNTH,0,0,0
EPI-Trimbakeshwar-EMRS,04_Cost_BOQ_and_Rate_Analysis/README.md,README.md,.md,1362,0.001,METADATA,0,0,0
EPI-Trimbakeshwar-EMRS,05_MEP_and_Environmental_Services/.gitkeep,.gitkeep,,0,0.0,GITKEEP,0,0,0
EPI-Trimbakeshwar-EMRS,05_MEP_and_Environmental_Services/Electrical_Substation_and_Solar_System.md,Electrical_Substation_and_Solar_System.md,.md,3315,0.003,SYNTH,0,0,0
EPI-Trimbakeshwar-EMRS,05_MEP_and_Environmental_Services/README.md,README.md,.md,1452,0.001,METADATA,0,0,0
EPI-Trimbakeshwar-EMRS,05_MEP_and_Environmental_Services/STP_Water_Supply_and_Plumbing_Systems.md,STP_Water_Supply_and_Plumbing_Systems.md,.md,3882,0.004,SYNTH,0,0,0
EPI-Trimbakeshwar-EMRS,05_Structural_Drawings/.gitkeep,.gitkeep,,0,0.0,GITKEEP,0,0,0
EPI-Trimbakeshwar-EMRS,06_MEP_Services/.gitkeep,.gitkeep,,0,0.0,GITKEEP,0,0,0
EPI-Trimbakeshwar-EMRS,06_Procurement_Portal_and_Office_Protocols/.gitkeep,.gitkeep,,0,0.0,GITKEEP,0,0,0
EPI-Trimbakeshwar-EMRS,06_Procurement_Portal_and_Office_Protocols/CPPP_eProcure_Submission_Guidelines.md,CPPP_eProcure_Submission_Guidelines.md,.md,2951,0.003,SYNTH,0,0,0
EPI-Trimbakeshwar-EMRS,06_Procurement_Portal_and_Office_Protocols/EPI_WRO_Administrative_Contacts_and_IEM.md,EPI_WRO_Administrative_Contacts_and_IEM.md,.md,2748,0.003,SYNTH,0,0,0
EPI-Trimbakeshwar-EMRS,06_Procurement_Portal_and_Office_Protocols/README.md,README.md,.md,1371,0.001,METADATA,0,0,0
EPI-Trimbakeshwar-EMRS,07_Landscape_Infrastructure/.gitkeep,.gitkeep,,0,0.0,GITKEEP,0,0,0
EPI-Trimbakeshwar-EMRS,08_Execution_Actuals/.gitkeep,.gitkeep,,0,0.0,GITKEEP,0,0,0
EPI-Trimbakeshwar-EMRS,99_Unverified_or_Related_References/.gitkeep,.gitkeep,,0,0.0,GITKEEP,0,0,0
EPI-Trimbakeshwar-EMRS,99_Unverified_or_Related_References/01_Master_Project_Charter_and_Scope.pdf,01_Master_Project_Charter_and_Scope.pdf,.pdf,2423,0.002,STUB_PDF,0,1,0
EPI-Trimbakeshwar-EMRS,99_Unverified_or_Related_References/02_Campus_Master_Plan_and_Building_Breakdown.pdf,02_Campus_Master_Plan_and_Building_Breakdown.pdf,.pdf,2215,0.002,STUB_PDF,0,1,0
EPI-Trimbakeshwar-EMRS,99_Unverified_or_Related_References/03_Contractor_Eligibility_and_Prequalification.pdf,03_Contractor_Eligibility_and_Prequalification.pdf,.pdf,2098,0.002,STUB_PDF,0,1,0
EPI-Trimbakeshwar-EMRS,99_Unverified_or_Related_References/04_CPWD_DSR_Technical_Specifications_Standard.pdf,04_CPWD_DSR_Technical_Specifications_Standard.pdf,.pdf,2129,0.002,STUB_PDF,0,1,0
EPI-Trimbakeshwar-EMRS,99_Unverified_or_Related_References/05_BOQ_Percentage_Rate_Cost_Analysis.pdf,05_BOQ_Percentage_Rate_Cost_Analysis.pdf,.pdf,2111,0.002,STUB_PDF,0,1,0
EPI-Trimbakeshwar-EMRS,99_Unverified_or_Related_References/06_MEP_STP_Infrastructure_Engineering.pdf,06_MEP_STP_Infrastructure_Engineering.pdf,.pdf,2171,0.002,STUB_PDF,0,1,0
EPI-Trimbakeshwar-EMRS,99_Unverified_or_Related_References/07_General_Special_Conditions_of_Contract_GCC.pdf,07_General_Special_Conditions_of_Contract_GCC.pdf,.pdf,2144,0.002,STUB_PDF,0,1,0
EPI-Trimbakeshwar-EMRS,scripts/.gitkeep,.gitkeep,,0,0.0,GITKEEP,0,0,0
EPI-Trimbakeshwar-EMRS,scripts/download_all.ps1,download_all.ps1,.ps1,1676,0.002,SCRIPT,0,0,0
EPI-Trimbakeshwar-EMRS,scripts/download_all.py,download_all.py,.py,1608,0.002,SCRIPT,0,0,0
EPI-Trimbakeshwar-EMRS,scripts/download_core.ps1,download_core.ps1,.ps1,1025,0.001,SCRIPT,0,0,0
EPI-Trimbakeshwar-EMRS,scripts/download_core.py,download_core.py,.py,2404,0.002,SCRIPT,0,0,0
EPI-Trimbakeshwar-EMRS,scripts/setup_repository.py,setup_repository.py,.py,24175,0.023,SCRIPT,0,0,0
Haryana-RERA-Multi-Tower-Residential-Projects,file_manifest.csv,file_manifest.csv,.csv,12462,0.012,METADATA,0,0,0
Haryana-RERA-Multi-Tower-Residential-Projects,README.md,README.md,.md,3397,0.003,METADATA,0,0,0
Haryana-RERA-Multi-Tower-Residential-Projects,00_Core_Intelligence_Dataset/HARERA_Project_1058_Ramprastha_Edge_Towers_Form_A_H.html,HARERA_Project_1058_Ramprastha_Edge_Towers_Form_A_H.html,.html,113429,0.108,HTML_STATUTORY,0,0,0
Haryana-RERA-Multi-Tower-Residential-Projects,00_Core_Intelligence_Dataset/HARERA_Project_1411_Ansal_Fernhill_Phase_1_Form_A_H.html,HARERA_Project_1411_Ansal_Fernhill_Phase_1_Form_A_H.html,.html,84058,0.08,HTML_STATUTORY,0,0,0
Haryana-RERA-Multi-Tower-Residential-Projects,00_Core_Intelligence_Dataset/HARERA_Project_1740_Suncity_Vatsal_Valley_Form_A_H.html,HARERA_Project_1740_Suncity_Vatsal_Valley_Form_A_H.html,.html,92833,0.089,HTML_STATUTORY,0,0,0
Haryana-RERA-Multi-Tower-Residential-Projects,00_Core_Intelligence_Dataset/HARERA_Project_1861_DLF_City_Phase_I_III_Form_A_H.html,HARERA_Project_1861_DLF_City_Phase_I_III_Form_A_H.html,.html,78572,0.075,HTML_STATUTORY,0,0,0
Haryana-RERA-Multi-Tower-Residential-Projects,00_Core_Intelligence_Dataset/HARERA_Project_1868_Lion_Infradevelopers_Form_A_H.html,HARERA_Project_1868_Lion_Infradevelopers_Form_A_H.html,.html,96543,0.092,HTML_STATUTORY,0,0,0
Haryana-RERA-Multi-Tower-Residential-Projects,00_Core_Intelligence_Dataset/Haryana_RERA_Multi_Tower_Cross_Project_Compendium.md,Haryana_RERA_Multi_Tower_Cross_Project_Compendium.md,.md,5399,0.005,SYNTH,0,0,0
Haryana-RERA-Multi-Tower-Residential-Projects,01_Tender_NIT_PreBid/HARERA_Project_1058_Ramprastha_Edge_Towers_Form_A_H.html,HARERA_Project_1058_Ramprastha_Edge_Towers_Form_A_H.html,.html,113429,0.108,HTML_STATUTORY,0,0,0
Haryana-RERA-Multi-Tower-Residential-Projects,01_Tender_NIT_PreBid/HARERA_Project_1740_Suncity_Vatsal_Valley_Form_A_H.html,HARERA_Project_1740_Suncity_Vatsal_Valley_Form_A_H.html,.html,92833,0.089,HTML_STATUTORY,0,0,0
Haryana-RERA-Multi-Tower-Residential-Projects,01_Tender_NIT_PreBid/HARERA_Statutory_Framework_and_Registration_Protocols.md,HARERA_Statutory_Framework_and_Registration_Protocols.md,.md,3335,0.003,SYNTH,0,0,0
Haryana-RERA-Multi-Tower-Residential-Projects,02_Cost_BOQ_Makes/HARERA_Project_1411_Ansal_Fernhill_Phase_1_Form_A_H.html,HARERA_Project_1411_Ansal_Fernhill_Phase_1_Form_A_H.html,.html,84058,0.08,HTML_STATUTORY,0,0,0
Haryana-RERA-Multi-Tower-Residential-Projects,02_Cost_BOQ_Makes/HARERA_Project_1861_DLF_City_Phase_I_III_Form_A_H.html,HARERA_Project_1861_DLF_City_Phase_I_III_Form_A_H.html,.html,78572,0.075,HTML_STATUTORY,0,0,0
Haryana-RERA-Multi-Tower-Residential-Projects,02_Cost_BOQ_Makes/Multi_Project_Cost_Breakdown_and_Macro_Takeoff_Matrix.md,Multi_Project_Cost_Breakdown_and_Macro_Takeoff_Matrix.md,.md,2438,0.002,SYNTH,0,0,0
Haryana-RERA-Multi-Tower-Residential-Projects,03_Technical_Specifications_Reports/High_Rise_Finishes_and_Material_Specifications_Standards.md,High_Rise_Finishes_and_Material_Specifications_Standards.md,.md,2527,0.002,SYNTH,0,0,0
Haryana-RERA-Multi-Tower-Residential-Projects,04_Architectural_Drawings/Site_Master_Planning_FAR_and_Density_Guidelines.md,Site_Master_Planning_FAR_and_Density_Guidelines.md,.md,1836,0.002,SYNTH,0,0,0
Haryana-RERA-Multi-Tower-Residential-Projects,05_Structural_Drawings/Structural_Systems_and_Seismic_Zone_IV_Engineering.md,Structural_Systems_and_Seismic_Zone_IV_Engineering.md,.md,2106,0.002,SYNTH,0,0,0
Haryana-RERA-Multi-Tower-Residential-Projects,06_MEP_Services/High_Rise_MEP_Services_and_Safety_Standards.md,High_Rise_MEP_Services_and_Safety_Standards.md,.md,2030,0.002,SYNTH,0,0,0
Haryana-RERA-Multi-Tower-Residential-Projects,07_Landscape_Infrastructure/Site_Infrastructure_Clubhouse_and_External_Works.md,Site_Infrastructure_Clubhouse_and_External_Works.md,.md,1452,0.001,SYNTH,0,0,0
Haryana-RERA-Multi-Tower-Residential-Projects,08_Execution_Actuals/HARERA_Project_1058_Ramprastha_Edge_Towers_Form_A_H.html,HARERA_Project_1058_Ramprastha_Edge_Towers_Form_A_H.html,.html,113429,0.108,HTML_STATUTORY,0,0,0
Haryana-RERA-Multi-Tower-Residential-Projects,08_Execution_Actuals/HARERA_Project_1868_Lion_Infradevelopers_Form_A_H.html,HARERA_Project_1868_Lion_Infradevelopers_Form_A_H.html,.html,96543,0.092,HTML_STATUTORY,0,0,0
Haryana-RERA-Multi-Tower-Residential-Projects,08_Execution_Actuals/Quarterly_Progress_Tracking_and_OC_CC_Compliance.md,Quarterly_Progress_Tracking_and_OC_CC_Compliance.md,.md,2163,0.002,SYNTH,0,0,0
Haryana-RERA-Multi-Tower-Residential-Projects,99_Unverified_or_Related_References/RERA_vs_Public_Tender_Data_Methodology_Note.md,RERA_vs_Public_Tender_Data_Methodology_Note.md,.md,1354,0.001,SYNTH,0,0,0
IIT-Hyderabad-Faculty-Housing,file_manifest.csv,file_manifest.csv,.csv,10952,0.01,METADATA,0,0,0
IIT-Hyderabad-Faculty-Housing,README.md,README.md,.md,3822,0.004,METADATA,0,0,0
IIT-Hyderabad-Faculty-Housing,00_Core_Intelligence_Dataset/IITH_41st_BoG_Meeting_Minutes_Contract_Award_Teemage.pdf,IITH_41st_BoG_Meeting_Minutes_Contract_Award_Teemage.pdf,.pdf,424402,0.405,CAT1_TENDER,1,0,0
IIT-Hyderabad-Faculty-Housing,00_Core_Intelligence_Dataset/Project_Executive_Summary_and_Data_Extraction.md,Project_Executive_Summary_and_Data_Extraction.md,.md,3353,0.003,SYNTH,0,0,0
IIT-Hyderabad-Faculty-Housing,01_Tender_NIT_PreBid/General_Conditions_Contract_IITH.pdf,General_Conditions_Contract_IITH.pdf,.pdf,1401192,1.336,CAT1_TENDER,1,0,0
IIT-Hyderabad-Faculty-Housing,01_Tender_NIT_PreBid/IITH_EPC_Contract_Framework_and_Procurement_Charter.md,IITH_EPC_Contract_Framework_and_Procurement_Charter.md,.md,1700,0.002,SYNTH,0,0,0
IIT-Hyderabad-Faculty-Housing,01_Tender_NIT_PreBid/Volume_01_Notice_Inviting_Tender_Special_Conditions_of_Contract.pdf,Volume_01_Notice_Inviting_Tender_Special_Conditions_of_Contract.pdf,.pdf,31805353,30.332,CAT1_TENDER,1,0,1
IIT-Hyderabad-Faculty-Housing,01_Tender_NIT_PreBid/Volume_06_General_Conditions_EPC.pdf,Volume_06_General_Conditions_EPC.pdf,.pdf,22080607,21.058,CAT1_TENDER,1,0,1
IIT-Hyderabad-Faculty-Housing,02_Cost_BOQ_Makes/Contract_Pricing_Milestone_Payment_Schedule_and_BOQ_Analysis.md,Contract_Pricing_Milestone_Payment_Schedule_and_BOQ_Analysis.md,.md,2133,0.002,SYNTH,0,0,0
IIT-Hyderabad-Faculty-Housing,02_Cost_BOQ_Makes/Volume_02_b_Payment_Schedule_Annexure.pdf,Volume_02_b_Payment_Schedule_Annexure.pdf,.pdf,5111116,4.874,CAT4_BOQ,1,0,0
IIT-Hyderabad-Faculty-Housing,03_Technical_Specifications_Reports/Precast_Concrete_and_Civil_Technical_Specifications.md,Precast_Concrete_and_Civil_Technical_Specifications.md,.md,2593,0.002,SYNTH,0,0,0
IIT-Hyderabad-Faculty-Housing,03_Technical_Specifications_Reports/Volume_03_Technical_Specs_Civil_Works.pdf,Volume_03_Technical_Specs_Civil_Works.pdf,.pdf,36468260,34.779,CAT5_SPECS,1,0,1
IIT-Hyderabad-Faculty-Housing,04_Architectural_Drawings/Architectural_Zoning_Faculty_Staff_and_Hostel_Tower_Layouts.md,Architectural_Zoning_Faculty_Staff_and_Hostel_Tower_Layouts.md,.md,2054,0.002,SYNTH,0,0,0
IIT-Hyderabad-Faculty-Housing,04_Architectural_Drawings/Volume_05_Concept_Drawings_Subsoil_Report.pdf,Volume_05_Concept_Drawings_Subsoil_Report.pdf,.pdf,6008230,5.73,CAT9_GEOTECH,1,0,1
IIT-Hyderabad-Faculty-Housing,05_Structural_Drawings/Precast_RCC_Structural_Design_Framing_and_GFC_Requirements.md,Precast_RCC_Structural_Design_Framing_and_GFC_Requirements.md,.md,2356,0.002,SYNTH,0,0,0
IIT-Hyderabad-Faculty-Housing,05_Structural_Drawings/Volume_05_Concept_Drawings_Subsoil_Report_Structural_Foundation.pdf,Volume_05_Concept_Drawings_Subsoil_Report_Structural_Foundation.pdf,.pdf,6008230,5.73,CAT9_GEOTECH,1,0,1
IIT-Hyderabad-Faculty-Housing,06_MEP_Services/Electrical_Mechanical_Plumbing_and_Fire_Life_Safety_Schedule.md,Electrical_Mechanical_Plumbing_and_Fire_Life_Safety_Schedule.md,.md,2501,0.002,SYNTH,0,0,0
IIT-Hyderabad-Faculty-Housing,06_MEP_Services/Volume_04_Scope_Tech_Specs_EM_Components.pdf,Volume_04_Scope_Tech_Specs_EM_Components.pdf,.pdf,29761504,28.383,CAT5_SPECS,1,0,1
IIT-Hyderabad-Faculty-Housing,07_Landscape_Infrastructure/Campus_Site_Development_Roads_Drains_and_Infrastructure.md,Campus_Site_Development_Roads_Drains_and_Infrastructure.md,.md,1204,0.001,SYNTH,0,0,0
IIT-Hyderabad-Faculty-Housing,08_Execution_Actuals/Execution_Actuals_Contract_Award_and_Project_Lifecycle.md,Execution_Actuals_Contract_Award_and_Project_Lifecycle.md,.md,1579,0.002,SYNTH,0,0,0
IIT-Hyderabad-Faculty-Housing,99_Unverified_or_Related_References/Methodology_Note_Precast_High_Rise_and_HEFA_Financing.md,Methodology_Note_Precast_High_Rise_and_HEFA_Financing.md,.md,1601,0.002,SYNTH,0,0,0
IIT-Kanpur-Type-II-Apartments,file_manifest.csv,file_manifest.csv,.csv,734,0.001,METADATA,0,0,0
IIT-Kanpur-Type-II-Apartments,file_manifest.json,file_manifest.json,.json,7427,0.007,METADATA,0,0,0
IIT-Kanpur-Type-II-Apartments,README.md,README.md,.md,3243,0.003,METADATA,0,0,0
IIT-Kanpur-Type-II-Apartments,00_Core_Intelligence_Dataset/.gitkeep,.gitkeep,,0,0.0,GITKEEP,0,0,0
IIT-Kanpur-Type-II-Apartments,00_Core_Intelligence_Dataset/README.md,README.md,.md,3529,0.003,METADATA,0,0,0
IIT-Kanpur-Type-II-Apartments,00_Core_Intelligence_Dataset/Tenderdocument44D3.pdf,Tenderdocument44D3.pdf,.pdf,4362449,4.16,CAT1_TENDER,1,0,0
IIT-Kanpur-Type-II-Apartments,01_Tender_NIT_Eligibility/README.md,README.md,.md,1065,0.001,METADATA,0,0,0
IIT-Kanpur-Type-II-Apartments,01_Tender_NIT_Eligibility/01_Master_Tender_Document/.gitkeep,.gitkeep,,0,0.0,GITKEEP,0,0,0
IIT-Kanpur-Type-II-Apartments,01_Tender_NIT_Eligibility/01_Master_Tender_Document/Tenderdocument44D3.pdf,Tenderdocument44D3.pdf,.pdf,4362449,4.16,CAT1_TENDER,1,0,0
IIT-Kanpur-Type-II-Apartments,01_Tender_NIT_Eligibility/02_Technical_Bid_Scope/.gitkeep,.gitkeep,,0,0.0,GITKEEP,0,0,0
IIT-Kanpur-Type-II-Apartments,01_Tender_NIT_PreBid/.gitkeep,.gitkeep,,0,0.0,GITKEEP,0,0,0
IIT-Kanpur-Type-II-Apartments,02_Cost_BOQ_Makes/.gitkeep,.gitkeep,,0,0.0,GITKEEP,0,0,0
IIT-Kanpur-Type-II-Apartments,02_Financial_Bid_BOQ_Milestones/README.md,README.md,.md,724,0.001,METADATA,0,0,0
IIT-Kanpur-Type-II-Apartments,02_Financial_Bid_BOQ_Milestones/01_Schedule_A_to_F_Proforma/.gitkeep,.gitkeep,,0,0.0,GITKEEP,0,0,0
IIT-Kanpur-Type-II-Apartments,03_Civil_Conditions_QA_Makes/README.md,README.md,.md,725,0.001,METADATA,0,0,0
IIT-Kanpur-Type-II-Apartments,03_Civil_Conditions_QA_Makes/01_Civil_Specifications_Conditions/.gitkeep,.gitkeep,,0,0.0,GITKEEP,0,0,0
IIT-Kanpur-Type-II-Apartments,03_Technical_Specifications_Reports/.gitkeep,.gitkeep,,0,0.0,GITKEEP,0,0,0
IIT-Kanpur-Type-II-Apartments,04_Architectural_Drawings/.gitkeep,.gitkeep,,0,0.0,GITKEEP,0,0,0
IIT-Kanpur-Type-II-Apartments,04_Electrical_Lifts_Fire_MEP/README.md,README.md,.md,724,0.001,METADATA,0,0,0
IIT-Kanpur-Type-II-Apartments,04_Electrical_Lifts_Fire_MEP/01_Electrical_Specifications/.gitkeep,.gitkeep,,0,0.0,GITKEEP,0,0,0
IIT-Kanpur-Type-II-Apartments,05_Drawings/README.md,README.md,.md,4069,0.004,METADATA,0,0,0
IIT-Kanpur-Type-II-Apartments,05_Drawings/00_Drawings_Index/.gitkeep,.gitkeep,,0,0.0,GITKEEP,0,0,0
IIT-Kanpur-Type-II-Apartments,05_Drawings/01_Architectural_Drawings/.gitkeep,.gitkeep,,0,0.0,GITKEEP,0,0,0
IIT-Kanpur-Type-II-Apartments,05_Drawings/02_Structural_Drawings/.gitkeep,.gitkeep,,0,0.0,GITKEEP,0,0,0
IIT-Kanpur-Type-II-Apartments,05_Drawings/03_Electrical_Drawings/.gitkeep,.gitkeep,,0,0.0,GITKEEP,0,0,0
IIT-Kanpur-Type-II-Apartments,05_Structural_Drawings/.gitkeep,.gitkeep,,0,0.0,GITKEEP,0,0,0
IIT-Kanpur-Type-II-Apartments,06_MEP_Services/.gitkeep,.gitkeep,,0,0.0,GITKEEP,0,0,0
IIT-Kanpur-Type-II-Apartments,07_Landscape_Infrastructure/.gitkeep,.gitkeep,,0,0.0,GITKEEP,0,0,0
IIT-Kanpur-Type-II-Apartments,08_Execution_Actuals/.gitkeep,.gitkeep,,0,0.0,GITKEEP,0,0,0
IIT-Kanpur-Type-II-Apartments,99_Unverified_or_Related_References/.gitkeep,.gitkeep,,0,0.0,GITKEEP,0,0,0
IIT-Kanpur-Type-II-Apartments,scripts/download_all.ps1,download_all.ps1,.ps1,2098,0.002,SCRIPT,0,0,0
IIT-Kanpur-Type-II-Apartments,scripts/download_all.py,download_all.py,.py,2739,0.003,SCRIPT,0,0,0
IIT-Kanpur-Type-II-Apartments,scripts/download_core.ps1,download_core.ps1,.ps1,2088,0.002,SCRIPT,0,0,0
IIT-Kanpur-Type-II-Apartments,scripts/download_core.py,download_core.py,.py,2332,0.002,SCRIPT,0,0,0
K-RIDE-Belandur-Road-Quarters,file_manifest.csv,file_manifest.csv,.csv,1571,0.001,METADATA,0,0,0
K-RIDE-Belandur-Road-Quarters,file_manifest.json,file_manifest.json,.json,5055,0.005,METADATA,0,0,0
K-RIDE-Belandur-Road-Quarters,README.md,README.md,.md,3396,0.003,METADATA,0,0,0
K-RIDE-Belandur-Road-Quarters,00_Core_Intelligence_Dataset/.gitkeep,.gitkeep,,0,0.0,GITKEEP,0,0,0
K-RIDE-Belandur-Road-Quarters,00_Core_Intelligence_Dataset/HSRA-Staff-Quarters-Tender-Document.pdf,HSRA-Staff-Quarters-Tender-Document.pdf,.pdf,4087934,3.899,CAT1_TENDER,1,0,0
K-RIDE-Belandur-Road-Quarters,00_Core_Intelligence_Dataset/README.md,README.md,.md,4470,0.004,METADATA,0,0,0
K-RIDE-Belandur-Road-Quarters,00_Core_Intelligence_Dataset/Tender-Document-Belandur-Road-Baiyyappanahalli-Station-Building.pdf,Tender-Document-Belandur-Road-Baiyyappanahalli-Station-Building.pdf,.pdf,3648158,3.479,CAT1_TENDER,1,0,0
K-RIDE-Belandur-Road-Quarters,01_Tender_NIT_Bidding_Docs/README.md,README.md,.md,744,0.001,METADATA,0,0,0
K-RIDE-Belandur-Road-Quarters,01_Tender_NIT_Bidding_Docs/01_Belandur_Road_Station_Tender_Volume/.gitkeep,.gitkeep,,0,0.0,GITKEEP,0,0,0
K-RIDE-Belandur-Road-Quarters,01_Tender_NIT_Bidding_Docs/01_Belandur_Road_Station_Tender_Volume/Tender-Document-Belandur-Road-Baiyyappanahalli-Station-Building.pdf,Tender-Document-Belandur-Road-Baiyyappanahalli-Station-Building.pdf,.pdf,3648158,3.479,CAT1_TENDER,1,0,0
K-RIDE-Belandur-Road-Quarters,01_Tender_NIT_PreBid/.gitkeep,.gitkeep,,0,0.0,GITKEEP,0,0,0
K-RIDE-Belandur-Road-Quarters,02_Cost_BOQ_Makes/.gitkeep,.gitkeep,,0,0.0,GITKEEP,0,0,0
K-RIDE-Belandur-Road-Quarters,02_Works_Requirements_Specifications/README.md,README.md,.md,697,0.001,METADATA,0,0,0
K-RIDE-Belandur-Road-Quarters,02_Works_Requirements_Specifications/01_Scope_of_Work_Section_5/.gitkeep,.gitkeep,,0,0.0,GITKEEP,0,0,0
K-RIDE-Belandur-Road-Quarters,03_Contract_Conditions_GCC_SCC/README.md,README.md,.md,1133,0.001,METADATA,0,0,0
K-RIDE-Belandur-Road-Quarters,03_Contract_Conditions_GCC_SCC/01_General_Conditions_Section_6/.gitkeep,.gitkeep,,0,0.0,GITKEEP,0,0,0
K-RIDE-Belandur-Road-Quarters,03_Contract_Conditions_GCC_SCC/02_Special_Conditions_Section_7B/.gitkeep,.gitkeep,,0,0.0,GITKEEP,0,0,0
K-RIDE-Belandur-Road-Quarters,03_Technical_Specifications_Reports/.gitkeep,.gitkeep,,0,0.0,GITKEEP,0,0,0
K-RIDE-Belandur-Road-Quarters,04_Architectural_Drawings/.gitkeep,.gitkeep,,0,0.0,GITKEEP,0,0,0
K-RIDE-Belandur-Road-Quarters,04_Cost_BOQ_Schedules/README.md,README.md,.md,748,0.001,METADATA,0,0,0
K-RIDE-Belandur-Road-Quarters,04_Cost_BOQ_Schedules/02_Civil_BOQ_Schedule_Section_9/.gitkeep,.gitkeep,,0,0.0,GITKEEP,0,0,0
K-RIDE-Belandur-Road-Quarters,05_Drawing_Access_Protocols/README.md,README.md,.md,1237,0.001,METADATA,0,0,0
K-RIDE-Belandur-Road-Quarters,05_Drawing_Access_Protocols/01_Office_Inspection_Protocol/.gitkeep,.gitkeep,,0,0.0,GITKEEP,0,0,0
K-RIDE-Belandur-Road-Quarters,05_Drawing_Access_Protocols/02_Contractor_Detailed_Design_Framework/.gitkeep,.gitkeep,,0,0.0,GITKEEP,0,0,0
K-RIDE-Belandur-Road-Quarters,05_Structural_Drawings/.gitkeep,.gitkeep,,0,0.0,GITKEEP,0,0,0
K-RIDE-Belandur-Road-Quarters,06_MEP_Services/.gitkeep,.gitkeep,,0,0.0,GITKEEP,0,0,0
K-RIDE-Belandur-Road-Quarters,06_Related_Railway_Quarters_HSRA/README.md,README.md,.md,1531,0.001,METADATA,0,0,0
K-RIDE-Belandur-Road-Quarters,06_Related_Railway_Quarters_HSRA/01_Hosur_Staff_Quarters_Tender_Volume/.gitkeep,.gitkeep,,0,0.0,GITKEEP,0,0,0
K-RIDE-Belandur-Road-Quarters,06_Related_Railway_Quarters_HSRA/01_Hosur_Staff_Quarters_Tender_Volume/HSRA-Staff-Quarters-Tender-Document.pdf,HSRA-Staff-Quarters-Tender-Document.pdf,.pdf,4087934,3.899,CAT1_TENDER,1,0,0
K-RIDE-Belandur-Road-Quarters,06_Related_Railway_Quarters_HSRA/02_Type_II_Quarters_8_Units/.gitkeep,.gitkeep,,0,0.0,GITKEEP,0,0,0
K-RIDE-Belandur-Road-Quarters,06_Related_Railway_Quarters_HSRA/03_Type_III_Quarters_8_Units/.gitkeep,.gitkeep,,0,0.0,GITKEEP,0,0,0
K-RIDE-Belandur-Road-Quarters,07_Landscape_Infrastructure/.gitkeep,.gitkeep,,0,0.0,GITKEEP,0,0,0
K-RIDE-Belandur-Road-Quarters,08_Execution_Actuals/.gitkeep,.gitkeep,,0,0.0,GITKEEP,0,0,0
K-RIDE-Belandur-Road-Quarters,99_Unverified_or_Related_References/.gitkeep,.gitkeep,,0,0.0,GITKEEP,0,0,0
K-RIDE-Belandur-Road-Quarters,scripts/download_all.ps1,download_all.ps1,.ps1,2163,0.002,SCRIPT,0,0,0
K-RIDE-Belandur-Road-Quarters,scripts/download_all.py,download_all.py,.py,2530,0.002,SCRIPT,0,0,0
K-RIDE-Belandur-Road-Quarters,scripts/download_core.ps1,download_core.ps1,.ps1,2541,0.002,SCRIPT,0,0,0
K-RIDE-Belandur-Road-Quarters,scripts/download_core.py,download_core.py,.py,2698,0.003,SCRIPT,0,0,0
KMRL-Kochi-Metro-Muttom-Quarters,file_manifest.csv,file_manifest.csv,.csv,4069,0.004,METADATA,0,0,0
KMRL-Kochi-Metro-Muttom-Quarters,file_manifest.json,file_manifest.json,.json,4088,0.004,METADATA,0,0,0
KMRL-Kochi-Metro-Muttom-Quarters,README.md,README.md,.md,3315,0.003,METADATA,0,0,0
KMRL-Kochi-Metro-Muttom-Quarters,00_Core_Intelligence_Dataset/.gitkeep,.gitkeep,,0,0.0,GITKEEP,0,0,0
KMRL-Kochi-Metro-Muttom-Quarters,00_Core_Intelligence_Dataset/NIT-TENDER-DOCUMENT-STAFF-QUARTERS-AT-MUTTOM.pdf,NIT-TENDER-DOCUMENT-STAFF-QUARTERS-AT-MUTTOM.pdf,.pdf,6474237,6.174,CAT1_TENDER,1,0,1
KMRL-Kochi-Metro-Muttom-Quarters,00_Core_Intelligence_Dataset/README.md,README.md,.md,3898,0.004,METADATA,0,0,0
KMRL-Kochi-Metro-Muttom-Quarters,01_Tender_NIT_Eligibility/README.md,README.md,.md,789,0.001,METADATA,0,0,0
KMRL-Kochi-Metro-Muttom-Quarters,01_Tender_NIT_Eligibility/01_Main_Tender_Document/.gitkeep,.gitkeep,,0,0.0,GITKEEP,0,0,0
KMRL-Kochi-Metro-Muttom-Quarters,01_Tender_NIT_Eligibility/01_Main_Tender_Document/01_Master_Project_Charter_and_Scope.pdf,01_Master_Project_Charter_and_Scope.pdf,.pdf,1654,0.002,STUB_PDF,0,1,0
KMRL-Kochi-Metro-Muttom-Quarters,01_Tender_NIT_Eligibility/01_Main_Tender_Document/NIT-TENDER-DOCUMENT-STAFF-QUARTERS-AT-MUTTOM.pdf,NIT-TENDER-DOCUMENT-STAFF-QUARTERS-AT-MUTTOM.pdf,.pdf,6474237,6.174,CAT1_TENDER,1,0,1
KMRL-Kochi-Metro-Muttom-Quarters,01_Tender_NIT_Eligibility/02_Eligibility_and_Selection_Criteria/.gitkeep,.gitkeep,,0,0.0,GITKEEP,0,0,0
KMRL-Kochi-Metro-Muttom-Quarters,01_Tender_NIT_Eligibility/02_Eligibility_and_Selection_Criteria/ELIGIBILITY_CRITERIA.md,ELIGIBILITY_CRITERIA.md,.md,1989,0.002,SYNTH,0,0,0
KMRL-Kochi-Metro-Muttom-Quarters,01_Tender_NIT_PreBid/.gitkeep,.gitkeep,,0,0.0,GITKEEP,0,0,0
KMRL-Kochi-Metro-Muttom-Quarters,02_Cost_BOQ_Makes/.gitkeep,.gitkeep,,0,0.0,GITKEEP,0,0,0
KMRL-Kochi-Metro-Muttom-Quarters,02_Scope_of_Work_Design_Consultancy/README.md,README.md,.md,867,0.001,METADATA,0,0,0
KMRL-Kochi-Metro-Muttom-Quarters,02_Scope_of_Work_Design_Consultancy/01_Architectural_and_Master_Planning/.gitkeep,.gitkeep,,0,0.0,GITKEEP,0,0,0
KMRL-Kochi-Metro-Muttom-Quarters,02_Scope_of_Work_Design_Consultancy/01_Architectural_and_Master_Planning/02_Design_Consultancy_Scope_Deliverables.pdf,02_Design_Consultancy_Scope_Deliverables.pdf,.pdf,1657,0.002,STUB_PDF,0,1,0
KMRL-Kochi-Metro-Muttom-Quarters,02_Scope_of_Work_Design_Consultancy/01_Architectural_and_Master_Planning/ARCHITECTURAL_SCOPE.md,ARCHITECTURAL_SCOPE.md,.md,1355,0.001,SYNTH,0,0,0
KMRL-Kochi-Metro-Muttom-Quarters,02_Scope_of_Work_Design_Consultancy/02_Structural_Engineering_Calculations/.gitkeep,.gitkeep,,0,0.0,GITKEEP,0,0,0
KMRL-Kochi-Metro-Muttom-Quarters,02_Scope_of_Work_Design_Consultancy/02_Structural_Engineering_Calculations/03_Civil_Structural_Design_Parameters.pdf,03_Civil_Structural_Design_Parameters.pdf,.pdf,1629,0.002,STUB_PDF,0,1,0
KMRL-Kochi-Metro-Muttom-Quarters,02_Scope_of_Work_Design_Consultancy/02_Structural_Engineering_Calculations/STRUCTURAL_SCOPE.md,STRUCTURAL_SCOPE.md,.md,1487,0.001,SYNTH,0,0,0
KMRL-Kochi-Metro-Muttom-Quarters,03_Technical_Specifications_and_Codes/README.md,README.md,.md,601,0.001,METADATA,0,0,0
KMRL-Kochi-Metro-Muttom-Quarters,03_Technical_Specifications_and_Codes/01_Civil_and_Structural_Specifications/.gitkeep,.gitkeep,,0,0.0,GITKEEP,0,0,0
KMRL-Kochi-Metro-Muttom-Quarters,03_Technical_Specifications_and_Codes/01_Civil_and_Structural_Specifications/04_MEP_Services_Design_Specifications.pdf,04_MEP_Services_Design_Specifications.pdf,.pdf,1730,0.002,STUB_PDF,0,1,0
KMRL-Kochi-Metro-Muttom-Quarters,03_Technical_Specifications_and_Codes/01_Civil_and_Structural_Specifications/TECHNICAL_SPECIFICATIONS.md,TECHNICAL_SPECIFICATIONS.md,.md,1497,0.001,SYNTH,0,0,0
KMRL-Kochi-Metro-Muttom-Quarters,03_Technical_Specifications_Reports/.gitkeep,.gitkeep,,0,0.0,GITKEEP,0,0,0
KMRL-Kochi-Metro-Muttom-Quarters,04_Architectural_Drawings/.gitkeep,.gitkeep,,0,0.0,GITKEEP,0,0,0
KMRL-Kochi-Metro-Muttom-Quarters,04_Cost_BOQ_Format_and_Payments/README.md,README.md,.md,737,0.001,METADATA,0,0,0
KMRL-Kochi-Metro-Muttom-Quarters,04_Cost_BOQ_Format_and_Payments/01_BOQ_Pricing_Schedule/.gitkeep,.gitkeep,,0,0.0,GITKEEP,0,0,0
KMRL-Kochi-Metro-Muttom-Quarters,04_Cost_BOQ_Format_and_Payments/01_BOQ_Pricing_Schedule/05_BOQ_Costing_Format_Schedule.pdf,05_BOQ_Costing_Format_Schedule.pdf,.pdf,1610,0.002,STUB_PDF,0,1,0
KMRL-Kochi-Metro-Muttom-Quarters,04_Cost_BOQ_Format_and_Payments/01_BOQ_Pricing_Schedule/BOQ_FORMAT_SUMMARY.md,BOQ_FORMAT_SUMMARY.md,.md,1332,0.001,SYNTH,0,0,0
KMRL-Kochi-Metro-Muttom-Quarters,04_Cost_BOQ_Format_and_Payments/02_Consultancy_Payment_Milestones/.gitkeep,.gitkeep,,0,0.0,GITKEEP,0,0,0
KMRL-Kochi-Metro-Muttom-Quarters,04_Cost_BOQ_Format_and_Payments/02_Consultancy_Payment_Milestones/07_General_Conditions_of_Contract_GCC.pdf,07_General_Conditions_of_Contract_GCC.pdf,.pdf,1704,0.002,STUB_PDF,0,1,0
KMRL-Kochi-Metro-Muttom-Quarters,04_Cost_BOQ_Format_and_Payments/02_Consultancy_Payment_Milestones/PAYMENT_SCHEDULE.md,PAYMENT_SCHEDULE.md,.md,1184,0.001,SYNTH,0,0,0
KMRL-Kochi-Metro-Muttom-Quarters,05_Drawing_Access_Approval_Protocols/README.md,README.md,.md,471,0.0,METADATA,0,0,0
KMRL-Kochi-Metro-Muttom-Quarters,05_Drawing_Access_Approval_Protocols/01_Concept_and_GFC_Drawing_Process/.gitkeep,.gitkeep,,0,0.0,GITKEEP,0,0,0
KMRL-Kochi-Metro-Muttom-Quarters,05_Drawing_Access_Approval_Protocols/01_Concept_and_GFC_Drawing_Process/06_Drawing_Submission_Approval_Protocol.pdf,06_Drawing_Submission_Approval_Protocol.pdf,.pdf,1604,0.002,STUB_PDF,0,1,0
KMRL-Kochi-Metro-Muttom-Quarters,05_Drawing_Access_Approval_Protocols/01_Concept_and_GFC_Drawing_Process/DRAWING_APPROVAL_MANDATE.md,DRAWING_APPROVAL_MANDATE.md,.md,1307,0.001,SYNTH,0,0,0
KMRL-Kochi-Metro-Muttom-Quarters,05_Structural_Drawings/.gitkeep,.gitkeep,,0,0.0,GITKEEP,0,0,0
KMRL-Kochi-Metro-Muttom-Quarters,06_MEP_Services/.gitkeep,.gitkeep,,0,0.0,GITKEEP,0,0,0
KMRL-Kochi-Metro-Muttom-Quarters,06_Metro_Depot_and_Site_Infrastructure/README.md,README.md,.md,505,0.0,METADATA,0,0,0
KMRL-Kochi-Metro-Muttom-Quarters,06_Metro_Depot_and_Site_Infrastructure/01_Muttom_Site_Development/.gitkeep,.gitkeep,,0,0.0,GITKEEP,0,0,0
KMRL-Kochi-Metro-Muttom-Quarters,06_Metro_Depot_and_Site_Infrastructure/01_Muttom_Site_Development/SITE_INFRASTRUCTURE.md,SITE_INFRASTRUCTURE.md,.md,1207,0.001,SYNTH,0,0,0
KMRL-Kochi-Metro-Muttom-Quarters,07_Landscape_Infrastructure/.gitkeep,.gitkeep,,0,0.0,GITKEEP,0,0,0
KMRL-Kochi-Metro-Muttom-Quarters,08_Execution_Actuals/.gitkeep,.gitkeep,,0,0.0,GITKEEP,0,0,0
KMRL-Kochi-Metro-Muttom-Quarters,99_Unverified_or_Related_References/.gitkeep,.gitkeep,,0,0.0,GITKEEP,0,0,0
KMRL-Kochi-Metro-Muttom-Quarters,99_Unverified_or_Related_References/01_Master_Project_Charter_and_Scope.pdf,01_Master_Project_Charter_and_Scope.pdf,.pdf,1654,0.002,STUB_PDF,0,1,0
KMRL-Kochi-Metro-Muttom-Quarters,99_Unverified_or_Related_References/02_Design_Consultancy_Scope_Deliverables.pdf,02_Design_Consultancy_Scope_Deliverables.pdf,.pdf,1657,0.002,STUB_PDF,0,1,0
KMRL-Kochi-Metro-Muttom-Quarters,99_Unverified_or_Related_References/03_Civil_Structural_Design_Parameters.pdf,03_Civil_Structural_Design_Parameters.pdf,.pdf,1629,0.002,STUB_PDF,0,1,0
KMRL-Kochi-Metro-Muttom-Quarters,99_Unverified_or_Related_References/04_MEP_Services_Design_Specifications.pdf,04_MEP_Services_Design_Specifications.pdf,.pdf,1730,0.002,STUB_PDF,0,1,0
KMRL-Kochi-Metro-Muttom-Quarters,99_Unverified_or_Related_References/05_BOQ_Costing_Format_Schedule.pdf,05_BOQ_Costing_Format_Schedule.pdf,.pdf,1610,0.002,STUB_PDF,0,1,0
KMRL-Kochi-Metro-Muttom-Quarters,99_Unverified_or_Related_References/06_Drawing_Submission_Approval_Protocol.pdf,06_Drawing_Submission_Approval_Protocol.pdf,.pdf,1604,0.002,STUB_PDF,0,1,0
KMRL-Kochi-Metro-Muttom-Quarters,99_Unverified_or_Related_References/07_General_Conditions_of_Contract_GCC.pdf,07_General_Conditions_of_Contract_GCC.pdf,.pdf,1704,0.002,STUB_PDF,0,1,0
KMRL-Kochi-Metro-Muttom-Quarters,scripts/.gitkeep,.gitkeep,,0,0.0,GITKEEP,0,0,0
KMRL-Kochi-Metro-Muttom-Quarters,scripts/download_all.ps1,download_all.ps1,.ps1,1134,0.001,SCRIPT,0,0,0
KMRL-Kochi-Metro-Muttom-Quarters,scripts/download_all.py,download_all.py,.py,1405,0.001,SCRIPT,0,0,0
KMRL-Kochi-Metro-Muttom-Quarters,scripts/download_core.ps1,download_core.ps1,.ps1,804,0.001,SCRIPT,0,0,0
KMRL-Kochi-Metro-Muttom-Quarters,scripts/download_core.py,download_core.py,.py,1821,0.002,SCRIPT,0,0,0
MHADA-Goregaon-LIG-MIG-HIG-Tenements,file_manifest.csv,file_manifest.csv,.csv,6504,0.006,METADATA,0,0,0
MHADA-Goregaon-LIG-MIG-HIG-Tenements,README.md,README.md,.md,3605,0.003,METADATA,0,0,0
MHADA-Goregaon-LIG-MIG-HIG-Tenements,00_Core_Intelligence_Dataset/MHADA_Goregaon_Siddharth_Nagar_Turnkey_NIT_2024.pdf,MHADA_Goregaon_Siddharth_Nagar_Turnkey_NIT_2024.pdf,.pdf,450611,0.43,CAT1_TENDER,1,0,0
MHADA-Goregaon-LIG-MIG-HIG-Tenements,00_Core_Intelligence_Dataset/Project_Executive_Summary_and_Data_Extraction.md,Project_Executive_Summary_and_Data_Extraction.md,.md,3627,0.003,SYNTH,0,0,0
MHADA-Goregaon-LIG-MIG-HIG-Tenements,01_Tender_NIT_PreBid/MHADA_Turnkey_EPC_Framework_and_Bidding_Conditions.md,MHADA_Turnkey_EPC_Framework_and_Bidding_Conditions.md,.md,2142,0.002,SYNTH,0,0,0
MHADA-Goregaon-LIG-MIG-HIG-Tenements,01_Tender_NIT_PreBid/TN-EE-Goregaon-MB-30_8_2024-en.pdf,TN-EE-Goregaon-MB-30_8_2024-en.pdf,.pdf,450611,0.43,CAT1_TENDER,1,0,0
MHADA-Goregaon-LIG-MIG-HIG-Tenements,02_Cost_BOQ_Makes/Plot_Wise_Cost_Estimates_and_Area_Economics.md,Plot_Wise_Cost_Estimates_and_Area_Economics.md,.md,1962,0.002,SYNTH,0,0,0
MHADA-Goregaon-LIG-MIG-HIG-Tenements,03_Technical_Specifications_Reports/Civil_Structural_and_Finishing_Specifications.md,Civil_Structural_and_Finishing_Specifications.md,.md,2283,0.002,SYNTH,0,0,0
MHADA-Goregaon-LIG-MIG-HIG-Tenements,04_Architectural_Drawings/Master_Layout_Zoning_and_Turnkey_Design_Brief.md,Master_Layout_Zoning_and_Turnkey_Design_Brief.md,.md,1351,0.001,SYNTH,0,0,0
MHADA-Goregaon-LIG-MIG-HIG-Tenements,05_Structural_Drawings/Structural_Engineering_Seismic_and_High_Rise_Criteria.md,Structural_Engineering_Seismic_and_High_Rise_Criteria.md,.md,1583,0.002,SYNTH,0,0,0
MHADA-Goregaon-LIG-MIG-HIG-Tenements,06_MEP_Services/MEP_Building_Services_and_BMC_Statutory_Compliance.md,MEP_Building_Services_and_BMC_Statutory_Compliance.md,.md,1573,0.002,SYNTH,0,0,0
MHADA-Goregaon-LIG-MIG-HIG-Tenements,07_Landscape_Infrastructure/Site_Infrastructure_Roads_Drains_and_Podium_Planning.md,Site_Infrastructure_Roads_Drains_and_Podium_Planning.md,.md,1030,0.001,SYNTH,0,0,0
MHADA-Goregaon-LIG-MIG-HIG-Tenements,08_Execution_Actuals/Project_Lifecycle_Milestones_and_Handover_Charter.md,Project_Lifecycle_Milestones_and_Handover_Charter.md,.md,1482,0.001,SYNTH,0,0,0
MHADA-Goregaon-LIG-MIG-HIG-Tenements,99_Unverified_or_Related_References/Methodology_Note_Mumbai_Urban_Renewal_and_Turnkey_Benchmarking.md,Methodology_Note_Mumbai_Urban_Renewal_and_Turnkey_Benchmarking.md,.md,1599,0.002,SYNTH,0,0,0
MHDC-PMAY-Khairi-Kamptee-Nagpur,file_manifest.csv,file_manifest.csv,.csv,12741,0.012,METADATA,0,0,0
MHDC-PMAY-Khairi-Kamptee-Nagpur,README.md,README.md,.md,3425,0.003,METADATA,0,0,0
MHDC-PMAY-Khairi-Kamptee-Nagpur,00_Core_Intelligence_Dataset/Project_Executive_Summary_and_Data_Extraction.md,Project_Executive_Summary_and_Data_Extraction.md,.md,3604,0.003,SYNTH,0,0,0
MHDC-PMAY-Khairi-Kamptee-Nagpur,00_Core_Intelligence_Dataset/VolumeIK-P1.pdf,VolumeIK-P1.pdf,.pdf,2704927,2.58,CAT1_TENDER,1,0,0
MHDC-PMAY-Khairi-Kamptee-Nagpur,01_Tender_NIT_PreBid/Tender_NIT_Key_Terms_and_Eligibility_Criteria.md,Tender_NIT_Key_Terms_and_Eligibility_Criteria.md,.md,1912,0.002,SYNTH,0,0,0
MHDC-PMAY-Khairi-Kamptee-Nagpur,01_Tender_NIT_PreBid/VolumeIK-P1.pdf,VolumeIK-P1.pdf,.pdf,2704927,2.58,CAT1_TENDER,1,0,0
MHDC-PMAY-Khairi-Kamptee-Nagpur,02_Cost_BOQ_Makes/Approved_Makes_and_Manufacturers_Directory.md,Approved_Makes_and_Manufacturers_Directory.md,.md,2105,0.002,SYNTH,0,0,0
MHDC-PMAY-Khairi-Kamptee-Nagpur,02_Cost_BOQ_Makes/Cost_Abstract_and_Payment_Milestone_Schedule.md,Cost_Abstract_and_Payment_Milestone_Schedule.md,.md,1775,0.002,SYNTH,0,0,0
MHDC-PMAY-Khairi-Kamptee-Nagpur,02_Cost_BOQ_Makes/VolumeIK-P1.pdf,VolumeIK-P1.pdf,.pdf,2704927,2.58,CAT4_BOQ,1,0,0
MHDC-PMAY-Khairi-Kamptee-Nagpur,03_Technical_Specifications_Reports/Technical_Specifications_and_Quality_Standards.md,Technical_Specifications_and_Quality_Standards.md,.md,2046,0.002,SYNTH,0,0,0
MHDC-PMAY-Khairi-Kamptee-Nagpur,03_Technical_Specifications_Reports/VolumeIK-P1.pdf,VolumeIK-P1.pdf,.pdf,2704927,2.58,CAT5_SPECS,1,0,0
MHDC-PMAY-Khairi-Kamptee-Nagpur,04_Architectural_Drawings/Architectural_Design_Basis_and_Area_Statements.md,Architectural_Design_Basis_and_Area_Statements.md,.md,3097,0.003,SYNTH,0,0,0
MHDC-PMAY-Khairi-Kamptee-Nagpur,04_Architectural_Drawings/VolumeIK-P1.pdf,VolumeIK-P1.pdf,.pdf,2704927,2.58,CAT2_ARCH_DRAWING,1,0,0
MHDC-PMAY-Khairi-Kamptee-Nagpur,05_Structural_Drawings/Structural_Design_Basis_and_Engineering_Notes.md,Structural_Design_Basis_and_Engineering_Notes.md,.md,1773,0.002,SYNTH,0,0,0
MHDC-PMAY-Khairi-Kamptee-Nagpur,05_Structural_Drawings/VolumeIK-P1.pdf,VolumeIK-P1.pdf,.pdf,2704927,2.58,CAT3_STRUCT_DRAWING,1,0,0
MHDC-PMAY-Khairi-Kamptee-Nagpur,06_MEP_Services/MEP_Engineering_Specifications_and_Services_Schedule.md,MEP_Engineering_Specifications_and_Services_Schedule.md,.md,2241,0.002,SYNTH,0,0,0
MHDC-PMAY-Khairi-Kamptee-Nagpur,06_MEP_Services/VolumeIK-P1.pdf,VolumeIK-P1.pdf,.pdf,2704927,2.58,CAT8_MEP,1,0,0
MHDC-PMAY-Khairi-Kamptee-Nagpur,07_Landscape_Infrastructure/Site_Development_and_External_Infrastructure_Schedule.md,Site_Development_and_External_Infrastructure_Schedule.md,.md,1589,0.002,SYNTH,0,0,0
MHDC-PMAY-Khairi-Kamptee-Nagpur,07_Landscape_Infrastructure/VolumeIK-P1.pdf,VolumeIK-P1.pdf,.pdf,2704927,2.58,CAT2_ARCH_DRAWING,1,0,0
MHDC-PMAY-Khairi-Kamptee-Nagpur,08_Execution_Actuals/Construction_Milestones_and_Execution_Charter.md,Construction_Milestones_and_Execution_Charter.md,.md,1576,0.002,SYNTH,0,0,0
MHDC-PMAY-Khairi-Kamptee-Nagpur,99_Unverified_or_Related_References/Bhilgaon_Package-1-VolumeI.pdf,Bhilgaon_Package-1-VolumeI.pdf,.pdf,2503965,2.388,CAT_UNVERIFIED,1,0,0
MHDC-PMAY-Khairi-Kamptee-Nagpur,99_Unverified_or_Related_References/Bhilgaon_Package-2-VolumeI.pdf,Bhilgaon_Package-2-VolumeI.pdf,.pdf,3229699,3.08,CAT_UNVERIFIED,1,0,0
MHDC-PMAY-Khairi-Kamptee-Nagpur,99_Unverified_or_Related_References/TechnicalBidwithsign.pdf,TechnicalBidwithsign.pdf,.pdf,362225,0.345,CAT_UNVERIFIED,1,0,0
NBCC-GPRA-Sarojini-Nagar,file_manifest.csv,file_manifest.csv,.csv,198,0.0,METADATA,0,0,0
NBCC-GPRA-Sarojini-Nagar,file_manifest.json,file_manifest.json,.json,7917,0.008,METADATA,0,0,0
NBCC-GPRA-Sarojini-Nagar,README.md,README.md,.md,3233,0.003,METADATA,0,0,0
NBCC-GPRA-Sarojini-Nagar,00_Core_Intelligence_Dataset/.gitkeep,.gitkeep,,0,0.0,GITKEEP,0,0,0
NBCC-GPRA-Sarojini-Nagar,00_Core_Intelligence_Dataset/README.md,README.md,.md,3745,0.004,METADATA,0,0,0
NBCC-GPRA-Sarojini-Nagar,01_Package_III_Commercial_C/README.md,README.md,.md,3476,0.003,METADATA,0,0,0
NBCC-GPRA-Sarojini-Nagar,01_Package_III_Commercial_C/01_NIT_Conditions/.gitkeep,.gitkeep,,0,0.0,GITKEEP,0,0,0
NBCC-GPRA-Sarojini-Nagar,01_Package_III_Commercial_C/03_DBR_Geotech_Vol_III/.gitkeep,.gitkeep,,0,0.0,GITKEEP,0,0,0
NBCC-GPRA-Sarojini-Nagar,01_Package_III_Commercial_C/04_Specifications_Vol_IV/.gitkeep,.gitkeep,,0,0.0,GITKEEP,0,0,0
NBCC-GPRA-Sarojini-Nagar,01_Package_III_Commercial_C/05_Tender_Drawings_Vol_V/.gitkeep,.gitkeep,,0,0.0,GITKEEP,0,0,0
NBCC-GPRA-Sarojini-Nagar,01_Package_III_Commercial_C/06_BOQ_Excel_Vol_VI/.gitkeep,.gitkeep,,0,0.0,GITKEEP,0,0,0
NBCC-GPRA-Sarojini-Nagar,01_Package_III_Commercial_C/07_Finishes_Approved_Makes_Vol_VII/.gitkeep,.gitkeep,,0,0.0,GITKEEP,0,0,0
NBCC-GPRA-Sarojini-Nagar,01_Package_III_Commercial_C/08_Contract_GCC_SCC_Vol_I/.gitkeep,.gitkeep,,0,0.0,GITKEEP,0,0,0
NBCC-GPRA-Sarojini-Nagar,01_Tender_NIT_PreBid/.gitkeep,.gitkeep,,0,0.0,GITKEEP,0,0,0
NBCC-GPRA-Sarojini-Nagar,02_Cost_BOQ_Makes/.gitkeep,.gitkeep,,0,0.0,GITKEEP,0,0,0
NBCC-GPRA-Sarojini-Nagar,02_Package_VI_Type_V_Quarters_800Nos/README.md,README.md,.md,712,0.001,METADATA,0,0,0
NBCC-GPRA-Sarojini-Nagar,02_Package_VI_Type_V_Quarters_800Nos/01_NIT_Conditions/.gitkeep,.gitkeep,,0,0.0,GITKEEP,0,0,0
NBCC-GPRA-Sarojini-Nagar,03_Package_VB_Type_V_Quarters_1048Nos/README.md,README.md,.md,754,0.001,METADATA,0,0,0
NBCC-GPRA-Sarojini-Nagar,03_Package_VB_Type_V_Quarters_1048Nos/01_Tender_Scope/.gitkeep,.gitkeep,,0,0.0,GITKEEP,0,0,0
NBCC-GPRA-Sarojini-Nagar,03_Technical_Specifications_Reports/.gitkeep,.gitkeep,,0,0.0,GITKEEP,0,0,0
NBCC-GPRA-Sarojini-Nagar,04_Architectural_Drawings/.gitkeep,.gitkeep,,0,0.0,GITKEEP,0,0,0
NBCC-GPRA-Sarojini-Nagar,04_Package_VA_Type_IV_Quarters_1307Nos/README.md,README.md,.md,693,0.001,METADATA,0,0,0
NBCC-GPRA-Sarojini-Nagar,04_Package_VA_Type_IV_Quarters_1307Nos/01_Tender_Scope/.gitkeep,.gitkeep,,0,0.0,GITKEEP,0,0,0
NBCC-GPRA-Sarojini-Nagar,05_Package_VC_Apartments_99Nos_CommunityHall/README.md,README.md,.md,709,0.001,METADATA,0,0,0
NBCC-GPRA-Sarojini-Nagar,05_Package_VC_Apartments_99Nos_CommunityHall/01_Tender_Scope/.gitkeep,.gitkeep,,0,0.0,GITKEEP,0,0,0
NBCC-GPRA-Sarojini-Nagar,05_Structural_Drawings/.gitkeep,.gitkeep,,0,0.0,GITKEEP,0,0,0
NBCC-GPRA-Sarojini-Nagar,06_MEP_Services/.gitkeep,.gitkeep,,0,0.0,GITKEEP,0,0,0
NBCC-GPRA-Sarojini-Nagar,06_Package_IV_Commercial_CGHS_Dispensary/README.md,README.md,.md,1111,0.001,METADATA,0,0,0
NBCC-GPRA-Sarojini-Nagar,06_Package_IV_Commercial_CGHS_Dispensary/01_Shopping_Dispensary_IVA/.gitkeep,.gitkeep,,0,0.0,GITKEEP,0,0,0
NBCC-GPRA-Sarojini-Nagar,06_Package_IV_Commercial_CGHS_Dispensary/02_Type_IV_Quarters_IVC/.gitkeep,.gitkeep,,0,0.0,GITKEEP,0,0,0
NBCC-GPRA-Sarojini-Nagar,07_Landscape_Infrastructure/.gitkeep,.gitkeep,,0,0.0,GITKEEP,0,0,0
NBCC-GPRA-Sarojini-Nagar,07_Package_VII_Commercial_D_Blocks/README.md,README.md,.md,1092,0.001,METADATA,0,0,0
NBCC-GPRA-Sarojini-Nagar,07_Package_VII_Commercial_D_Blocks/01_Commercial_D_Block_A_VIIA/.gitkeep,.gitkeep,,0,0.0,GITKEEP,0,0,0
NBCC-GPRA-Sarojini-Nagar,07_Package_VII_Commercial_D_Blocks/02_Commercial_D_Block_B_VIIB/.gitkeep,.gitkeep,,0,0.0,GITKEEP,0,0,0
NBCC-GPRA-Sarojini-Nagar,08_Execution_Actuals/.gitkeep,.gitkeep,,0,0.0,GITKEEP,0,0,0
NBCC-GPRA-Sarojini-Nagar,08_Procurement_Portals_Access/README.md,README.md,.md,631,0.001,METADATA,0,0,0
NBCC-GPRA-Sarojini-Nagar,08_Procurement_Portals_Access/01_Portal_Registration_Guidelines/.gitkeep,.gitkeep,,0,0.0,GITKEEP,0,0,0
NBCC-GPRA-Sarojini-Nagar,99_Unverified_or_Related_References/.gitkeep,.gitkeep,,0,0.0,GITKEEP,0,0,0
NBCC-GPRA-Sarojini-Nagar,scripts/download_all.ps1,download_all.ps1,.ps1,1256,0.001,SCRIPT,0,0,0
NBCC-GPRA-Sarojini-Nagar,scripts/download_all.py,download_all.py,.py,1713,0.002,SCRIPT,0,0,0
NBCC-GPRA-Sarojini-Nagar,scripts/download_core.ps1,download_core.ps1,.ps1,2051,0.002,SCRIPT,0,0,0
NBCC-GPRA-Sarojini-Nagar,scripts/download_core.py,download_core.py,.py,2457,0.002,SCRIPT,0,0,0
NIT-Nalanda,discovered_pdfs.txt,discovered_pdfs.txt,.txt,67337,0.064,OTHER,0,0,0
NIT-Nalanda,file_manifest.csv,file_manifest.csv,.csv,7996,0.008,METADATA,0,0,0
NIT-Nalanda,file_manifest.json,file_manifest.json,.json,262824,0.251,METADATA,0,0,0
NIT-Nalanda,README.md,README.md,.md,3706,0.004,METADATA,0,0,0
NIT-Nalanda,00_Core_Intelligence_Dataset/.gitkeep,.gitkeep,,0,0.0,GITKEEP,0,0,0
NIT-Nalanda,00_Core_Intelligence_Dataset/02.-ecpt.pdf,02.-ecpt.pdf,.pdf,36821,0.035,CAT4_BOQ,0,0,0
NIT-Nalanda,00_Core_Intelligence_Dataset/05.-boq-schedule-b-combined.pdf,05.-boq-schedule-b-combined.pdf,.pdf,467141,0.446,CAT4_BOQ,1,0,0
NIT-Nalanda,00_Core_Intelligence_Dataset/1.1-pile-layout-and-details-for-faculty-housing-appt-type-1b-.pdf,1.1-pile-layout-and-details-for-faculty-housing-appt-type-1b-.pdf,.pdf,358006,0.341,CAT2_ARCH_DRAWING,1,0,0
NIT-Nalanda,00_Core_Intelligence_Dataset/a.2.1-type-1b-ground-floor-plan.pdf,a.2.1-type-1b-ground-floor-plan.pdf,.pdf,607476,0.579,CAT2_ARCH_DRAWING,1,0,0
NIT-Nalanda,00_Core_Intelligence_Dataset/finalnit25-03-17.pdf,finalnit25-03-17.pdf,.pdf,2202032,2.1,CAT1_TENDER,1,0,0
NIT-Nalanda,00_Core_Intelligence_Dataset/nalanda-residential-specifications-part-i-civil-works.pdf,nalanda-residential-specifications-part-i-civil-works.pdf,.pdf,1859819,1.774,CAT5_SPECS,1,0,0
NIT-Nalanda,00_Core_Intelligence_Dataset/nalanda-residential-specifications-part-ii-services.pdf,nalanda-residential-specifications-part-ii-services.pdf,.pdf,2160365,2.06,CAT5_SPECS,1,0,0
NIT-Nalanda,00_Core_Intelligence_Dataset/README.md,README.md,.md,2873,0.003,METADATA,0,0,0
NIT-Nalanda,01_Tender_NIT_PreBid/README.md,README.md,.md,1795,0.002,METADATA,0,0,0
NIT-Nalanda,01_Tender_NIT_PreBid/01_Cover_Page/.gitkeep,.gitkeep,,0,0.0,GITKEEP,0,0,0
NIT-Nalanda,01_Tender_NIT_PreBid/02_NIT_Conditions/.gitkeep,.gitkeep,,0,0.0,GITKEEP,0,0,0
NIT-Nalanda,01_Tender_NIT_PreBid/02_NIT_Conditions/finalnit25-03-17.pdf,finalnit25-03-17.pdf,.pdf,2202032,2.1,CAT1_TENDER,1,0,0
NIT-Nalanda,01_Tender_NIT_PreBid/03_PreBid_Minutes_Replies/.gitkeep,.gitkeep,,0,0.0,GITKEEP,0,0,0
NIT-Nalanda,01_Tender_NIT_PreBid/04_Corrigendum_3/.gitkeep,.gitkeep,,0,0.0,GITKEEP,0,0,0
NIT-Nalanda,01_Tender_NIT_PreBid/05_General_Tender_Docs/.gitkeep,.gitkeep,,0,0.0,GITKEEP,0,0,0
NIT-Nalanda,02_Cost_BOQ_Makes/README.md,README.md,.md,3392,0.003,METADATA,0,0,0
NIT-Nalanda,02_Cost_BOQ_Makes/01_Estimated_Cost_ECPT/.gitkeep,.gitkeep,,0,0.0,GITKEEP,0,0,0
NIT-Nalanda,02_Cost_BOQ_Makes/01_Estimated_Cost_ECPT/02.-ecpt.pdf,02.-ecpt.pdf,.pdf,36821,0.035,CAT4_BOQ,0,0,0
NIT-Nalanda,02_Cost_BOQ_Makes/02_BOQ_Schedules/Combined_BOQ/.gitkeep,.gitkeep,,0,0.0,GITKEEP,0,0,0
NIT-Nalanda,02_Cost_BOQ_Makes/02_BOQ_Schedules/Combined_BOQ/05.-boq-schedule-b-combined.pdf,05.-boq-schedule-b-combined.pdf,.pdf,467141,0.446,CAT4_BOQ,1,0,0
NIT-Nalanda,02_Cost_BOQ_Makes/02_BOQ_Schedules/DSR_Items/.gitkeep,.gitkeep,,0,0.0,GITKEEP,0,0,0
NIT-Nalanda,02_Cost_BOQ_Makes/02_BOQ_Schedules/Market_Rate_Items/.gitkeep,.gitkeep,,0,0.0,GITKEEP,0,0,0
NIT-Nalanda,02_Cost_BOQ_Makes/03_Approved_Makes/Civil/.gitkeep,.gitkeep,,0,0.0,GITKEEP,0,0,0
NIT-Nalanda,02_Cost_BOQ_Makes/03_Approved_Makes/Electrical/.gitkeep,.gitkeep,,0,0.0,GITKEEP,0,0,0
NIT-Nalanda,02_Cost_BOQ_Makes/03_Approved_Makes/Fire_Fighting/.gitkeep,.gitkeep,,0,0.0,GITKEEP,0,0,0
NIT-Nalanda,02_Cost_BOQ_Makes/03_Approved_Makes/Plumbing/.gitkeep,.gitkeep,,0,0.0,GITKEEP,0,0,0
NIT-Nalanda,02_Cost_BOQ_Makes/04_Approved_Baskets/Electrical/.gitkeep,.gitkeep,,0,0.0,GITKEEP,0,0,0
NIT-Nalanda,02_Cost_BOQ_Makes/04_Approved_Baskets/PHE/.gitkeep,.gitkeep,,0,0.0,GITKEEP,0,0,0
NIT-Nalanda,03_Technical_Specifications_Reports/README.md,README.md,.md,1647,0.002,METADATA,0,0,0
NIT-Nalanda,03_Technical_Specifications_Reports/Geotechnical_Soil_Investigation/.gitkeep,.gitkeep,,0,0.0,GITKEEP,0,0,0
NIT-Nalanda,03_Technical_Specifications_Reports/Material_Reports_CSEB/.gitkeep,.gitkeep,,0,0.0,GITKEEP,0,0,0
NIT-Nalanda,03_Technical_Specifications_Reports/Specifications/Part_II_Services/.gitkeep,.gitkeep,,0,0.0,GITKEEP,0,0,0
NIT-Nalanda,03_Technical_Specifications_Reports/Specifications/Part_II_Services/nalanda-residential-specifications-part-ii-services.pdf,nalanda-residential-specifications-part-ii-services.pdf,.pdf,2160365,2.06,CAT5_SPECS,1,0,0
NIT-Nalanda,03_Technical_Specifications_Reports/Specifications/Part_I_Civil_Works/.gitkeep,.gitkeep,,0,0.0,GITKEEP,0,0,0
NIT-Nalanda,03_Technical_Specifications_Reports/Specifications/Part_I_Civil_Works/nalanda-residential-specifications-part-i-civil-works.pdf,nalanda-residential-specifications-part-i-civil-works.pdf,.pdf,1859819,1.774,CAT5_SPECS,1,0,0
NIT-Nalanda,04_Architectural_Drawings/README.md,README.md,.md,37002,0.035,METADATA,0,0,0
NIT-Nalanda,04_Architectural_Drawings/00_Masterplan_SitePlan/.gitkeep,.gitkeep,,0,0.0,GITKEEP,0,0,0
NIT-Nalanda,04_Architectural_Drawings/01_Faculty_Apartments/Component_Details/Doors/.gitkeep,.gitkeep,,0,0.0,GITKEEP,0,0,0
NIT-Nalanda,04_Architectural_Drawings/01_Faculty_Apartments/Component_Details/General_Details/.gitkeep,.gitkeep,,0,0.0,GITKEEP,0,0,0
NIT-Nalanda,04_Architectural_Drawings/01_Faculty_Apartments/Component_Details/Stairs/.gitkeep,.gitkeep,,0,0.0,GITKEEP,0,0,0
NIT-Nalanda,04_Architectural_Drawings/01_Faculty_Apartments/Component_Details/Toilets/.gitkeep,.gitkeep,,0,0.0,GITKEEP,0,0,0
NIT-Nalanda,04_Architectural_Drawings/01_Faculty_Apartments/Component_Details/Walls/.gitkeep,.gitkeep,,0,0.0,GITKEEP,0,0,0
NIT-Nalanda,04_Architectural_Drawings/01_Faculty_Apartments/Component_Details/Windows/.gitkeep,.gitkeep,,0,0.0,GITKEEP,0,0,0
NIT-Nalanda,04_Architectural_Drawings/01_Faculty_Apartments/Type_1B/.gitkeep,.gitkeep,,0,0.0,GITKEEP,0,0,0
NIT-Nalanda,04_Architectural_Drawings/01_Faculty_Apartments/Type_1B/a.2.1-type-1b-ground-floor-plan.pdf,a.2.1-type-1b-ground-floor-plan.pdf,.pdf,607476,0.579,CAT2_ARCH_DRAWING,1,0,0
NIT-Nalanda,04_Architectural_Drawings/01_Faculty_Apartments/Type_2/.gitkeep,.gitkeep,,0,0.0,GITKEEP,0,0,0
NIT-Nalanda,04_Architectural_Drawings/01_Faculty_Apartments/Type_3/.gitkeep,.gitkeep,,0,0.0,GITKEEP,0,0,0
NIT-Nalanda,04_Architectural_Drawings/02_Faculty_Bungalows/2_Unit_Bungalow/.gitkeep,.gitkeep,,0,0.0,GITKEEP,0,0,0
NIT-Nalanda,04_Architectural_Drawings/02_Faculty_Bungalows/3_Unit_Bungalow/.gitkeep,.gitkeep,,0,0.0,GITKEEP,0,0,0
NIT-Nalanda,04_Architectural_Drawings/03_Student_Hostels/Type_T01/.gitkeep,.gitkeep,,0,0.0,GITKEEP,0,0,0
NIT-Nalanda,04_Architectural_Drawings/03_Student_Hostels/Type_T02/.gitkeep,.gitkeep,,0,0.0,GITKEEP,0,0,0
NIT-Nalanda,04_Architectural_Drawings/03_Student_Hostels/Type_T03/.gitkeep,.gitkeep,,0,0.0,GITKEEP,0,0,0
NIT-Nalanda,04_Architectural_Drawings/03_Student_Hostels/Type_T04/.gitkeep,.gitkeep,,0,0.0,GITKEEP,0,0,0
NIT-Nalanda,04_Architectural_Drawings/03_Student_Hostels/Type_T05/.gitkeep,.gitkeep,,0,0.0,GITKEEP,0,0,0
NIT-Nalanda,04_Architectural_Drawings/03_Student_Hostels/Type_T06/.gitkeep,.gitkeep,,0,0.0,GITKEEP,0,0,0
NIT-Nalanda,04_Architectural_Drawings/03_Student_Hostels/Type_T07/.gitkeep,.gitkeep,,0,0.0,GITKEEP,0,0,0
NIT-Nalanda,04_Architectural_Drawings/03_Student_Hostels/Type_T08/.gitkeep,.gitkeep,,0,0.0,GITKEEP,0,0,0
NIT-Nalanda,04_Architectural_Drawings/03_Student_Hostels/Type_T09/.gitkeep,.gitkeep,,0,0.0,GITKEEP,0,0,0
NIT-Nalanda,04_Architectural_Drawings/03_Student_Hostels/Type_T10/.gitkeep,.gitkeep,,0,0.0,GITKEEP,0,0,0
NIT-Nalanda,04_Architectural_Drawings/03_Student_Hostels/Type_T11/.gitkeep,.gitkeep,,0,0.0,GITKEEP,0,0,0
NIT-Nalanda,04_Architectural_Drawings/03_Student_Hostels/Type_T12/.gitkeep,.gitkeep,,0,0.0,GITKEEP,0,0,0
NIT-Nalanda,04_Architectural_Drawings/03_Student_Hostels/Type_T13/.gitkeep,.gitkeep,,0,0.0,GITKEEP,0,0,0
NIT-Nalanda,05_Structural_Drawings/README.md,README.md,.md,63020,0.06,METADATA,0,0,0
NIT-Nalanda,05_Structural_Drawings/01_Faculty_Housing_Apartments/Type_1B/.gitkeep,.gitkeep,,0,0.0,GITKEEP,0,0,0
NIT-Nalanda,05_Structural_Drawings/01_Faculty_Housing_Apartments/Type_1B/1.1-pile-layout-and-details-for-faculty-housing-appt-type-1b-.pdf,1.1-pile-layout-and-details-for-faculty-housing-appt-type-1b-.pdf,.pdf,358006,0.341,CAT2_ARCH_DRAWING,1,0,0
NIT-Nalanda,05_Structural_Drawings/01_Faculty_Housing_Apartments/Type_2/.gitkeep,.gitkeep,,0,0.0,GITKEEP,0,0,0
NIT-Nalanda,05_Structural_Drawings/01_Faculty_Housing_Apartments/Type_3/.gitkeep,.gitkeep,,0,0.0,GITKEEP,0,0,0
NIT-Nalanda,05_Structural_Drawings/02_Faculty_Bungalows/2_Unit_Bungalow/.gitkeep,.gitkeep,,0,0.0,GITKEEP,0,0,0
NIT-Nalanda,05_Structural_Drawings/02_Faculty_Bungalows/3_Unit_Bungalow/.gitkeep,.gitkeep,,0,0.0,GITKEEP,0,0,0
NIT-Nalanda,05_Structural_Drawings/03_Student_Hostels/Hostel_Structural_Models/.gitkeep,.gitkeep,,0,0.0,GITKEEP,0,0,0
NIT-Nalanda,05_Structural_Drawings/03_Student_Hostels/Type_01/.gitkeep,.gitkeep,,0,0.0,GITKEEP,0,0,0
NIT-Nalanda,05_Structural_Drawings/03_Student_Hostels/Type_02/.gitkeep,.gitkeep,,0,0.0,GITKEEP,0,0,0
NIT-Nalanda,05_Structural_Drawings/03_Student_Hostels/Type_03/.gitkeep,.gitkeep,,0,0.0,GITKEEP,0,0,0
NIT-Nalanda,05_Structural_Drawings/03_Student_Hostels/Type_04/.gitkeep,.gitkeep,,0,0.0,GITKEEP,0,0,0
NIT-Nalanda,05_Structural_Drawings/03_Student_Hostels/Type_05/.gitkeep,.gitkeep,,0,0.0,GITKEEP,0,0,0
NIT-Nalanda,05_Structural_Drawings/03_Student_Hostels/Type_06/.gitkeep,.gitkeep,,0,0.0,GITKEEP,0,0,0
NIT-Nalanda,05_Structural_Drawings/03_Student_Hostels/Type_07/.gitkeep,.gitkeep,,0,0.0,GITKEEP,0,0,0
NIT-Nalanda,05_Structural_Drawings/03_Student_Hostels/Type_08/.gitkeep,.gitkeep,,0,0.0,GITKEEP,0,0,0
NIT-Nalanda,05_Structural_Drawings/03_Student_Hostels/Type_09/.gitkeep,.gitkeep,,0,0.0,GITKEEP,0,0,0
NIT-Nalanda,05_Structural_Drawings/03_Student_Hostels/Type_10/.gitkeep,.gitkeep,,0,0.0,GITKEEP,0,0,0
NIT-Nalanda,05_Structural_Drawings/03_Student_Hostels/Type_11/.gitkeep,.gitkeep,,0,0.0,GITKEEP,0,0,0
NIT-Nalanda,05_Structural_Drawings/03_Student_Hostels/Type_12/.gitkeep,.gitkeep,,0,0.0,GITKEEP,0,0,0
NIT-Nalanda,05_Structural_Drawings/03_Student_Hostels/Type_13/.gitkeep,.gitkeep,,0,0.0,GITKEEP,0,0,0
NIT-Nalanda,06_MEP_Services/README.md,README.md,.md,42910,0.041,METADATA,0,0,0
NIT-Nalanda,06_MEP_Services/01_Electrical/Faculty_Apartments/Type_1B/.gitkeep,.gitkeep,,0,0.0,GITKEEP,0,0,0
NIT-Nalanda,06_MEP_Services/01_Electrical/Faculty_Apartments/Type_2/.gitkeep,.gitkeep,,0,0.0,GITKEEP,0,0,0
NIT-Nalanda,06_MEP_Services/01_Electrical/Faculty_Apartments/Type_3/.gitkeep,.gitkeep,,0,0.0,GITKEEP,0,0,0
NIT-Nalanda,06_MEP_Services/01_Electrical/Faculty_Bungalows_FRH/.gitkeep,.gitkeep,,0,0.0,GITKEEP,0,0,0
NIT-Nalanda,06_MEP_Services/01_Electrical/Married_Student_Hostels_MSH/.gitkeep,.gitkeep,,0,0.0,GITKEEP,0,0,0
NIT-Nalanda,06_MEP_Services/01_Electrical/Regular_Student_Hostels_RSH/.gitkeep,.gitkeep,,0,0.0,GITKEEP,0,0,0
NIT-Nalanda,06_MEP_Services/02_Plumbing_Sanitary_PHE/Faculty_Apartments/Type_1B/.gitkeep,.gitkeep,,0,0.0,GITKEEP,0,0,0
NIT-Nalanda,06_MEP_Services/02_Plumbing_Sanitary_PHE/Faculty_Apartments/Type_2/.gitkeep,.gitkeep,,0,0.0,GITKEEP,0,0,0
NIT-Nalanda,06_MEP_Services/02_Plumbing_Sanitary_PHE/Faculty_Apartments/Type_3/.gitkeep,.gitkeep,,0,0.0,GITKEEP,0,0,0
NIT-Nalanda,06_MEP_Services/02_Plumbing_Sanitary_PHE/Faculty_Bungalows_FRH/.gitkeep,.gitkeep,,0,0.0,GITKEEP,0,0,0
NIT-Nalanda,06_MEP_Services/02_Plumbing_Sanitary_PHE/Married_Student_Hostels_MSH/.gitkeep,.gitkeep,,0,0.0,GITKEEP,0,0,0
NIT-Nalanda,06_MEP_Services/02_Plumbing_Sanitary_PHE/Masterplan_PHE/.gitkeep,.gitkeep,,0,0.0,GITKEEP,0,0,0
NIT-Nalanda,06_MEP_Services/02_Plumbing_Sanitary_PHE/Regular_Student_Hostels_RSH/.gitkeep,.gitkeep,,0,0.0,GITKEEP,0,0,0
NIT-Nalanda,06_MEP_Services/03_Fire_Fighting/Faculty_Apartments/Type_1B/.gitkeep,.gitkeep,,0,0.0,GITKEEP,0,0,0
NIT-Nalanda,06_MEP_Services/03_Fire_Fighting/Faculty_Apartments/Type_2/.gitkeep,.gitkeep,,0,0.0,GITKEEP,0,0,0
NIT-Nalanda,06_MEP_Services/03_Fire_Fighting/Faculty_Apartments/Type_3/.gitkeep,.gitkeep,,0,0.0,GITKEEP,0,0,0
NIT-Nalanda,06_MEP_Services/03_Fire_Fighting/Faculty_Bungalows_FRH/.gitkeep,.gitkeep,,0,0.0,GITKEEP,0,0,0
NIT-Nalanda,06_MEP_Services/03_Fire_Fighting/Married_Student_Hostels_MSH/.gitkeep,.gitkeep,,0,0.0,GITKEEP,0,0,0
NIT-Nalanda,06_MEP_Services/03_Fire_Fighting/Regular_Student_Hostels_RSH/.gitkeep,.gitkeep,,0,0.0,GITKEEP,0,0,0
NIT-Nalanda,07_Landscape_Infrastructure/README.md,README.md,.md,3539,0.003,METADATA,0,0,0
NIT-Nalanda,07_Landscape_Infrastructure/Faculty_Housing_Landscape/.gitkeep,.gitkeep,,0,0.0,GITKEEP,0,0,0
NIT-Nalanda,07_Landscape_Infrastructure/Masterplan_Landscape/.gitkeep,.gitkeep,,0,0.0,GITKEEP,0,0,0
NIT-Nalanda,07_Landscape_Infrastructure/Play_Equipment_Details/.gitkeep,.gitkeep,,0,0.0,GITKEEP,0,0,0
NIT-Nalanda,07_Landscape_Infrastructure/Student_Housing_Landscape/.gitkeep,.gitkeep,,0,0.0,GITKEEP,0,0,0
NIT-Nalanda,08_Execution_Actuals/.gitkeep,.gitkeep,,0,0.0,GITKEEP,0,0,0
NIT-Nalanda,08_VC_Bungalow/README.md,README.md,.md,3637,0.003,METADATA,0,0,0
NIT-Nalanda,08_VC_Bungalow/MEP_Services/Electrical/.gitkeep,.gitkeep,,0,0.0,GITKEEP,0,0,0
NIT-Nalanda,08_VC_Bungalow/MEP_Services/Fire_Fighting/.gitkeep,.gitkeep,,0,0.0,GITKEEP,0,0,0
NIT-Nalanda,08_VC_Bungalow/MEP_Services/Plumbing/.gitkeep,.gitkeep,,0,0.0,GITKEEP,0,0,0
NIT-Nalanda,10_Controlled_Transcription/second_pilot_phase_1_document_audit/ai_input_vs_ground_truth_map.csv,ai_input_vs_ground_truth_map.csv,.csv,4295,0.004,STRUCTURED_DATA,0,0,0
NIT-Nalanda,10_Controlled_Transcription/second_pilot_phase_1_document_audit/missing_evidence_register.csv,missing_evidence_register.csv,.csv,5656,0.005,AUDIT_DATA,0,0,0
NIT-Nalanda,10_Controlled_Transcription/second_pilot_phase_1_document_audit/nalanda_project_source_audit.csv,nalanda_project_source_audit.csv,.csv,4226,0.004,AUDIT_DATA,0,0,0
NIT-Nalanda,10_Controlled_Transcription/second_pilot_phase_1_document_audit/phase_1_document_audit_log.md,phase_1_document_audit_log.md,.md,8073,0.008,SYNTH,0,0,0
NIT-Nalanda,10_Controlled_Transcription/second_pilot_phase_1_document_audit/same_project_matching_check.csv,same_project_matching_check.csv,.csv,3946,0.004,STRUCTURED_DATA,0,0,0
NIT-Nalanda,10_Controlled_Transcription/second_pilot_phase_1_document_audit/selected_scope_lock.md,selected_scope_lock.md,.md,7291,0.007,SYNTH,0,0,0
NIT-Nalanda,10_Controlled_Transcription/second_pilot_phase_2_controlled_transcription/controlled_nalanda_drawing_register.csv,controlled_nalanda_drawing_register.csv,.csv,1951,0.002,AUDIT_DATA,0,0,0
NIT-Nalanda,10_Controlled_Transcription/second_pilot_phase_2_controlled_transcription/controlled_nalanda_foundation_blocker_register.csv,controlled_nalanda_foundation_blocker_register.csv,.csv,5195,0.005,AUDIT_DATA,0,0,0
NIT-Nalanda,10_Controlled_Transcription/second_pilot_phase_2_controlled_transcription/controlled_nalanda_grid_register.csv,controlled_nalanda_grid_register.csv,.csv,9787,0.009,AUDIT_DATA,0,0,0
NIT-Nalanda,10_Controlled_Transcription/second_pilot_phase_2_controlled_transcription/controlled_nalanda_opening_register.csv,controlled_nalanda_opening_register.csv,.csv,6062,0.006,AUDIT_DATA,0,0,0
NIT-Nalanda,10_Controlled_Transcription/second_pilot_phase_2_controlled_transcription/controlled_nalanda_pile_register.csv,controlled_nalanda_pile_register.csv,.csv,1357,0.001,AUDIT_DATA,0,0,0
NIT-Nalanda,10_Controlled_Transcription/second_pilot_phase_2_controlled_transcription/controlled_nalanda_room_register.csv,controlled_nalanda_room_register.csv,.csv,7764,0.007,AUDIT_DATA,0,0,0
NIT-Nalanda,10_Controlled_Transcription/second_pilot_phase_2_controlled_transcription/controlled_nalanda_transcription_audit_trail.csv,controlled_nalanda_transcription_audit_trail.csv,.csv,54197,0.052,AUDIT_DATA,0,0,0
NIT-Nalanda,10_Controlled_Transcription/second_pilot_phase_2_controlled_transcription/phase_2_b_final_guardrail_check.md,phase_2_b_final_guardrail_check.md,.md,5896,0.006,SYNTH,0,0,0
NIT-Nalanda,10_Controlled_Transcription/second_pilot_phase_2_controlled_transcription/phase_2_b_overclaim_cleanup_log.md,phase_2_b_overclaim_cleanup_log.md,.md,11083,0.011,SYNTH,0,0,0
NIT-Nalanda,10_Controlled_Transcription/second_pilot_phase_2_controlled_transcription/phase_2_b_pile_evidence_verification.csv,phase_2_b_pile_evidence_verification.csv,.csv,7374,0.007,STRUCTURED_DATA,0,0,0
NIT-Nalanda,10_Controlled_Transcription/second_pilot_phase_2_controlled_transcription/phase_2_controlled_transcription_log.md,phase_2_controlled_transcription_log.md,.md,20135,0.019,SYNTH,0,0,0
NIT-Nalanda,99_Unverified_or_Related_References/.gitkeep,.gitkeep,,0,0.0,GITKEEP,0,0,0
NIT-Nalanda,scripts/download_all.ps1,download_all.ps1,.ps1,3398,0.003,SCRIPT,0,0,0
NIT-Nalanda,scripts/download_all.py,download_all.py,.py,4897,0.005,SCRIPT,0,0,0
NIT-Nalanda,scripts/download_core.ps1,download_core.ps1,.ps1,4248,0.004,SCRIPT,0,0,0
NIT-Nalanda,scripts/download_core.py,download_core.py,.py,4407,0.004,SCRIPT,0,0,0
NPCIL-Anuvijay-240-Quarters,file_manifest.csv,file_manifest.csv,.csv,7198,0.007,METADATA,0,0,0
NPCIL-Anuvijay-240-Quarters,README.md,README.md,.md,3341,0.003,METADATA,0,0,0
NPCIL-Anuvijay-240-Quarters,00_Core_Intelligence_Dataset/10Cr_01Apr2026_01_WO.pdf,10Cr_01Apr2026_01_WO.pdf,.pdf,316054,0.301,CAT7_SCHEDULE,1,0,0
NPCIL-Anuvijay-240-Quarters,00_Core_Intelligence_Dataset/10Cr_24Jul2024_01_WO.pdf,10Cr_24Jul2024_01_WO.pdf,.pdf,304578,0.29,CAT7_SCHEDULE,1,0,0
NPCIL-Anuvijay-240-Quarters,00_Core_Intelligence_Dataset/10Cr_28Jun2024_01_WO.pdf,10Cr_28Jun2024_01_WO.pdf,.pdf,302237,0.288,CAT7_SCHEDULE,1,0,0
NPCIL-Anuvijay-240-Quarters,00_Core_Intelligence_Dataset/BOQ_222105_Item_Rate_Schedule.csv,BOQ_222105_Item_Rate_Schedule.csv,.csv,3283,0.003,CAT4_BOQ,0,0,0
NPCIL-Anuvijay-240-Quarters,00_Core_Intelligence_Dataset/EOI_Document_14062024_01.pdf,EOI_Document_14062024_01.pdf,.pdf,882859,0.842,CAT1_TENDER,1,0,0
NPCIL-Anuvijay-240-Quarters,01_Tender_NIT_PreBid/.gitkeep,.gitkeep,,0,0.0,GITKEEP,0,0,0
NPCIL-Anuvijay-240-Quarters,01_Tender_NIT_PreBid/EOI_Document_14062024_01.pdf,EOI_Document_14062024_01.pdf,.pdf,882859,0.842,CAT1_TENDER,1,0,0
NPCIL-Anuvijay-240-Quarters,01_Tender_NIT_PreBid/Tender_Notice_Metadata.md,Tender_Notice_Metadata.md,.md,1072,0.001,SYNTH,0,0,0
NPCIL-Anuvijay-240-Quarters,02_Cost_BOQ_Makes/.gitkeep,.gitkeep,,0,0.0,GITKEEP,0,0,0
NPCIL-Anuvijay-240-Quarters,02_Cost_BOQ_Makes/BOQ_222105_Item_Rate_Schedule.csv,BOQ_222105_Item_Rate_Schedule.csv,.csv,3283,0.003,CAT4_BOQ,0,0,0
NPCIL-Anuvijay-240-Quarters,03_Technical_Specifications_Reports/.gitkeep,.gitkeep,,0,0.0,GITKEEP,0,0,0
NPCIL-Anuvijay-240-Quarters,03_Technical_Specifications_Reports/Technical_Specifications_Civil_MEP.md,Technical_Specifications_Civil_MEP.md,.md,2986,0.003,SYNTH,0,0,0
NPCIL-Anuvijay-240-Quarters,04_Architectural_Drawings/.gitkeep,.gitkeep,,0,0.0,GITKEEP,0,0,0
NPCIL-Anuvijay-240-Quarters,04_Architectural_Drawings/Architectural_Scope_Inventory.md,Architectural_Scope_Inventory.md,.md,1483,0.001,SYNTH,0,0,0
NPCIL-Anuvijay-240-Quarters,05_Structural_Drawings/.gitkeep,.gitkeep,,0,0.0,GITKEEP,0,0,0
NPCIL-Anuvijay-240-Quarters,05_Structural_Drawings/Structural_Design_Basis_Summary.md,Structural_Design_Basis_Summary.md,.md,815,0.001,SYNTH,0,0,0
NPCIL-Anuvijay-240-Quarters,06_MEP_Services/.gitkeep,.gitkeep,,0,0.0,GITKEEP,0,0,0
NPCIL-Anuvijay-240-Quarters,07_Landscape_Infrastructure/.gitkeep,.gitkeep,,0,0.0,GITKEEP,0,0,0
NPCIL-Anuvijay-240-Quarters,08_Execution_Actuals/.gitkeep,.gitkeep,,0,0.0,GITKEEP,0,0,0
NPCIL-Anuvijay-240-Quarters,08_Execution_Actuals/10Cr_01Apr2026_01_WO.pdf,10Cr_01Apr2026_01_WO.pdf,.pdf,316054,0.301,CAT7_SCHEDULE,1,0,0
NPCIL-Anuvijay-240-Quarters,08_Execution_Actuals/10Cr_24Jul2024_01_WO.pdf,10Cr_24Jul2024_01_WO.pdf,.pdf,304578,0.29,CAT7_SCHEDULE,1,0,0
NPCIL-Anuvijay-240-Quarters,08_Execution_Actuals/10Cr_28Jun2024_01_WO.pdf,10Cr_28Jun2024_01_WO.pdf,.pdf,302237,0.288,CAT7_SCHEDULE,1,0,0
NPCIL-Anuvijay-240-Quarters,99_Unverified_or_Related_References/.gitkeep,.gitkeep,,0,0.0,GITKEEP,0,0,0
OIL-RITES-Duliajan-BQ-Housing,file_manifest.csv,file_manifest.csv,.csv,24442,0.023,METADATA,0,0,0
OIL-RITES-Duliajan-BQ-Housing,file_manifest.json,file_manifest.json,.json,9354,0.009,METADATA,0,0,0
OIL-RITES-Duliajan-BQ-Housing,PILOT_V1_LOCKED_README.md,PILOT_V1_LOCKED_README.md,.md,10488,0.01,SYNTH,0,0,0
OIL-RITES-Duliajan-BQ-Housing,README.md,README.md,.md,3604,0.003,METADATA,0,0,0
OIL-RITES-Duliajan-BQ-Housing,00_Core_Intelligence_Dataset/.gitkeep,.gitkeep,,0,0.0,GITKEEP,0,0,0
OIL-RITES-Duliajan-BQ-Housing,00_Core_Intelligence_Dataset/BoQ_1_Civil_Works_pdf-2025-Aug-28-17-27-34.pdf,BoQ_1_Civil_Works_pdf-2025-Aug-28-17-27-34.pdf,.pdf,381429,0.364,CAT4_BOQ,1,0,0
OIL-RITES-Duliajan-BQ-Housing,00_Core_Intelligence_Dataset/BoQ_2_Electrical_Works_pdf-2025-Aug-28-17-27-48.pdf,BoQ_2_Electrical_Works_pdf-2025-Aug-28-17-27-48.pdf,.pdf,380831,0.363,CAT4_BOQ,1,0,0
OIL-RITES-Duliajan-BQ-Housing,00_Core_Intelligence_Dataset/BoQ_3_Plumbing_Sanitary_pdf-2025-Aug-28-17-28-6.pdf,BoQ_3_Plumbing_Sanitary_pdf-2025-Aug-28-17-28-6.pdf,.pdf,400928,0.382,CAT4_BOQ,1,0,0
OIL-RITES-Duliajan-BQ-Housing,00_Core_Intelligence_Dataset/DBR_Design_Basis_Report_pdf-2025-Aug-28-17-46-57.pdf,DBR_Design_Basis_Report_pdf-2025-Aug-28-17-46-57.pdf,.pdf,3900218,3.72,CAT1_TENDER,1,0,0
OIL-RITES-Duliajan-BQ-Housing,00_Core_Intelligence_Dataset/GT_report_310_Pages_pdf-2025-Aug-28-17-46-44.pdf,GT_report_310_Pages_pdf-2025-Aug-28-17-46-44.pdf,.pdf,9872998,9.416,CAT1_TENDER,1,0,1
OIL-RITES-Duliajan-BQ-Housing,00_Core_Intelligence_Dataset/Major_Order_Secured-oil-India-010425_pdf-2025-Apr-01-21-39-19.pdf,Major_Order_Secured-oil-India-010425_pdf-2025-Apr-01-21-39-19.pdf,.pdf,1485024,1.416,CAT1_TENDER,1,0,0
OIL-RITES-Duliajan-BQ-Housing,00_Core_Intelligence_Dataset/README.md,README.md,.md,3370,0.003,METADATA,0,0,0
OIL-RITES-Duliajan-BQ-Housing,00_Core_Intelligence_Dataset/status_of_Tender_dealt_Dec_2025_Badri_Rai_Award.pdf,status_of_Tender_dealt_Dec_2025_Badri_Rai_Award.pdf,.pdf,601149,0.573,CAT1_TENDER,1,0,0
OIL-RITES-Duliajan-BQ-Housing,00_Core_Intelligence_Dataset/Technical_Bid_pdf-2025-Aug-28-19-39-38.pdf,Technical_Bid_pdf-2025-Aug-28-19-39-38.pdf,.pdf,11442220,10.912,CAT1_TENDER,1,0,1
OIL-RITES-Duliajan-BQ-Housing,00_Core_Intelligence_Dataset/Tender_drawing_1_SitePlan_GroundFloor_pdf-2025-Aug-28-17-38-39.pdf,Tender_drawing_1_SitePlan_GroundFloor_pdf-2025-Aug-28-17-38-39.pdf,.pdf,20277835,19.338,CAT1_TENDER,1,0,1
OIL-RITES-Duliajan-BQ-Housing,00_Core_Intelligence_Dataset/Tender_drawing_3_TypicalFloor_StructuralHousing_pdf-2025-Aug-28-17-39-16.pdf,Tender_drawing_3_TypicalFloor_StructuralHousing_pdf-2025-Aug-28-17-39-16.pdf,.pdf,9299437,8.869,CAT3_STRUCT_DRAWING,1,0,1
OIL-RITES-Duliajan-BQ-Housing,00_Core_Intelligence_Dataset/Tender_drawing_4_Sections_StructuralCommunity_MEP_pdf-2025-Aug-28-17-39-32.pdf,Tender_drawing_4_Sections_StructuralCommunity_MEP_pdf-2025-Aug-28-17-39-32.pdf,.pdf,8044100,7.671,CAT2_ARCH_DRAWING,1,0,1
OIL-RITES-Duliajan-BQ-Housing,00_Project_Control/project_identity.md,project_identity.md,.md,3147,0.003,SYNTH,0,0,0
OIL-RITES-Duliajan-BQ-Housing,00_Project_Control/scope_match_audit.csv,scope_match_audit.csv,.csv,2638,0.003,AUDIT_DATA,0,0,0
OIL-RITES-Duliajan-BQ-Housing,00_Project_Control/selected_scope.md,selected_scope.md,.md,5391,0.005,SYNTH,0,0,0
OIL-RITES-Duliajan-BQ-Housing,00_Project_Control/source_document_register.csv,source_document_register.csv,.csv,5629,0.005,AUDIT_DATA,0,0,0
OIL-RITES-Duliajan-BQ-Housing,01_Drawing_Registers/architectural_sheet_register.csv,architectural_sheet_register.csv,.csv,12286,0.012,AUDIT_DATA,0,0,0
OIL-RITES-Duliajan-BQ-Housing,01_Drawing_Registers/corrigendum_supersession_audit.csv,corrigendum_supersession_audit.csv,.csv,1490,0.001,AUDIT_DATA,0,0,0
OIL-RITES-Duliajan-BQ-Housing,01_Drawing_Registers/drawing_extraction_readiness_report.md,drawing_extraction_readiness_report.md,.md,6177,0.006,SYNTH,0,0,0
OIL-RITES-Duliajan-BQ-Housing,01_Drawing_Registers/drawing_scope_map.csv,drawing_scope_map.csv,.csv,3403,0.003,STRUCTURED_DATA,0,0,0
OIL-RITES-Duliajan-BQ-Housing,01_Drawing_Registers/mep_sheet_register.csv,mep_sheet_register.csv,.csv,7213,0.007,AUDIT_DATA,0,0,0
OIL-RITES-Duliajan-BQ-Housing,01_Drawing_Registers/required_sheet_coverage.csv,required_sheet_coverage.csv,.csv,4085,0.004,STRUCTURED_DATA,0,0,0
OIL-RITES-Duliajan-BQ-Housing,01_Drawing_Registers/structural_sheet_register.csv,structural_sheet_register.csv,.csv,7410,0.007,AUDIT_DATA,0,0,0
OIL-RITES-Duliajan-BQ-Housing,01_Tender_NIT_PreBid/.gitkeep,.gitkeep,,0,0.0,GITKEEP,0,0,0
OIL-RITES-Duliajan-BQ-Housing,01_Tender_NIT_PreBid/Corrigendum-1-Technical_with_Drawings_Updated_pdf-2025-Sep-17-09-40-28.pdf,Corrigendum-1-Technical_with_Drawings_Updated_pdf-2025-Sep-17-09-40-28.pdf,.pdf,27598646,26.32,CAT1_TENDER,1,0,1
OIL-RITES-Duliajan-BQ-Housing,01_Tender_NIT_PreBid/Corrigendum-Reply_to_Queries_pdf-2025-Sep-17-09-35-31.pdf,Corrigendum-Reply_to_Queries_pdf-2025-Sep-17-09-35-31.pdf,.pdf,2881438,2.748,CAT1_TENDER,1,0,0
OIL-RITES-Duliajan-BQ-Housing,01_Tender_NIT_PreBid/Corrigendum-Time_Date_pdf-2025-Sep-17-09-33-36.pdf,Corrigendum-Time_Date_pdf-2025-Sep-17-09-33-36.pdf,.pdf,343182,0.327,CAT1_TENDER,1,0,0
OIL-RITES-Duliajan-BQ-Housing,01_Tender_NIT_PreBid/Major_Order_Secured-oil-India-010425_pdf-2025-Apr-01-21-39-19.pdf,Major_Order_Secured-oil-India-010425_pdf-2025-Apr-01-21-39-19.pdf,.pdf,1485024,1.416,CAT1_TENDER,1,0,0
OIL-RITES-Duliajan-BQ-Housing,01_Tender_NIT_PreBid/Schedule_of_Finishes_pdf-2025-Aug-28-17-48-28.pdf,Schedule_of_Finishes_pdf-2025-Aug-28-17-48-28.pdf,.pdf,1022204,0.975,CAT5_SPECS,1,0,0
OIL-RITES-Duliajan-BQ-Housing,01_Tender_NIT_PreBid/Technical_Bid_pdf-2025-Aug-28-19-39-38.pdf,Technical_Bid_pdf-2025-Aug-28-19-39-38.pdf,.pdf,11442220,10.912,CAT1_TENDER,1,0,1
OIL-RITES-Duliajan-BQ-Housing,02_Building_Element_Model/architectural_elements.csv,architectural_elements.csv,.csv,4052,0.004,STRUCTURED_DATA,0,0,0
OIL-RITES-Duliajan-BQ-Housing,02_Building_Element_Model/assumptions_log.csv,assumptions_log.csv,.csv,2087,0.002,STRUCTURED_DATA,0,0,0
OIL-RITES-Duliajan-BQ-Housing,02_Building_Element_Model/building_geometry.csv,building_geometry.csv,.csv,3020,0.003,STRUCTURED_DATA,0,0,0
OIL-RITES-Duliajan-BQ-Housing,02_Building_Element_Model/finishes_elements.csv,finishes_elements.csv,.csv,2577,0.002,STRUCTURED_DATA,0,0,0
OIL-RITES-Duliajan-BQ-Housing,02_Building_Element_Model/structural_elements.csv,structural_elements.csv,.csv,9931,0.009,STRUCTURED_DATA,0,0,0
OIL-RITES-Duliajan-BQ-Housing,02_Cost_BOQ_Makes/.gitkeep,.gitkeep,,0,0.0,GITKEEP,0,0,0
OIL-RITES-Duliajan-BQ-Housing,02_Cost_BOQ_Makes/BoQ_1_Civil_Works_pdf-2025-Aug-28-17-27-34.pdf,BoQ_1_Civil_Works_pdf-2025-Aug-28-17-27-34.pdf,.pdf,381429,0.364,CAT4_BOQ,1,0,0
OIL-RITES-Duliajan-BQ-Housing,02_Cost_BOQ_Makes/BoQ_2_Electrical_Works_pdf-2025-Aug-28-17-27-48.pdf,BoQ_2_Electrical_Works_pdf-2025-Aug-28-17-27-48.pdf,.pdf,380831,0.363,CAT4_BOQ,1,0,0
OIL-RITES-Duliajan-BQ-Housing,02_Cost_BOQ_Makes/BoQ_3_Plumbing_Sanitary_pdf-2025-Aug-28-17-28-6.pdf,BoQ_3_Plumbing_Sanitary_pdf-2025-Aug-28-17-28-6.pdf,.pdf,400928,0.382,CAT4_BOQ,1,0,0
OIL-RITES-Duliajan-BQ-Housing,03_Quantity_Takeoff/civil_quantity_takeoff.csv,civil_quantity_takeoff.csv,.csv,6694,0.006,STRUCTURED_DATA,0,0,0
OIL-RITES-Duliajan-BQ-Housing,03_Quantity_Takeoff/concrete_takeoff.csv,concrete_takeoff.csv,.csv,5484,0.005,STRUCTURED_DATA,0,0,0
OIL-RITES-Duliajan-BQ-Housing,03_Quantity_Takeoff/door_window_takeoff.csv,door_window_takeoff.csv,.csv,2492,0.002,STRUCTURED_DATA,0,0,0
OIL-RITES-Duliajan-BQ-Housing,03_Quantity_Takeoff/finishes_takeoff.csv,finishes_takeoff.csv,.csv,2586,0.002,STRUCTURED_DATA,0,0,0
OIL-RITES-Duliajan-BQ-Housing,03_Quantity_Takeoff/masonry_takeoff.csv,masonry_takeoff.csv,.csv,1066,0.001,STRUCTURED_DATA,0,0,0
OIL-RITES-Duliajan-BQ-Housing,03_Quantity_Takeoff/quantity_calculation_notes.md,quantity_calculation_notes.md,.md,8489,0.008,SYNTH,0,0,0
OIL-RITES-Duliajan-BQ-Housing,03_Quantity_Takeoff/reinforcement_takeoff.csv,reinforcement_takeoff.csv,.csv,2937,0.003,STRUCTURED_DATA,0,0,0
OIL-RITES-Duliajan-BQ-Housing,03_Technical_Specifications_Reports/.gitkeep,.gitkeep,,0,0.0,GITKEEP,0,0,0
OIL-RITES-Duliajan-BQ-Housing,03_Technical_Specifications_Reports/DBR_Design_Basis_Report_pdf-2025-Aug-28-17-46-57.pdf,DBR_Design_Basis_Report_pdf-2025-Aug-28-17-46-57.pdf,.pdf,3900218,3.72,CAT5_SPECS,1,0,0
OIL-RITES-Duliajan-BQ-Housing,03_Technical_Specifications_Reports/GT_report_310_Pages_pdf-2025-Aug-28-17-46-44.pdf,GT_report_310_Pages_pdf-2025-Aug-28-17-46-44.pdf,.pdf,9872998,9.416,CAT5_SPECS,1,0,1
OIL-RITES-Duliajan-BQ-Housing,03_Technical_Specifications_Reports/Schedule_of_Finishes_pdf-2025-Aug-28-17-48-28.pdf,Schedule_of_Finishes_pdf-2025-Aug-28-17-48-28.pdf,.pdf,1022204,0.975,CAT5_SPECS,1,0,0
OIL-RITES-Duliajan-BQ-Housing,03_Technical_Specifications_Reports/Technical_Bid_pdf-2025-Aug-28-19-39-38.pdf,Technical_Bid_pdf-2025-Aug-28-19-39-38.pdf,.pdf,11442220,10.912,CAT5_SPECS,1,0,1
OIL-RITES-Duliajan-BQ-Housing,03_Technical_Specifications_Reports/Topographic_survey_report_1_pdf-2025-Aug-28-17-46-0.pdf,Topographic_survey_report_1_pdf-2025-Aug-28-17-46-0.pdf,.pdf,929501,0.886,CAT5_SPECS,1,0,0
OIL-RITES-Duliajan-BQ-Housing,03_Technical_Specifications_Reports/Topographic_survey_report_2_pdf-2025-Aug-28-17-46-16.pdf,Topographic_survey_report_2_pdf-2025-Aug-28-17-46-16.pdf,.pdf,8791649,8.384,CAT5_SPECS,1,0,1
OIL-RITES-Duliajan-BQ-Housing,04_Architectural_Drawings/.gitkeep,.gitkeep,,0,0.0,GITKEEP,0,0,0
OIL-RITES-Duliajan-BQ-Housing,04_Architectural_Drawings/Corrigendum-1-Technical_with_Drawings_Updated_pdf-2025-Sep-17-09-40-28.pdf,Corrigendum-1-Technical_with_Drawings_Updated_pdf-2025-Sep-17-09-40-28.pdf,.pdf,27598646,26.32,CAT2_ARCH_DRAWING,1,0,1
OIL-RITES-Duliajan-BQ-Housing,04_Architectural_Drawings/Tender_drawing_1_SitePlan_GroundFloor_pdf-2025-Aug-28-17-38-39.pdf,Tender_drawing_1_SitePlan_GroundFloor_pdf-2025-Aug-28-17-38-39.pdf,.pdf,20277835,19.338,CAT2_ARCH_DRAWING,1,0,1
OIL-RITES-Duliajan-BQ-Housing,04_Architectural_Drawings/Tender_drawing_2_First_Second_Floor_pdf-2025-Aug-28-17-38-57.pdf,Tender_drawing_2_First_Second_Floor_pdf-2025-Aug-28-17-38-57.pdf,.pdf,9989275,9.527,CAT2_ARCH_DRAWING,1,0,1
OIL-RITES-Duliajan-BQ-Housing,04_Architectural_Drawings/Tender_drawing_3_TypicalFloor_StructuralHousing_pdf-2025-Aug-28-17-39-16.pdf,Tender_drawing_3_TypicalFloor_StructuralHousing_pdf-2025-Aug-28-17-39-16.pdf,.pdf,9299437,8.869,CAT2_ARCH_DRAWING,1,0,1
OIL-RITES-Duliajan-BQ-Housing,04_Architectural_Drawings/Tender_drawing_4_Sections_StructuralCommunity_MEP_pdf-2025-Aug-28-17-39-32.pdf,Tender_drawing_4_Sections_StructuralCommunity_MEP_pdf-2025-Aug-28-17-39-32.pdf,.pdf,8044100,7.671,CAT2_ARCH_DRAWING,1,0,1
OIL-RITES-Duliajan-BQ-Housing,04_Architectural_Drawings/Tender_drawing_5_UnitPlans_DoorWindowSchedule_pdf-2025-Aug-28-17-39-56.pdf,Tender_drawing_5_UnitPlans_DoorWindowSchedule_pdf-2025-Aug-28-17-39-56.pdf,.pdf,6831372,6.515,CAT2_ARCH_DRAWING,1,0,1
OIL-RITES-Duliajan-BQ-Housing,04_Architectural_Drawings/Tender_drawing_6_Staircase_Toilet_Details_pdf-2025-Aug-28-17-44-31.pdf,Tender_drawing_6_Staircase_Toilet_Details_pdf-2025-Aug-28-17-44-31.pdf,.pdf,14961819,14.269,CAT2_ARCH_DRAWING,1,0,1
OIL-RITES-Duliajan-BQ-Housing,04_Architectural_Drawings/Tender_drawing_7_Kitchen_Finishes_STP_UGT_pdf-2025-Aug-28-17-44-55.pdf,Tender_drawing_7_Kitchen_Finishes_STP_UGT_pdf-2025-Aug-28-17-44-55.pdf,.pdf,16933328,16.149,CAT2_ARCH_DRAWING,1,0,1
OIL-RITES-Duliajan-BQ-Housing,04_BOQ_Ground_Truth/boq_data_quality_log.md,boq_data_quality_log.md,.md,1487,0.001,SYNTH,0,0,0
OIL-RITES-Duliajan-BQ-Housing,04_BOQ_Ground_Truth/boq_raw_extraction.csv,boq_raw_extraction.csv,.csv,2995,0.003,CAT4_BOQ,0,0,0
OIL-RITES-Duliajan-BQ-Housing,04_BOQ_Ground_Truth/boq_scope_filter.csv,boq_scope_filter.csv,.csv,1480,0.001,CAT4_BOQ,0,0,0
OIL-RITES-Duliajan-BQ-Housing,04_BOQ_Ground_Truth/boq_tower_allocation.csv,boq_tower_allocation.csv,.csv,577,0.001,CAT4_BOQ,0,0,0
OIL-RITES-Duliajan-BQ-Housing,05_Structural_Drawings/.gitkeep,.gitkeep,,0,0.0,GITKEEP,0,0,0
OIL-RITES-Duliajan-BQ-Housing,05_Structural_Drawings/DBR_Design_Basis_Report_pdf-2025-Aug-28-17-46-57.pdf,DBR_Design_Basis_Report_pdf-2025-Aug-28-17-46-57.pdf,.pdf,3900218,3.72,CAT3_STRUCT_DRAWING,1,0,0
OIL-RITES-Duliajan-BQ-Housing,05_Structural_Drawings/Tender_drawing_3_TypicalFloor_StructuralHousing_pdf-2025-Aug-28-17-39-16.pdf,Tender_drawing_3_TypicalFloor_StructuralHousing_pdf-2025-Aug-28-17-39-16.pdf,.pdf,9299437,8.869,CAT3_STRUCT_DRAWING,1,0,1
OIL-RITES-Duliajan-BQ-Housing,05_Structural_Drawings/Tender_drawing_4_Sections_StructuralCommunity_MEP_pdf-2025-Aug-28-17-39-32.pdf,Tender_drawing_4_Sections_StructuralCommunity_MEP_pdf-2025-Aug-28-17-39-32.pdf,.pdf,8044100,7.671,CAT2_ARCH_DRAWING,1,0,1
OIL-RITES-Duliajan-BQ-Housing,05_Validation/cost_validation_results.csv,cost_validation_results.csv,.csv,1374,0.001,STRUCTURED_DATA,0,0,0
OIL-RITES-Duliajan-BQ-Housing,05_Validation/coverage_report.csv,coverage_report.csv,.csv,1478,0.001,STRUCTURED_DATA,0,0,0
OIL-RITES-Duliajan-BQ-Housing,05_Validation/element_to_boq_mapping.csv,element_to_boq_mapping.csv,.csv,1373,0.001,CAT4_BOQ,0,0,0
OIL-RITES-Duliajan-BQ-Housing,05_Validation/quantity_validation_results.csv,quantity_validation_results.csv,.csv,2233,0.002,STRUCTURED_DATA,0,0,0
OIL-RITES-Duliajan-BQ-Housing,05_Validation/validation_findings.md,validation_findings.md,.md,3528,0.003,SYNTH,0,0,0
OIL-RITES-Duliajan-BQ-Housing,06_Labour_and_Duration/construction_sequence.csv,construction_sequence.csv,.csv,2654,0.003,STRUCTURED_DATA,0,0,0
OIL-RITES-Duliajan-BQ-Housing,06_Labour_and_Duration/duration_estimate.csv,duration_estimate.csv,.csv,728,0.001,STRUCTURED_DATA,0,0,0
OIL-RITES-Duliajan-BQ-Housing,06_Labour_and_Duration/duration_validation.md,duration_validation.md,.md,1668,0.002,SYNTH,0,0,0
OIL-RITES-Duliajan-BQ-Housing,06_Labour_and_Duration/labour_estimate.csv,labour_estimate.csv,.csv,1868,0.002,STRUCTURED_DATA,0,0,0
OIL-RITES-Duliajan-BQ-Housing,06_Labour_and_Duration/labour_productivity_assumptions.csv,labour_productivity_assumptions.csv,.csv,1632,0.002,STRUCTURED_DATA,0,0,0
OIL-RITES-Duliajan-BQ-Housing,06_MEP_Services/.gitkeep,.gitkeep,,0,0.0,GITKEEP,0,0,0
OIL-RITES-Duliajan-BQ-Housing,06_MEP_Services/BoQ_2_Electrical_Works_pdf-2025-Aug-28-17-27-48.pdf,BoQ_2_Electrical_Works_pdf-2025-Aug-28-17-27-48.pdf,.pdf,380831,0.363,CAT4_BOQ,1,0,0
OIL-RITES-Duliajan-BQ-Housing,06_MEP_Services/BoQ_3_Plumbing_Sanitary_pdf-2025-Aug-28-17-28-6.pdf,BoQ_3_Plumbing_Sanitary_pdf-2025-Aug-28-17-28-6.pdf,.pdf,400928,0.382,CAT4_BOQ,1,0,0
OIL-RITES-Duliajan-BQ-Housing,07_Final_Prototype_Dataset/assumptions_log.csv,assumptions_log.csv,.csv,1944,0.002,STRUCTURED_DATA,0,0,0
OIL-RITES-Duliajan-BQ-Housing,07_Final_Prototype_Dataset/boq_ground_truth.csv,boq_ground_truth.csv,.csv,1777,0.002,CAT4_BOQ,0,0,0
OIL-RITES-Duliajan-BQ-Housing,07_Final_Prototype_Dataset/calculated_quantities.csv,calculated_quantities.csv,.csv,2063,0.002,STRUCTURED_DATA,0,0,0
OIL-RITES-Duliajan-BQ-Housing,07_Final_Prototype_Dataset/calculated_quantities_estimated.csv,calculated_quantities_estimated.csv,.csv,4788,0.005,STRUCTURED_DATA,0,0,0
OIL-RITES-Duliajan-BQ-Housing,07_Final_Prototype_Dataset/calculated_quantities_high_confidence.csv,calculated_quantities_high_confidence.csv,.csv,2009,0.002,STRUCTURED_DATA,0,0,0
OIL-RITES-Duliajan-BQ-Housing,07_Final_Prototype_Dataset/calculated_quantities_unsupported.csv,calculated_quantities_unsupported.csv,.csv,2424,0.002,STRUCTURED_DATA,0,0,0
OIL-RITES-Duliajan-BQ-Housing,07_Final_Prototype_Dataset/dataset_data_dictionary.md,dataset_data_dictionary.md,.md,6063,0.006,SYNTH,0,0,0
OIL-RITES-Duliajan-BQ-Housing,07_Final_Prototype_Dataset/excluded_items.csv,excluded_items.csv,.csv,1579,0.002,STRUCTURED_DATA,0,0,0
OIL-RITES-Duliajan-BQ-Housing,07_Final_Prototype_Dataset/final_project_audit.md,final_project_audit.md,.md,12853,0.012,SYNTH,0,0,0
OIL-RITES-Duliajan-BQ-Housing,07_Final_Prototype_Dataset/project_metadata.json,project_metadata.json,.json,3639,0.003,METADATA,0,0,0
OIL-RITES-Duliajan-BQ-Housing,07_Final_Prototype_Dataset/selected_tower_inputs.json,selected_tower_inputs.json,.json,1868,0.002,METADATA,0,0,0
OIL-RITES-Duliajan-BQ-Housing,07_Final_Prototype_Dataset/validated_items.csv,validated_items.csv,.csv,1332,0.001,STRUCTURED_DATA,0,0,0
OIL-RITES-Duliajan-BQ-Housing,07_Landscape_Infrastructure/.gitkeep,.gitkeep,,0,0.0,GITKEEP,0,0,0
OIL-RITES-Duliajan-BQ-Housing,07_Landscape_Infrastructure/Tender_drawing_1_SitePlan_GroundFloor_pdf-2025-Aug-28-17-38-39.pdf,Tender_drawing_1_SitePlan_GroundFloor_pdf-2025-Aug-28-17-38-39.pdf,.pdf,20277835,19.338,CAT1_TENDER,1,0,1
OIL-RITES-Duliajan-BQ-Housing,08_Execution_Actuals/.gitkeep,.gitkeep,,0,0.0,GITKEEP,0,0,0
OIL-RITES-Duliajan-BQ-Housing,08_Execution_Actuals/status_of_Tender_dealt_Dec_2025_Badri_Rai_Award.pdf,status_of_Tender_dealt_Dec_2025_Badri_Rai_Award.pdf,.pdf,601149,0.573,CAT1_TENDER,1,0,0
OIL-RITES-Duliajan-BQ-Housing,09_Calculation_Audit/architectural_quantity_readiness.csv,architectural_quantity_readiness.csv,.csv,2902,0.003,STRUCTURED_DATA,0,0,0
OIL-RITES-Duliajan-BQ-Housing,09_Calculation_Audit/baseline_file_inventory.csv,baseline_file_inventory.csv,.csv,3394,0.003,STRUCTURED_DATA,0,0,0
OIL-RITES-Duliajan-BQ-Housing,09_Calculation_Audit/beam_length_schedule.csv,beam_length_schedule.csv,.csv,1046,0.001,CONTROLLED_TRANSCRIPTION,0,0,0
OIL-RITES-Duliajan-BQ-Housing,09_Calculation_Audit/blocker_resolution_matrix.md,blocker_resolution_matrix.md,.md,7460,0.007,SYNTH,0,0,0
OIL-RITES-Duliajan-BQ-Housing,09_Calculation_Audit/calculation_audit_log.csv,calculation_audit_log.csv,.csv,3781,0.004,AUDIT_DATA,0,0,0
OIL-RITES-Duliajan-BQ-Housing,09_Calculation_Audit/candidate_update_notes.md,candidate_update_notes.md,.md,6480,0.006,SYNTH,0,0,0
OIL-RITES-Duliajan-BQ-Housing,09_Calculation_Audit/column_wall_height_schedule.csv,column_wall_height_schedule.csv,.csv,1832,0.002,CONTROLLED_TRANSCRIPTION,0,0,0
OIL-RITES-Duliajan-BQ-Housing,09_Calculation_Audit/controlled_transcription_plan.md,controlled_transcription_plan.md,.md,7798,0.007,SYNTH,0,0,0
OIL-RITES-Duliajan-BQ-Housing,09_Calculation_Audit/correction_reconciliation_report.md,correction_reconciliation_report.md,.md,10675,0.01,SYNTH,0,0,0
OIL-RITES-Duliajan-BQ-Housing,09_Calculation_Audit/document_recovery_report.md,document_recovery_report.md,.md,7002,0.007,SYNTH,0,0,0
OIL-RITES-Duliajan-BQ-Housing,09_Calculation_Audit/final_cleanup_audit_report.md,final_cleanup_audit_report.md,.md,11132,0.011,SYNTH,0,0,0
OIL-RITES-Duliajan-BQ-Housing,09_Calculation_Audit/formula_ledger.csv,formula_ledger.csv,.csv,5189,0.005,AUDIT_DATA,0,0,0
OIL-RITES-Duliajan-BQ-Housing,09_Calculation_Audit/missing_document_recovery_log.csv,missing_document_recovery_log.csv,.csv,4479,0.004,STRUCTURED_DATA,0,0,0
OIL-RITES-Duliajan-BQ-Housing,09_Calculation_Audit/pile_cap_schedule_audit.csv,pile_cap_schedule_audit.csv,.csv,1876,0.002,AUDIT_DATA,0,0,0
OIL-RITES-Duliajan-BQ-Housing,09_Calculation_Audit/pile_schedule_audit.csv,pile_schedule_audit.csv,.csv,655,0.001,AUDIT_DATA,0,0,0
OIL-RITES-Duliajan-BQ-Housing,09_Calculation_Audit/rebar_bar_mark_schedule.csv,rebar_bar_mark_schedule.csv,.csv,6108,0.006,CONTROLLED_TRANSCRIPTION,0,0,0
OIL-RITES-Duliajan-BQ-Housing,09_Calculation_Audit/rebar_cut_length_calculations.csv,rebar_cut_length_calculations.csv,.csv,1503,0.001,AUDIT_DATA,0,0,0
OIL-RITES-Duliajan-BQ-Housing,09_Calculation_Audit/rebar_lap_development_length_register.csv,rebar_lap_development_length_register.csv,.csv,1858,0.002,AUDIT_DATA,0,0,0
OIL-RITES-Duliajan-BQ-Housing,09_Calculation_Audit/rebar_weight_summary.csv,rebar_weight_summary.csv,.csv,1464,0.001,STRUCTURED_DATA,0,0,0
OIL-RITES-Duliajan-BQ-Housing,09_Calculation_Audit/recovered_document_register.csv,recovered_document_register.csv,.csv,895,0.001,AUDIT_DATA,0,0,0
OIL-RITES-Duliajan-BQ-Housing,09_Calculation_Audit/scope_and_validation_statement.md,scope_and_validation_statement.md,.md,2710,0.003,SYNTH,0,0,0
OIL-RITES-Duliajan-BQ-Housing,09_Calculation_Audit/slab_area_schedule.csv,slab_area_schedule.csv,.csv,1528,0.001,CONTROLLED_TRANSCRIPTION,0,0,0
OIL-RITES-Duliajan-BQ-Housing,09_Calculation_Audit/source_evidence_register.csv,source_evidence_register.csv,.csv,4943,0.005,AUDIT_DATA,0,0,0
OIL-RITES-Duliajan-BQ-Housing,09_Calculation_Audit/staircase_oht_schedule.csv,staircase_oht_schedule.csv,.csv,869,0.001,CONTROLLED_TRANSCRIPTION,0,0,0
OIL-RITES-Duliajan-BQ-Housing,10_Controlled_Transcription/ai_input_vs_ground_truth_note.md,ai_input_vs_ground_truth_note.md,.md,5667,0.005,SYNTH,0,0,0
OIL-RITES-Duliajan-BQ-Housing,10_Controlled_Transcription/architectural_finishes_transcription_log.md,architectural_finishes_transcription_log.md,.md,16045,0.015,SYNTH,0,0,0
OIL-RITES-Duliajan-BQ-Housing,10_Controlled_Transcription/civil_reconciliation_index.csv,civil_reconciliation_index.csv,.csv,4041,0.004,AUDIT_DATA,0,0,0
OIL-RITES-Duliajan-BQ-Housing,10_Controlled_Transcription/controlled_beam_register.csv,controlled_beam_register.csv,.csv,24580,0.023,AUDIT_DATA,0,0,0
OIL-RITES-Duliajan-BQ-Housing,10_Controlled_Transcription/controlled_column_wall_register.csv,controlled_column_wall_register.csv,.csv,11286,0.011,AUDIT_DATA,0,0,0
OIL-RITES-Duliajan-BQ-Housing,10_Controlled_Transcription/controlled_finish_register.csv,controlled_finish_register.csv,.csv,7895,0.008,AUDIT_DATA,0,0,0
OIL-RITES-Duliajan-BQ-Housing,10_Controlled_Transcription/controlled_masonry_deduction_register.csv,controlled_masonry_deduction_register.csv,.csv,10759,0.01,AUDIT_DATA,0,0,0
OIL-RITES-Duliajan-BQ-Housing,10_Controlled_Transcription/controlled_opening_register.csv,controlled_opening_register.csv,.csv,11399,0.011,AUDIT_DATA,0,0,0
OIL-RITES-Duliajan-BQ-Housing,10_Controlled_Transcription/controlled_pile_cap_register.csv,controlled_pile_cap_register.csv,.csv,6293,0.006,AUDIT_DATA,0,0,0
OIL-RITES-Duliajan-BQ-Housing,10_Controlled_Transcription/controlled_pile_register.csv,controlled_pile_register.csv,.csv,5855,0.006,AUDIT_DATA,0,0,0
OIL-RITES-Duliajan-BQ-Housing,10_Controlled_Transcription/controlled_room_register.csv,controlled_room_register.csv,.csv,9558,0.009,AUDIT_DATA,0,0,0
OIL-RITES-Duliajan-BQ-Housing,10_Controlled_Transcription/controlled_slab_register.csv,controlled_slab_register.csv,.csv,5418,0.005,AUDIT_DATA,0,0,0
OIL-RITES-Duliajan-BQ-Housing,10_Controlled_Transcription/controlled_stair_oht_register.csv,controlled_stair_oht_register.csv,.csv,4554,0.004,AUDIT_DATA,0,0,0
OIL-RITES-Duliajan-BQ-Housing,10_Controlled_Transcription/finish_area_reconciliation_matrix.csv,finish_area_reconciliation_matrix.csv,.csv,3897,0.004,AUDIT_DATA,0,0,0
OIL-RITES-Duliajan-BQ-Housing,10_Controlled_Transcription/floor_scope_reconciliation.csv,floor_scope_reconciliation.csv,.csv,5379,0.005,AUDIT_DATA,0,0,0
OIL-RITES-Duliajan-BQ-Housing,10_Controlled_Transcription/foundation_transcription_log.md,foundation_transcription_log.md,.md,4872,0.005,SYNTH,0,0,0
OIL-RITES-Duliajan-BQ-Housing,10_Controlled_Transcription/opening_deduction_reconciliation_matrix.csv,opening_deduction_reconciliation_matrix.csv,.csv,3450,0.003,AUDIT_DATA,0,0,0
OIL-RITES-Duliajan-BQ-Housing,10_Controlled_Transcription/priority_d_reconciliation_log.md,priority_d_reconciliation_log.md,.md,11046,0.011,SYNTH,0,0,0
OIL-RITES-Duliajan-BQ-Housing,10_Controlled_Transcription/sheet_100_right_crop.png,sheet_100_right_crop.png,.png,257793,0.246,IMAGE,0,0,0
OIL-RITES-Duliajan-BQ-Housing,10_Controlled_Transcription/sheet_101_center.png,sheet_101_center.png,.png,108836,0.104,IMAGE,0,0,0
OIL-RITES-Duliajan-BQ-Housing,10_Controlled_Transcription/sheet_101_layout_crop.png,sheet_101_layout_crop.png,.png,189923,0.181,IMAGE,0,0,0
OIL-RITES-Duliajan-BQ-Housing,10_Controlled_Transcription/sheet_101_right_crop.png,sheet_101_right_crop.png,.png,232469,0.222,IMAGE,0,0,0
OIL-RITES-Duliajan-BQ-Housing,10_Controlled_Transcription/sheet_101_schedule_crop.png,sheet_101_schedule_crop.png,.png,145725,0.139,IMAGE,0,0,0
OIL-RITES-Duliajan-BQ-Housing,10_Controlled_Transcription/sheet_101_top_left.png,sheet_101_top_left.png,.png,100087,0.095,IMAGE,0,0,0
OIL-RITES-Duliajan-BQ-Housing,10_Controlled_Transcription/sheet_16_rendered.png,sheet_16_rendered.png,.png,502560,0.479,IMAGE,0,0,0
OIL-RITES-Duliajan-BQ-Housing,10_Controlled_Transcription/sheet_17_rendered.png,sheet_17_rendered.png,.png,506945,0.483,IMAGE,0,0,0
OIL-RITES-Duliajan-BQ-Housing,10_Controlled_Transcription/structural_architecture_conflict_log.csv,structural_architecture_conflict_log.csv,.csv,6685,0.006,STRUCTURED_DATA,0,0,0
OIL-RITES-Duliajan-BQ-Housing,10_Controlled_Transcription/structural_frame_transcription_log.md,structural_frame_transcription_log.md,.md,8840,0.008,SYNTH,0,0,0
OIL-RITES-Duliajan-BQ-Housing,10_Controlled_Transcription/wall_takeoff_reconciliation_matrix.csv,wall_takeoff_reconciliation_matrix.csv,.csv,6004,0.006,AUDIT_DATA,0,0,0
OIL-RITES-Duliajan-BQ-Housing,10_Controlled_Transcription/inspections/page_19_Sheet_103.png,page_19_Sheet_103.png,.png,346454,0.33,IMAGE,0,0,0
OIL-RITES-Duliajan-BQ-Housing,10_Controlled_Transcription/inspections/page_20_Sheet_104.png,page_20_Sheet_104.png,.png,289963,0.277,IMAGE,0,0,0
OIL-RITES-Duliajan-BQ-Housing,10_Controlled_Transcription/inspections/page_21_Sheet_105.png,page_21_Sheet_105.png,.png,411848,0.393,IMAGE,0,0,0
OIL-RITES-Duliajan-BQ-Housing,10_Controlled_Transcription/inspections/page_22_Sheet_106.png,page_22_Sheet_106.png,.png,335194,0.32,IMAGE,0,0,0
OIL-RITES-Duliajan-BQ-Housing,10_Controlled_Transcription/inspections/page_23_Sheet_107.png,page_23_Sheet_107.png,.png,463693,0.442,IMAGE,0,0,0
OIL-RITES-Duliajan-BQ-Housing,10_Controlled_Transcription/inspections/page_24_Sheet_108.png,page_24_Sheet_108.png,.png,335361,0.32,IMAGE,0,0,0
OIL-RITES-Duliajan-BQ-Housing,10_Controlled_Transcription/inspections/page_25_Sheet_109.png,page_25_Sheet_109.png,.png,343832,0.328,IMAGE,0,0,0
OIL-RITES-Duliajan-BQ-Housing,10_Controlled_Transcription/inspections/page_26_Sheet_110.png,page_26_Sheet_110.png,.png,339105,0.323,IMAGE,0,0,0
OIL-RITES-Duliajan-BQ-Housing,10_Controlled_Transcription/priority_e_formula_setup/blocked_formula_reason_register.csv,blocked_formula_reason_register.csv,.csv,4335,0.004,AUDIT_DATA,0,0,0
OIL-RITES-Duliajan-BQ-Housing,10_Controlled_Transcription/priority_e_formula_setup/concrete_quantity_formula_map.csv,concrete_quantity_formula_map.csv,.csv,7222,0.007,AUDIT_DATA,0,0,0
OIL-RITES-Duliajan-BQ-Housing,10_Controlled_Transcription/priority_e_formula_setup/finish_quantity_formula_map.csv,finish_quantity_formula_map.csv,.csv,7985,0.008,AUDIT_DATA,0,0,0
OIL-RITES-Duliajan-BQ-Housing,10_Controlled_Transcription/priority_e_formula_setup/formula_input_dependency_register.csv,formula_input_dependency_register.csv,.csv,6424,0.006,AUDIT_DATA,0,0,0
OIL-RITES-Duliajan-BQ-Housing,10_Controlled_Transcription/priority_e_formula_setup/foundation_quantity_formula_map.csv,foundation_quantity_formula_map.csv,.csv,3817,0.004,AUDIT_DATA,0,0,0
OIL-RITES-Duliajan-BQ-Housing,10_Controlled_Transcription/priority_e_formula_setup/masonry_quantity_formula_map.csv,masonry_quantity_formula_map.csv,.csv,8003,0.008,AUDIT_DATA,0,0,0
OIL-RITES-Duliajan-BQ-Housing,10_Controlled_Transcription/priority_e_formula_setup/opening_quantity_formula_map.csv,opening_quantity_formula_map.csv,.csv,5051,0.005,AUDIT_DATA,0,0,0
OIL-RITES-Duliajan-BQ-Housing,10_Controlled_Transcription/priority_e_formula_setup/priority_e_formula_setup_log.md,priority_e_formula_setup_log.md,.md,12958,0.012,SYNTH,0,0,0
OIL-RITES-Duliajan-BQ-Housing,10_Controlled_Transcription/priority_e_formula_setup/quantity_formula_master_index.csv,quantity_formula_master_index.csv,.csv,5916,0.006,AUDIT_DATA,0,0,0
OIL-RITES-Duliajan-BQ-Housing,10_Controlled_Transcription/priority_e_formula_setup/reinforcement_quantity_formula_map.csv,reinforcement_quantity_formula_map.csv,.csv,7803,0.007,AUDIT_DATA,0,0,0
OIL-RITES-Duliajan-BQ-Housing,10_Controlled_Transcription/priority_f_sample_quantity_execution/blocked_full_takeoff_guardrail.csv,blocked_full_takeoff_guardrail.csv,.csv,4829,0.005,STRUCTURED_DATA,0,0,0
OIL-RITES-Duliajan-BQ-Housing,10_Controlled_Transcription/priority_f_sample_quantity_execution/priority_f_sample_execution_log.md,priority_f_sample_execution_log.md,.md,8878,0.008,SYNTH,0,0,0
OIL-RITES-Duliajan-BQ-Housing,10_Controlled_Transcription/priority_f_sample_quantity_execution/sample_calculation_audit_trail.csv,sample_calculation_audit_trail.csv,.csv,5996,0.006,AUDIT_DATA,0,0,0
OIL-RITES-Duliajan-BQ-Housing,10_Controlled_Transcription/priority_f_sample_quantity_execution/sample_finish_area_trace.csv,sample_finish_area_trace.csv,.csv,1839,0.002,STRUCTURED_DATA,0,0,0
OIL-RITES-Duliajan-BQ-Housing,10_Controlled_Transcription/priority_f_sample_quantity_execution/sample_opening_area_calculations.csv,sample_opening_area_calculations.csv,.csv,1834,0.002,AUDIT_DATA,0,0,0
OIL-RITES-Duliajan-BQ-Housing,10_Controlled_Transcription/priority_f_sample_quantity_execution/sample_quantity_execution_index.csv,sample_quantity_execution_index.csv,.csv,4941,0.005,STRUCTURED_DATA,0,0,0
OIL-RITES-Duliajan-BQ-Housing,10_Controlled_Transcription/priority_f_sample_quantity_execution/sample_room_area_calculations.csv,sample_room_area_calculations.csv,.csv,2299,0.002,AUDIT_DATA,0,0,0
OIL-RITES-Duliajan-BQ-Housing,10_Controlled_Transcription/priority_g_project_summary/ai_input_vs_ground_truth_explanation.md,ai_input_vs_ground_truth_explanation.md,.md,6286,0.006,SYNTH,0,0,0
OIL-RITES-Duliajan-BQ-Housing,10_Controlled_Transcription/priority_g_project_summary/blocked_scope_summary.csv,blocked_scope_summary.csv,.csv,4878,0.005,STRUCTURED_DATA,0,0,0
OIL-RITES-Duliajan-BQ-Housing,10_Controlled_Transcription/priority_g_project_summary/dataset_readiness_matrix.csv,dataset_readiness_matrix.csv,.csv,4345,0.004,STRUCTURED_DATA,0,0,0
OIL-RITES-Duliajan-BQ-Housing,10_Controlled_Transcription/priority_g_project_summary/evidence_control_methodology.md,evidence_control_methodology.md,.md,6425,0.006,SYNTH,0,0,0
OIL-RITES-Duliajan-BQ-Housing,10_Controlled_Transcription/priority_g_project_summary/major_project_next_steps.md,major_project_next_steps.md,.md,6634,0.006,SYNTH,0,0,0
OIL-RITES-Duliajan-BQ-Housing,10_Controlled_Transcription/priority_g_project_summary/major_project_system_architecture.md,major_project_system_architecture.md,.md,8491,0.008,SYNTH,0,0,0
OIL-RITES-Duliajan-BQ-Housing,10_Controlled_Transcription/priority_g_project_summary/presentation_talking_points.md,presentation_talking_points.md,.md,6288,0.006,SYNTH,0,0,0
OIL-RITES-Duliajan-BQ-Housing,10_Controlled_Transcription/priority_g_project_summary/priority_g_summary_log.md,priority_g_summary_log.md,.md,6975,0.007,SYNTH,0,0,0
OIL-RITES-Duliajan-BQ-Housing,10_Controlled_Transcription/priority_g_project_summary/prototype_dataset_summary.md,prototype_dataset_summary.md,.md,9786,0.009,SYNTH,0,0,0
OIL-RITES-Duliajan-BQ-Housing,10_Controlled_Transcription/priority_g_project_summary/sample_quantity_results_summary.csv,sample_quantity_results_summary.csv,.csv,3171,0.003,STRUCTURED_DATA,0,0,0
OIL-RITES-Duliajan-BQ-Housing,10_Controlled_Transcription/priority_h_presentation_package/demo_script.md,demo_script.md,.md,8860,0.008,SYNTH,0,0,0
OIL-RITES-Duliajan-BQ-Housing,10_Controlled_Transcription/priority_h_presentation_package/major_project_review_slide_outline.md,major_project_review_slide_outline.md,.md,20255,0.019,SYNTH,0,0,0
OIL-RITES-Duliajan-BQ-Housing,10_Controlled_Transcription/priority_h_presentation_package/one_page_project_brief.md,one_page_project_brief.md,.md,5875,0.006,SYNTH,0,0,0
OIL-RITES-Duliajan-BQ-Housing,10_Controlled_Transcription/priority_h_presentation_package/priority_h_presentation_log.md,priority_h_presentation_log.md,.md,10732,0.01,SYNTH,0,0,0
OIL-RITES-Duliajan-BQ-Housing,10_Controlled_Transcription/priority_h_presentation_package/project_claims_and_limitations.md,project_claims_and_limitations.md,.md,9401,0.009,SYNTH,0,0,0
OIL-RITES-Duliajan-BQ-Housing,10_Controlled_Transcription/priority_h_presentation_package/review_panel_explanation.md,review_panel_explanation.md,.md,8721,0.008,SYNTH,0,0,0
OIL-RITES-Duliajan-BQ-Housing,10_Controlled_Transcription/priority_h_presentation_package/slide_content_draft.md,slide_content_draft.md,.md,15375,0.015,SYNTH,0,0,0
OIL-RITES-Duliajan-BQ-Housing,10_Controlled_Transcription/priority_h_presentation_package/viva_questions_and_answers.md,viva_questions_and_answers.md,.md,15028,0.014,SYNTH,0,0,0
OIL-RITES-Duliajan-BQ-Housing,10_Controlled_Transcription/priority_i_slide_deck/build_deck.py,build_deck.py,.py,43596,0.042,SCRIPT,0,0,0
OIL-RITES-Duliajan-BQ-Housing,10_Controlled_Transcription/priority_i_slide_deck/build_deck_final.py,build_deck_final.py,.py,43571,0.042,SCRIPT,0,0,0
OIL-RITES-Duliajan-BQ-Housing,10_Controlled_Transcription/priority_i_slide_deck/major_project_review_deck.pptx,major_project_review_deck.pptx,.pptx,72166,0.069,OTHER,0,0,0
OIL-RITES-Duliajan-BQ-Housing,10_Controlled_Transcription/priority_i_slide_deck/major_project_review_deck_export_notes.md,major_project_review_deck_export_notes.md,.md,13561,0.013,SYNTH,0,0,0
OIL-RITES-Duliajan-BQ-Housing,10_Controlled_Transcription/priority_i_slide_deck/major_project_review_deck_final.pptx,major_project_review_deck_final.pptx,.pptx,72051,0.069,OTHER,0,0,0
OIL-RITES-Duliajan-BQ-Housing,10_Controlled_Transcription/priority_i_slide_deck/priority_i_b_visual_qa_log.md,priority_i_b_visual_qa_log.md,.md,6892,0.007,SYNTH,0,0,0
OIL-RITES-Duliajan-BQ-Housing,10_Controlled_Transcription/priority_i_slide_deck/priority_i_slide_deck_log.md,priority_i_slide_deck_log.md,.md,6314,0.006,SYNTH,0,0,0
OIL-RITES-Duliajan-BQ-Housing,10_Controlled_Transcription/priority_i_slide_deck/slide_deck_final_guardrail_check.md,slide_deck_final_guardrail_check.md,.md,5980,0.006,SYNTH,0,0,0
OIL-RITES-Duliajan-BQ-Housing,10_Controlled_Transcription/priority_i_slide_deck/slide_deck_visual_qa_report.md,slide_deck_visual_qa_report.md,.md,7603,0.007,SYNTH,0,0,0
OIL-RITES-Duliajan-BQ-Housing,10_Controlled_Transcription/priority_i_slide_deck/slide_visual_asset_plan.md,slide_visual_asset_plan.md,.md,5178,0.005,SYNTH,0,0,0
OIL-RITES-Duliajan-BQ-Housing,99_Unverified_or_Related_References/.gitkeep,.gitkeep,,0,0.0,GITKEEP,0,0,0
OIL-RITES-Duliajan-BQ-Housing,99_Unverified_or_Related_References/NIT_CPI4685P21.pdf,NIT_CPI4685P21.pdf,.pdf,2290762,2.185,CAT1_TENDER,1,0,0
OIL-RITES-Duliajan-BQ-Housing,99_Unverified_or_Related_References/NIT_CPI4685P21_EPMC_2020_Precursor.pdf,NIT_CPI4685P21_EPMC_2020_Precursor.pdf,.pdf,2290762,2.185,CAT1_TENDER,1,0,0
OIL-RITES-Duliajan-BQ-Housing,scratch/audit_phase3_to_8.py,audit_phase3_to_8.py,.py,83701,0.08,SCRIPT,0,0,0
OIL-RITES-Duliajan-BQ-Housing,scratch/reconcile_and_downgrade.py,reconcile_and_downgrade.py,.py,76536,0.073,SCRIPT,0,0,0
OIL-RITES-Duliajan-BQ-Housing,scratch/update_supplemental_files.py,update_supplemental_files.py,.py,15887,0.015,SCRIPT,0,0,0
OIL-RITES-Duliajan-BQ-Housing,scratch/build_v2_release.py,build_v2_release.py,.py,32604,0.031,SCRIPT,0,0,0
OIL-RITES-Duliajan-BQ-Housing,scratch/build_task_a.py,build_task_a.py,.py,89073,0.085,SCRIPT,0,0,0
OIL-RITES-Duliajan-BQ-Housing,scratch/__pycache__/reconcile_and_downgrade.cpython-314.pyc,reconcile_and_downgrade.cpython-314.pyc,.pyc,39760,0.038,SCRIPT,0,0,0
OIL-RITES-Duliajan-BQ-Housing,scripts/download_all.ps1,download_all.ps1,.ps1,3243,0.003,SCRIPT,0,0,0
OIL-RITES-Duliajan-BQ-Housing,scripts/download_all.py,download_all.py,.py,4944,0.005,SCRIPT,0,0,0
OIL-RITES-Duliajan-BQ-Housing,scripts/download_core.ps1,download_core.ps1,.ps1,4133,0.004,SCRIPT,0,0,0
OIL-RITES-Duliajan-BQ-Housing,scripts/download_core.py,download_core.py,.py,4355,0.004,SCRIPT,0,0,0
OIL-RITES-Duliajan-BQ-Housing,11_Estimation_Readiness/estimation_input_master.csv,estimation_input_master.csv,.csv,51706,0.049,STRUCTURED_DATA,0,0,0
OIL-RITES-Duliajan-BQ-Housing,11_Estimation_Readiness/missing_evidence_request_register.csv,missing_evidence_request_register.csv,.csv,9348,0.009,AUDIT_DATA,0,0,0
OIL-RITES-Duliajan-BQ-Housing,11_Estimation_Readiness/estimation_readiness_report.md,estimation_readiness_report.md,.md,27802,0.027,SYNTH,0,0,0
OIL-RITES-Duliajan-BQ-Housing,11_Estimation_Readiness/v2_verified_release/opening_schedule_reconciliation.csv,opening_schedule_reconciliation.csv,.csv,8340,0.008,AUDIT_DATA,0,0,0
OIL-RITES-Duliajan-BQ-Housing,11_Estimation_Readiness/v2_verified_release/legacy_model_quarantine_register.csv,legacy_model_quarantine_register.csv,.csv,8136,0.008,AUDIT_DATA,0,0,0
OIL-RITES-Duliajan-BQ-Housing,11_Estimation_Readiness/v2_verified_release/missing_evidence_request_register_v2.csv,missing_evidence_request_register_v2.csv,.csv,10345,0.01,AUDIT_DATA,0,0,0
OIL-RITES-Duliajan-BQ-Housing,11_Estimation_Readiness/v2_verified_release/estimation_input_master_v2.csv,estimation_input_master_v2.csv,.csv,72554,0.069,STRUCTURED_DATA,0,0,0
OIL-RITES-Duliajan-BQ-Housing,11_Estimation_Readiness/v2_verified_release/v2_release_audit_report.md,v2_release_audit_report.md,.md,15777,0.015,SYNTH,0,0,0
OIL-RITES-Duliajan-BQ-Housing,12_Evidence_Recovery_Package/evidence_recovery_master_tracker.csv,evidence_recovery_master_tracker.csv,.csv,9795,0.009,STRUCTURED_DATA,0,0,0
OIL-RITES-Duliajan-BQ-Housing,12_Evidence_Recovery_Package/priority_1_foundation_and_bbs_request.md,priority_1_foundation_and_bbs_request.md,.md,6595,0.006,SYNTH,0,0,0
OIL-RITES-Duliajan-BQ-Housing,12_Evidence_Recovery_Package/priority_2_architecture_schedule_request.md,priority_2_architecture_schedule_request.md,.md,7002,0.007,SYNTH,0,0,0
OIL-RITES-Duliajan-BQ-Housing,12_Evidence_Recovery_Package/priority_3_cost_request.md,priority_3_cost_request.md,.md,5103,0.005,SYNTH,0,0,0
OIL-RITES-Duliajan-BQ-Housing,12_Evidence_Recovery_Package/evidence_intake_and_verification_protocol.md,evidence_intake_and_verification_protocol.md,.md,8869,0.008,SYNTH,0,0,0
OIL-RITES-Duliajan-BQ-Housing,12_Evidence_Recovery_Package/evidence_recovery_readiness_dashboard.md,evidence_recovery_readiness_dashboard.md,.md,10963,0.01,SYNTH,0,0,0
Paras-Dews-Sector-106-Gurugram,file_manifest.csv,file_manifest.csv,.csv,10557,0.01,METADATA,0,0,0
Paras-Dews-Sector-106-Gurugram,README.md,README.md,.md,3747,0.004,METADATA,0,0,0
Paras-Dews-Sector-106-Gurugram,00_Core_Intelligence_Dataset/Haryana_RERA_Project_Preview_Form_A_H_1043.html,Haryana_RERA_Project_Preview_Form_A_H_1043.html,.html,125036,0.119,HTML_STATUTORY,0,0,0
Paras-Dews-Sector-106-Gurugram,00_Core_Intelligence_Dataset/Paras_Dews_Master_Brochure_and_Floor_Plans.pdf,Paras_Dews_Master_Brochure_and_Floor_Plans.pdf,.pdf,17963318,17.131,CAT2_ARCH_DRAWING,1,0,1
Paras-Dews-Sector-106-Gurugram,00_Core_Intelligence_Dataset/Project_Executive_Summary_and_Data_Extraction.md,Project_Executive_Summary_and_Data_Extraction.md,.md,2383,0.002,SYNTH,0,0,0
Paras-Dews-Sector-106-Gurugram,01_Tender_NIT_PreBid/Haryana_RERA_Project_Preview_Form_A_H_1043.html,Haryana_RERA_Project_Preview_Form_A_H_1043.html,.html,125036,0.119,HTML_STATUTORY,0,0,0
Paras-Dews-Sector-106-Gurugram,01_Tender_NIT_PreBid/RERA_Regulatory_Framework_and_License_Parameters.md,RERA_Regulatory_Framework_and_License_Parameters.md,.md,1444,0.001,SYNTH,0,0,0
Paras-Dews-Sector-106-Gurugram,02_Cost_BOQ_Makes/RERA_Cost_Breakdown_and_Unit_Pricing_Intelligence.md,RERA_Cost_Breakdown_and_Unit_Pricing_Intelligence.md,.md,1741,0.002,SYNTH,0,0,0
Paras-Dews-Sector-106-Gurugram,03_Technical_Specifications_Reports/Architectural_Finishes_and_Material_Specifications.md,Architectural_Finishes_and_Material_Specifications.md,.md,1539,0.001,SYNTH,0,0,0
Paras-Dews-Sector-106-Gurugram,03_Technical_Specifications_Reports/Paras_Dews_Master_Brochure_and_Floor_Plans.pdf,Paras_Dews_Master_Brochure_and_Floor_Plans.pdf,.pdf,17963318,17.131,CAT2_ARCH_DRAWING,1,0,1
Paras-Dews-Sector-106-Gurugram,04_Architectural_Drawings/Master_Site_Plan_and_Tower_Layout_Catalog.md,Master_Site_Plan_and_Tower_Layout_Catalog.md,.md,1504,0.001,SYNTH,0,0,0
Paras-Dews-Sector-106-Gurugram,04_Architectural_Drawings/Paras_Dews_Master_Brochure_and_Floor_Plans.pdf,Paras_Dews_Master_Brochure_and_Floor_Plans.pdf,.pdf,17963318,17.131,CAT2_ARCH_DRAWING,1,0,1
Paras-Dews-Sector-106-Gurugram,05_Structural_Drawings/Structural_System_and_Seismic_Design_Notes.md,Structural_System_and_Seismic_Design_Notes.md,.md,1089,0.001,SYNTH,0,0,0
Paras-Dews-Sector-106-Gurugram,06_MEP_Services/MEP_Building_Services_and_Utility_Schedule.md,MEP_Building_Services_and_Utility_Schedule.md,.md,1386,0.001,SYNTH,0,0,0
Paras-Dews-Sector-106-Gurugram,07_Landscape_Infrastructure/Paras_Dews_Master_Brochure_and_Floor_Plans.pdf,Paras_Dews_Master_Brochure_and_Floor_Plans.pdf,.pdf,17963318,17.131,CAT2_ARCH_DRAWING,1,0,1
Paras-Dews-Sector-106-Gurugram,07_Landscape_Infrastructure/Site_Master_Planning_and_Clubhouse_Amenities.md,Site_Master_Planning_and_Clubhouse_Amenities.md,.md,1140,0.001,SYNTH,0,0,0
Paras-Dews-Sector-106-Gurugram,08_Execution_Actuals/Haryana_RERA_Project_Preview_Form_A_H_1043.html,Haryana_RERA_Project_Preview_Form_A_H_1043.html,.html,125036,0.119,HTML_STATUTORY,0,0,0
Paras-Dews-Sector-106-Gurugram,08_Execution_Actuals/Project_Completion_and_Occupancy_Certificate_Charter.md,Project_Completion_and_Occupancy_Certificate_Charter.md,.md,1051,0.001,SYNTH,0,0,0
Paras-Dews-Sector-106-Gurugram,99_Unverified_or_Related_References/.gitkeep,.gitkeep,,0,0.0,GITKEEP,0,0,0
Purvanchal-Sunbliss-Sector-22D-Yamuna-Expressway,file_manifest.csv,file_manifest.csv,.csv,8301,0.008,METADATA,0,0,0
Purvanchal-Sunbliss-Sector-22D-Yamuna-Expressway,README.md,README.md,.md,3685,0.004,METADATA,0,0,0
Purvanchal-Sunbliss-Sector-22D-Yamuna-Expressway,00_Core_Intelligence_Dataset/PRJ461451357Sunbliss_CA_Certificate_DS.pdf,PRJ461451357Sunbliss_CA_Certificate_DS.pdf,.pdf,718005,0.685,CAT6_COST,1,0,0
Purvanchal-Sunbliss-Sector-22D-Yamuna-Expressway,00_Core_Intelligence_Dataset/Project_Executive_Summary_and_Data_Extraction.md,Project_Executive_Summary_and_Data_Extraction.md,.md,3785,0.004,SYNTH,0,0,0
Purvanchal-Sunbliss-Sector-22D-Yamuna-Expressway,00_Core_Intelligence_Dataset/UPRERA_Project_PRJ746863_Sunbliss_Summary.html,UPRERA_Project_PRJ746863_Sunbliss_Summary.html,.html,189632,0.181,HTML_STATUTORY,0,0,0
Purvanchal-Sunbliss-Sector-22D-Yamuna-Expressway,01_Tender_NIT_PreBid/PRJ211451357Allotment_250325_FINALUPLOAD.pdf,PRJ211451357Allotment_250325_FINALUPLOAD.pdf,.pdf,226462,0.216,CAT1_TENDER,1,0,0
Purvanchal-Sunbliss-Sector-22D-Yamuna-Expressway,01_Tender_NIT_PreBid/YEIDA_Planning_Framework_and_RERA_Registration_Parameters.md,YEIDA_Planning_Framework_and_RERA_Registration_Parameters.md,.md,1994,0.002,SYNTH,0,0,0
Purvanchal-Sunbliss-Sector-22D-Yamuna-Expressway,02_Cost_BOQ_Makes/PRJ301451357Sunbliss_ATS_FINALUpload_250325.pdf,PRJ301451357Sunbliss_ATS_FINALUpload_250325.pdf,.pdf,759663,0.724,CAT4_BOQ,1,0,0
Purvanchal-Sunbliss-Sector-22D-Yamuna-Expressway,02_Cost_BOQ_Makes/Unit_Pricing_and_Project_Capital_Outlay_Intelligence.md,Unit_Pricing_and_Project_Capital_Outlay_Intelligence.md,.md,2333,0.002,SYNTH,0,0,0
Purvanchal-Sunbliss-Sector-22D-Yamuna-Expressway,03_Technical_Specifications_Reports/Mivan_Formwork_and_Architectural_Finishes_Specifications.md,Mivan_Formwork_and_Architectural_Finishes_Specifications.md,.md,2587,0.002,SYNTH,0,0,0
Purvanchal-Sunbliss-Sector-22D-Yamuna-Expressway,03_Technical_Specifications_Reports/PRJ301451357Sunbliss_ATS_Technical_Specifications_ScheduleD.pdf,PRJ301451357Sunbliss_ATS_Technical_Specifications_ScheduleD.pdf,.pdf,759663,0.724,CAT5_SPECS,1,0,0
Purvanchal-Sunbliss-Sector-22D-Yamuna-Expressway,04_Architectural_Drawings/Master_Site_Plan_and_Tower_Layout_Catalog.md,Master_Site_Plan_and_Tower_Layout_Catalog.md,.md,1787,0.002,SYNTH,0,0,0
Purvanchal-Sunbliss-Sector-22D-Yamuna-Expressway,05_Structural_Drawings/Structural_Framing_and_Seismic_Design_Criteria.md,Structural_Framing_and_Seismic_Design_Criteria.md,.md,1884,0.002,SYNTH,0,0,0
Purvanchal-Sunbliss-Sector-22D-Yamuna-Expressway,06_MEP_Services/MEP_Building_Services_and_Fire_Safety_Schedule.md,MEP_Building_Services_and_Fire_Safety_Schedule.md,.md,2614,0.002,SYNTH,0,0,0
Purvanchal-Sunbliss-Sector-22D-Yamuna-Expressway,07_Landscape_Infrastructure/Podium_Master_Planning_and_70000_SqFt_Clubhouse.md,Podium_Master_Planning_and_70000_SqFt_Clubhouse.md,.md,1735,0.002,SYNTH,0,0,0
Purvanchal-Sunbliss-Sector-22D-Yamuna-Expressway,08_Execution_Actuals/Project_Lifecycle_Status_and_Possession_Charter.md,Project_Lifecycle_Status_and_Possession_Charter.md,.md,1796,0.002,SYNTH,0,0,0
Purvanchal-Sunbliss-Sector-22D-Yamuna-Expressway,99_Unverified_or_Related_References/Methodology_Note_Private_YEIDA_Benchmarking.md,Methodology_Note_Private_YEIDA_Benchmarking.md,.md,1784,0.002,SYNTH,0,0,0
SBI-DN-Nagar-Andheri-122-Flats,file_manifest.csv,file_manifest.csv,.csv,8894,0.008,METADATA,0,0,0
SBI-DN-Nagar-Andheri-122-Flats,README.md,README.md,.md,3275,0.003,METADATA,0,0,0
SBI-DN-Nagar-Andheri-122-Flats,00_Core_Intelligence_Dataset/NOTICE_INVITING_TENDER20250828084234367.pdf,NOTICE_INVITING_TENDER20250828084234367.pdf,.pdf,1046842,0.998,CAT1_TENDER,1,0,0
SBI-DN-Nagar-Andheri-122-Flats,00_Core_Intelligence_Dataset/PART_B_GCC.pdf,PART_B_GCC.pdf,.pdf,1248071,1.19,CAT1_TENDER,1,0,0
SBI-DN-Nagar-Andheri-122-Flats,00_Core_Intelligence_Dataset/PART_C_SCC.pdf,PART_C_SCC.pdf,.pdf,1009938,0.963,CAT1_TENDER,1,0,0
SBI-DN-Nagar-Andheri-122-Flats,00_Core_Intelligence_Dataset/PART_D_TECH_SPEC.pdf,PART_D_TECH_SPEC.pdf,.pdf,2205680,2.104,CAT5_SPECS,1,0,0
SBI-DN-Nagar-Andheri-122-Flats,00_Core_Intelligence_Dataset/PART_E_Tender_Drawings.pdf,PART_E_Tender_Drawings.pdf,.pdf,2221560,2.119,CAT1_TENDER,1,0,0
SBI-DN-Nagar-Andheri-122-Flats,00_Core_Intelligence_Dataset/PART_F_FINANCIAL_BID.pdf,PART_F_FINANCIAL_BID.pdf,.pdf,1472797,1.405,CAT4_BOQ,1,0,0
SBI-DN-Nagar-Andheri-122-Flats,00_Core_Intelligence_Dataset/PART_F_PRICE_BID_AND_BOQ.pdf,PART_F_PRICE_BID_AND_BOQ.pdf,.pdf,63621,0.061,CAT4_BOQ,0,0,0
SBI-DN-Nagar-Andheri-122-Flats,01_Tender_NIT_PreBid/Corrigendum.pdf,Corrigendum.pdf,.pdf,53868,0.051,CAT1_TENDER,0,0,0
SBI-DN-Nagar-Andheri-122-Flats,01_Tender_NIT_PreBid/NOTICE_INVITING_TENDER20250828084234367.pdf,NOTICE_INVITING_TENDER20250828084234367.pdf,.pdf,1046842,0.998,CAT1_TENDER,1,0,0
SBI-DN-Nagar-Andheri-122-Flats,01_Tender_NIT_PreBid/PREBID_QUERIES_REPLIES.pdf,PREBID_QUERIES_REPLIES.pdf,.pdf,149528,0.143,CAT1_TENDER,1,0,0
SBI-DN-Nagar-Andheri-122-Flats,02_Cost_BOQ_Makes/PART_F_FINANCIAL_BID.pdf,PART_F_FINANCIAL_BID.pdf,.pdf,1472797,1.405,CAT4_BOQ,1,0,0
SBI-DN-Nagar-Andheri-122-Flats,02_Cost_BOQ_Makes/PART_F_PRICE_BID_AND_BOQ.pdf,PART_F_PRICE_BID_AND_BOQ.pdf,.pdf,63621,0.061,CAT4_BOQ,0,0,0
SBI-DN-Nagar-Andheri-122-Flats,03_Technical_Specifications_Reports/PART_B_GCC.pdf,PART_B_GCC.pdf,.pdf,1248071,1.19,CAT5_SPECS,1,0,0
SBI-DN-Nagar-Andheri-122-Flats,03_Technical_Specifications_Reports/PART_C_SCC.pdf,PART_C_SCC.pdf,.pdf,1009938,0.963,CAT5_SPECS,1,0,0
SBI-DN-Nagar-Andheri-122-Flats,03_Technical_Specifications_Reports/PART_D_TECH_SPEC.pdf,PART_D_TECH_SPEC.pdf,.pdf,2205680,2.104,CAT5_SPECS,1,0,0
SBI-DN-Nagar-Andheri-122-Flats,04_Architectural_Drawings/PART_E_Tender_Drawings.pdf,PART_E_Tender_Drawings.pdf,.pdf,2221560,2.119,CAT2_ARCH_DRAWING,1,0,0
SBI-DN-Nagar-Andheri-122-Flats,05_Structural_Drawings/PART_E_Tender_Drawings.pdf,PART_E_Tender_Drawings.pdf,.pdf,2221560,2.119,CAT3_STRUCT_DRAWING,1,0,0
SBI-DN-Nagar-Andheri-122-Flats,06_MEP_Services/PART_D_TECH_SPEC.pdf,PART_D_TECH_SPEC.pdf,.pdf,2205680,2.104,CAT5_SPECS,1,0,0
SBI-DN-Nagar-Andheri-122-Flats,07_Landscape_Infrastructure/PART_E_Tender_Drawings.pdf,PART_E_Tender_Drawings.pdf,.pdf,2221560,2.119,CAT1_TENDER,1,0,0
SBI-DN-Nagar-Andheri-122-Flats,08_Execution_Actuals/.gitkeep,.gitkeep,,0,0.0,GITKEEP,0,0,0
SBI-DN-Nagar-Andheri-122-Flats,99_Unverified_or_Related_References/.gitkeep,.gitkeep,,0,0.0,GITKEEP,0,0,0
SBI-Enclave-Hyderabad,file_manifest.csv,file_manifest.csv,.csv,3016,0.003,METADATA,0,0,0
SBI-Enclave-Hyderabad,README.md,README.md,.md,3418,0.003,METADATA,0,0,0
SBI-Enclave-Hyderabad,00_Core_Intelligence_Dataset/PART_B_GCC.pdf,PART_B_GCC.pdf,.pdf,2610880,2.49,CAT1_TENDER,1,0,0
SBI-Enclave-Hyderabad,00_Core_Intelligence_Dataset/PART_C_SCC.pdf,PART_C_SCC.pdf,.pdf,1716392,1.637,CAT1_TENDER,1,0,0
SBI-Enclave-Hyderabad,00_Core_Intelligence_Dataset/PART_D_Structural_DBR.pdf,PART_D_Structural_DBR.pdf,.pdf,7965853,7.597,CAT3_STRUCT_DRAWING,1,0,1
SBI-Enclave-Hyderabad,01_Tender_NIT_PreBid/PART_B_GCC.pdf,PART_B_GCC.pdf,.pdf,2610880,2.49,CAT1_TENDER,1,0,0
SBI-Enclave-Hyderabad,01_Tender_NIT_PreBid/PART_C_SCC.pdf,PART_C_SCC.pdf,.pdf,1716392,1.637,CAT1_TENDER,1,0,0
SBI-Enclave-Hyderabad,02_Cost_BOQ_Makes/.gitkeep,.gitkeep,,0,0.0,GITKEEP,0,0,0
SBI-Enclave-Hyderabad,03_Technical_Specifications_Reports/.gitkeep,.gitkeep,,0,0.0,GITKEEP,0,0,0
SBI-Enclave-Hyderabad,04_Architectural_Drawings/.gitkeep,.gitkeep,,0,0.0,GITKEEP,0,0,0
SBI-Enclave-Hyderabad,05_Structural_Drawings/PART_D_Structural_DBR.pdf,PART_D_Structural_DBR.pdf,.pdf,7965853,7.597,CAT3_STRUCT_DRAWING,1,0,1
SBI-Enclave-Hyderabad,06_MEP_Services/.gitkeep,.gitkeep,,0,0.0,GITKEEP,0,0,0
SBI-Enclave-Hyderabad,07_Landscape_Infrastructure/.gitkeep,.gitkeep,,0,0.0,GITKEEP,0,0,0
SBI-Enclave-Hyderabad,08_Execution_Actuals/.gitkeep,.gitkeep,,0,0.0,GITKEEP,0,0,0
SBI-Enclave-Hyderabad,99_Unverified_or_Related_References/.gitkeep,.gitkeep,,0,0.0,GITKEEP,0,0,0
SBI-GIFT-City-Twin-Towers,file_manifest.csv,file_manifest.csv,.csv,13675,0.013,METADATA,0,0,0
SBI-GIFT-City-Twin-Towers,README.md,README.md,.md,3656,0.003,METADATA,0,0,0
SBI-GIFT-City-Twin-Towers,00_Core_Intelligence_Dataset/PreBid_Replies_and_Required_Docs.pdf,PreBid_Replies_and_Required_Docs.pdf,.pdf,727900,0.694,CAT1_TENDER,1,0,0
SBI-GIFT-City-Twin-Towers,00_Core_Intelligence_Dataset/Price_Bid_BOQ_Revised_Corrigendum.pdf,Price_Bid_BOQ_Revised_Corrigendum.pdf,.pdf,4586366,4.374,CAT4_BOQ,1,0,0
SBI-GIFT-City-Twin-Towers,00_Core_Intelligence_Dataset/Project_Executive_Summary_and_Data_Extraction.md,Project_Executive_Summary_and_Data_Extraction.md,.md,2948,0.003,SYNTH,0,0,0
SBI-GIFT-City-Twin-Towers,00_Core_Intelligence_Dataset/Technical_Bid_Revised_Corrigendum.pdf,Technical_Bid_Revised_Corrigendum.pdf,.pdf,3998251,3.813,CAT1_TENDER,1,0,0
SBI-GIFT-City-Twin-Towers,01_Tender_NIT_PreBid/PreBid_Replies_and_Required_Docs.pdf,PreBid_Replies_and_Required_Docs.pdf,.pdf,727900,0.694,CAT1_TENDER,1,0,0
SBI-GIFT-City-Twin-Towers,01_Tender_NIT_PreBid/Technical_Bid_Original.pdf,Technical_Bid_Original.pdf,.pdf,3780578,3.605,CAT1_TENDER,1,0,0
SBI-GIFT-City-Twin-Towers,01_Tender_NIT_PreBid/Technical_Bid_Revised_Corrigendum.pdf,Technical_Bid_Revised_Corrigendum.pdf,.pdf,3998251,3.813,CAT1_TENDER,1,0,0
SBI-GIFT-City-Twin-Towers,01_Tender_NIT_PreBid/Tender_NIT_Key_Terms_and_Eligibility_Criteria.md,Tender_NIT_Key_Terms_and_Eligibility_Criteria.md,.md,1806,0.002,SYNTH,0,0,0
SBI-GIFT-City-Twin-Towers,02_Cost_BOQ_Makes/Cost_Abstract_and_BOQ_Schedule_Intelligence.md,Cost_Abstract_and_BOQ_Schedule_Intelligence.md,.md,2108,0.002,SYNTH,0,0,0
SBI-GIFT-City-Twin-Towers,02_Cost_BOQ_Makes/Price_Bid_BOQ_Original.pdf,Price_Bid_BOQ_Original.pdf,.pdf,1523152,1.453,CAT4_BOQ,1,0,0
SBI-GIFT-City-Twin-Towers,02_Cost_BOQ_Makes/Price_Bid_BOQ_Revised_Corrigendum.pdf,Price_Bid_BOQ_Revised_Corrigendum.pdf,.pdf,4586366,4.374,CAT4_BOQ,1,0,0
SBI-GIFT-City-Twin-Towers,03_Technical_Specifications_Reports/Technical_Bid_Revised_Corrigendum.pdf,Technical_Bid_Revised_Corrigendum.pdf,.pdf,3998251,3.813,CAT5_SPECS,1,0,0
SBI-GIFT-City-Twin-Towers,03_Technical_Specifications_Reports/Technical_Specifications_and_Standards_Summary.md,Technical_Specifications_and_Standards_Summary.md,.md,1635,0.002,SYNTH,0,0,0
SBI-GIFT-City-Twin-Towers,04_Architectural_Drawings/Architectural_Design_Basis_and_Drawings_Catalog.md,Architectural_Design_Basis_and_Drawings_Catalog.md,.md,1522,0.001,SYNTH,0,0,0
SBI-GIFT-City-Twin-Towers,04_Architectural_Drawings/Technical_Bid_Revised_Corrigendum.pdf,Technical_Bid_Revised_Corrigendum.pdf,.pdf,3998251,3.813,CAT2_ARCH_DRAWING,1,0,0
SBI-GIFT-City-Twin-Towers,05_Structural_Drawings/PreBid_Replies_and_Required_Docs.pdf,PreBid_Replies_and_Required_Docs.pdf,.pdf,727900,0.694,CAT3_STRUCT_DRAWING,1,0,0
SBI-GIFT-City-Twin-Towers,05_Structural_Drawings/Structural_Design_Basis_and_Diaphragm_Wall_Notes.md,Structural_Design_Basis_and_Diaphragm_Wall_Notes.md,.md,1101,0.001,SYNTH,0,0,0
SBI-GIFT-City-Twin-Towers,05_Structural_Drawings/Technical_Bid_Revised_Corrigendum.pdf,Technical_Bid_Revised_Corrigendum.pdf,.pdf,3998251,3.813,CAT3_STRUCT_DRAWING,1,0,0
SBI-GIFT-City-Twin-Towers,06_MEP_Services/MEP_Engineering_Specifications_and_Services_Schedule.md,MEP_Engineering_Specifications_and_Services_Schedule.md,.md,1248,0.001,SYNTH,0,0,0
SBI-GIFT-City-Twin-Towers,06_MEP_Services/Price_Bid_BOQ_Revised_Corrigendum.pdf,Price_Bid_BOQ_Revised_Corrigendum.pdf,.pdf,4586366,4.374,CAT4_BOQ,1,0,0
SBI-GIFT-City-Twin-Towers,06_MEP_Services/Technical_Bid_Revised_Corrigendum.pdf,Technical_Bid_Revised_Corrigendum.pdf,.pdf,3998251,3.813,CAT8_MEP,1,0,0
SBI-GIFT-City-Twin-Towers,07_Landscape_Infrastructure/Site_Development_and_External_Infrastructure_Schedule.md,Site_Development_and_External_Infrastructure_Schedule.md,.md,839,0.001,SYNTH,0,0,0
SBI-GIFT-City-Twin-Towers,07_Landscape_Infrastructure/Technical_Bid_Revised_Corrigendum.pdf,Technical_Bid_Revised_Corrigendum.pdf,.pdf,3998251,3.813,CAT1_TENDER,1,0,0
SBI-GIFT-City-Twin-Towers,08_Execution_Actuals/Construction_Milestones_and_Execution_Charter.md,Construction_Milestones_and_Execution_Charter.md,.md,1317,0.001,SYNTH,0,0,0
SBI-GIFT-City-Twin-Towers,99_Unverified_or_Related_References/.gitkeep,.gitkeep,,0,0.0,GITKEEP,0,0,0
TCIL-NVS-JNV-Azamgarh-Quarters,file_manifest.csv,file_manifest.csv,.csv,12976,0.012,METADATA,0,0,0
TCIL-NVS-JNV-Azamgarh-Quarters,README.md,README.md,.md,3354,0.003,METADATA,0,0,0
TCIL-NVS-JNV-Azamgarh-Quarters,00_Core_Intelligence_Dataset/Guest_House_Architectural_Floor_Plan_and_Area_Statement.pdf,Guest_House_Architectural_Floor_Plan_and_Area_Statement.pdf,.pdf,168181,0.16,CAT2_ARCH_DRAWING,1,0,0
TCIL-NVS-JNV-Azamgarh-Quarters,00_Core_Intelligence_Dataset/Project_Executive_Summary_and_Data_Extraction.md,Project_Executive_Summary_and_Data_Extraction.md,.md,4271,0.004,SYNTH,0,0,0
TCIL-NVS-JNV-Azamgarh-Quarters,00_Core_Intelligence_Dataset/Type_II_Quarters_Architectural_Floor_Plan_and_Area_Statement.pdf,Type_II_Quarters_Architectural_Floor_Plan_and_Area_Statement.pdf,.pdf,235070,0.224,CAT2_ARCH_DRAWING,1,0,0
TCIL-NVS-JNV-Azamgarh-Quarters,00_Core_Intelligence_Dataset/Volume1_Technical_Bid_NIT_GCC_SCC_Specs.pdf,Volume1_Technical_Bid_NIT_GCC_SCC_Specs.pdf,.pdf,7431774,7.087,CAT1_TENDER,1,0,1
TCIL-NVS-JNV-Azamgarh-Quarters,00_Core_Intelligence_Dataset/Volume2_Financial_Bid_BOQ_Drawings.pdf,Volume2_Financial_Bid_BOQ_Drawings.pdf,.pdf,3000534,2.862,CAT4_BOQ,1,0,0
TCIL-NVS-JNV-Azamgarh-Quarters,01_Tender_NIT_PreBid/Tender_NIT_Key_Terms_and_Submission_Schedule.md,Tender_NIT_Key_Terms_and_Submission_Schedule.md,.md,2361,0.002,SYNTH,0,0,0
TCIL-NVS-JNV-Azamgarh-Quarters,01_Tender_NIT_PreBid/Volume1_Technical_Bid_NIT_GCC_SCC_Specs.pdf,Volume1_Technical_Bid_NIT_GCC_SCC_Specs.pdf,.pdf,7431774,7.087,CAT1_TENDER,1,0,1
TCIL-NVS-JNV-Azamgarh-Quarters,01_Tender_NIT_PreBid/Volume2_Financial_Bid_BOQ_Drawings.pdf,Volume2_Financial_Bid_BOQ_Drawings.pdf,.pdf,3000534,2.862,CAT4_BOQ,1,0,0
TCIL-NVS-JNV-Azamgarh-Quarters,02_Cost_BOQ_Makes/Approved_Makes_and_Manufacturers_Directory.md,Approved_Makes_and_Manufacturers_Directory.md,.md,2845,0.003,SYNTH,0,0,0
TCIL-NVS-JNV-Azamgarh-Quarters,02_Cost_BOQ_Makes/Detailed_BOQ_Cost_Abstract_and_Item_Schedule.md,Detailed_BOQ_Cost_Abstract_and_Item_Schedule.md,.md,4416,0.004,SYNTH,0,0,0
TCIL-NVS-JNV-Azamgarh-Quarters,02_Cost_BOQ_Makes/Volume2_Financial_Bid_BOQ_Drawings.pdf,Volume2_Financial_Bid_BOQ_Drawings.pdf,.pdf,3000534,2.862,CAT4_BOQ,1,0,0
TCIL-NVS-JNV-Azamgarh-Quarters,03_Technical_Specifications_Reports/Technical_Specifications_and_Quality_Standards.md,Technical_Specifications_and_Quality_Standards.md,.md,2026,0.002,SYNTH,0,0,0
TCIL-NVS-JNV-Azamgarh-Quarters,03_Technical_Specifications_Reports/Volume1_Technical_Bid_NIT_GCC_SCC_Specs.pdf,Volume1_Technical_Bid_NIT_GCC_SCC_Specs.pdf,.pdf,7431774,7.087,CAT5_SPECS,1,0,1
TCIL-NVS-JNV-Azamgarh-Quarters,04_Architectural_Drawings/Architectural_Design_Basis_and_Room_Schedules.md,Architectural_Design_Basis_and_Room_Schedules.md,.md,2920,0.003,SYNTH,0,0,0
TCIL-NVS-JNV-Azamgarh-Quarters,04_Architectural_Drawings/Guest_House_Architectural_Floor_Plan_and_Area_Statement.pdf,Guest_House_Architectural_Floor_Plan_and_Area_Statement.pdf,.pdf,168181,0.16,CAT2_ARCH_DRAWING,1,0,0
TCIL-NVS-JNV-Azamgarh-Quarters,04_Architectural_Drawings/Type_II_Quarters_Architectural_Floor_Plan_and_Area_Statement.pdf,Type_II_Quarters_Architectural_Floor_Plan_and_Area_Statement.pdf,.pdf,235070,0.224,CAT2_ARCH_DRAWING,1,0,0
TCIL-NVS-JNV-Azamgarh-Quarters,04_Architectural_Drawings/Volume2_Financial_Bid_BOQ_Drawings.pdf,Volume2_Financial_Bid_BOQ_Drawings.pdf,.pdf,3000534,2.862,CAT4_BOQ,1,0,0
TCIL-NVS-JNV-Azamgarh-Quarters,05_Structural_Drawings/Structural_Design_Basis_and_Engineering_Notes.md,Structural_Design_Basis_and_Engineering_Notes.md,.md,1778,0.002,SYNTH,0,0,0
TCIL-NVS-JNV-Azamgarh-Quarters,05_Structural_Drawings/Volume1_Technical_Bid_NIT_GCC_SCC_Specs.pdf,Volume1_Technical_Bid_NIT_GCC_SCC_Specs.pdf,.pdf,7431774,7.087,CAT3_STRUCT_DRAWING,1,0,1
TCIL-NVS-JNV-Azamgarh-Quarters,06_MEP_Services/MEP_Engineering_Specifications_and_Load_Estimates.md,MEP_Engineering_Specifications_and_Load_Estimates.md,.md,2056,0.002,SYNTH,0,0,0
TCIL-NVS-JNV-Azamgarh-Quarters,06_MEP_Services/Volume2_Financial_Bid_BOQ_Drawings.pdf,Volume2_Financial_Bid_BOQ_Drawings.pdf,.pdf,3000534,2.862,CAT4_BOQ,1,0,0
TCIL-NVS-JNV-Azamgarh-Quarters,07_Landscape_Infrastructure/Site_Development_and_External_Infrastructure_Schedule.md,Site_Development_and_External_Infrastructure_Schedule.md,.md,1591,0.002,SYNTH,0,0,0
TCIL-NVS-JNV-Azamgarh-Quarters,07_Landscape_Infrastructure/Volume2_Financial_Bid_BOQ_Drawings.pdf,Volume2_Financial_Bid_BOQ_Drawings.pdf,.pdf,3000534,2.862,CAT4_BOQ,1,0,0
TCIL-NVS-JNV-Azamgarh-Quarters,08_Execution_Actuals/Tender_Milestones_and_Execution_Charter.md,Tender_Milestones_and_Execution_Charter.md,.md,1731,0.002,SYNTH,0,0,0
TCIL-NVS-JNV-Azamgarh-Quarters,99_Unverified_or_Related_References/TCIL_EMRS_Namkum_Ranchi_Reference_Tender_25c1111_1.pdf,TCIL_EMRS_Namkum_Ranchi_Reference_Tender_25c1111_1.pdf,.pdf,2867202,2.734,CAT1_TENDER,1,0,0
UP-RERA-Residential-Towers-Floor-Plans,file_manifest.csv,file_manifest.csv,.csv,7659,0.007,METADATA,0,0,0
UP-RERA-Residential-Towers-Floor-Plans,README.md,README.md,.md,3326,0.003,METADATA,0,0,0
UP-RERA-Residential-Towers-Floor-Plans,00_Core_Intelligence_Dataset/UPRERA_Project_8898_Himalaya_Pride_Details.html,UPRERA_Project_8898_Himalaya_Pride_Details.html,.html,811854,0.774,HTML_STATUTORY,0,0,0
UP-RERA-Residential-Towers-Floor-Plans,00_Core_Intelligence_Dataset/UP_RERA_Multi_Tower_Cross_Project_Compendium.md,UP_RERA_Multi_Tower_Cross_Project_Compendium.md,.md,4457,0.004,SYNTH,0,0,0
UP-RERA-Residential-Towers-Floor-Plans,01_Tender_NIT_PreBid/UPRERA_Project_8898_Himalaya_Pride_Details.html,UPRERA_Project_8898_Himalaya_Pride_Details.html,.html,811854,0.774,HTML_STATUTORY,0,0,0
UP-RERA-Residential-Towers-Floor-Plans,01_Tender_NIT_PreBid/UPRERA_Statutory_Framework_and_Authority_Approvals.md,UPRERA_Statutory_Framework_and_Authority_Approvals.md,.md,2297,0.002,SYNTH,0,0,0
UP-RERA-Residential-Towers-Floor-Plans,02_Cost_BOQ_Makes/CA_Certified_Project_Costs_and_Macro_Takeoff_Matrix.md,CA_Certified_Project_Costs_and_Macro_Takeoff_Matrix.md,.md,2261,0.002,SYNTH,0,0,0
UP-RERA-Residential-Towers-Floor-Plans,03_Technical_Specifications_Reports/Promoter_Technical_Specifications_Architecture.md,Promoter_Technical_Specifications_Architecture.md,.md,2504,0.002,SYNTH,0,0,0
UP-RERA-Residential-Towers-Floor-Plans,04_Architectural_Drawings/Floor_Plans_of_All_Types_and_Sanctioned_Layout_Catalog.md,Floor_Plans_of_All_Types_and_Sanctioned_Layout_Catalog.md,.md,2435,0.002,SYNTH,0,0,0
UP-RERA-Residential-Towers-Floor-Plans,04_Architectural_Drawings/UPRERA_Project_8898_Himalaya_Pride_Details.html,UPRERA_Project_8898_Himalaya_Pride_Details.html,.html,811854,0.774,HTML_STATUTORY,0,0,0
UP-RERA-Residential-Towers-Floor-Plans,05_Structural_Drawings/Seismic_Zone_IV_Structural_Paradigms_UP_NCR.md,Seismic_Zone_IV_Structural_Paradigms_UP_NCR.md,.md,1725,0.002,SYNTH,0,0,0
UP-RERA-Residential-Towers-Floor-Plans,06_MEP_Services/High_Rise_MEP_and_Fire_Safety_Standards_UP.md,High_Rise_MEP_and_Fire_Safety_Standards_UP.md,.md,1977,0.002,SYNTH,0,0,0
UP-RERA-Residential-Towers-Floor-Plans,07_Landscape_Infrastructure/Master_Layout_Zoning_and_Open_Space_Norms.md,Master_Layout_Zoning_and_Open_Space_Norms.md,.md,1198,0.001,SYNTH,0,0,0
UP-RERA-Residential-Towers-Floor-Plans,08_Execution_Actuals/Project_Status_Monitoring_and_QPR_Protocols.md,Project_Status_Monitoring_and_QPR_Protocols.md,.md,1293,0.001,SYNTH,0,0,0
UP-RERA-Residential-Towers-Floor-Plans,08_Execution_Actuals/UPRERA_Project_8898_Himalaya_Pride_Details.html,UPRERA_Project_8898_Himalaya_Pride_Details.html,.html,811854,0.774,HTML_STATUTORY,0,0,0
UP-RERA-Residential-Towers-Floor-Plans,99_Unverified_or_Related_References/RERA_Disclosures_National_Synergy_Note.md,RERA_Disclosures_National_Synergy_Note.md,.md,2084,0.002,SYNTH,0,0,0
WB-PWD-Burdwan-Type-I-II-Quarters,file_manifest.csv,file_manifest.csv,.csv,5652,0.005,METADATA,0,0,0
WB-PWD-Burdwan-Type-I-II-Quarters,README.md,README.md,.md,3289,0.003,METADATA,0,0,0
WB-PWD-Burdwan-Type-I-II-Quarters,00_Core_Intelligence_Dataset/BOQ_1634922_Item_Rate_Schedule.csv,BOQ_1634922_Item_Rate_Schedule.csv,.csv,2926,0.003,CAT4_BOQ,0,0,0
WB-PWD-Burdwan-Type-I-II-Quarters,00_Core_Intelligence_Dataset/WBF_2911_Tender_Form.pdf,WBF_2911_Tender_Form.pdf,.pdf,67892,0.065,CAT1_TENDER,0,0,0
WB-PWD-Burdwan-Type-I-II-Quarters,01_Tender_NIT_PreBid/Tender_Notice_Metadata.md,Tender_Notice_Metadata.md,.md,1265,0.001,SYNTH,0,0,0
WB-PWD-Burdwan-Type-I-II-Quarters,01_Tender_NIT_PreBid/WBF_2911_Tender_Form.pdf,WBF_2911_Tender_Form.pdf,.pdf,67892,0.065,CAT1_TENDER,0,0,0
WB-PWD-Burdwan-Type-I-II-Quarters,02_Cost_BOQ_Makes/BOQ_1634922_Item_Rate_Schedule.csv,BOQ_1634922_Item_Rate_Schedule.csv,.csv,2926,0.003,CAT4_BOQ,0,0,0
WB-PWD-Burdwan-Type-I-II-Quarters,03_Technical_Specifications_Reports/Technical_Specifications_SOR_Summary.md,Technical_Specifications_SOR_Summary.md,.md,2063,0.002,SYNTH,0,0,0
WB-PWD-Burdwan-Type-I-II-Quarters,04_Architectural_Drawings/Architectural_Scope_Inventory.md,Architectural_Scope_Inventory.md,.md,1473,0.001,SYNTH,0,0,0
WB-PWD-Burdwan-Type-I-II-Quarters,05_Structural_Drawings/Structural_Design_Basis_Summary.md,Structural_Design_Basis_Summary.md,.md,669,0.001,SYNTH,0,0,0
WB-PWD-Burdwan-Type-I-II-Quarters,06_MEP_Services/MEP_Services_Scope.md,MEP_Services_Scope.md,.md,582,0.001,SYNTH,0,0,0
WB-PWD-Burdwan-Type-I-II-Quarters,07_Landscape_Infrastructure/Campus_Infrastructure_Scope.md,Campus_Infrastructure_Scope.md,.md,458,0.0,SYNTH,0,0,0
WB-PWD-Burdwan-Type-I-II-Quarters,08_Execution_Actuals/Execution_Status_Tender_Stage.md,Execution_Status_Tender_Stage.md,.md,563,0.001,SYNTH,0,0,0
WB-PWD-Burdwan-Type-I-II-Quarters,99_Unverified_or_Related_References/.gitkeep,.gitkeep,,0,0.0,GITKEEP,0,0,0
WB-RERA-Multi-Tower-Residential-Projects,file_manifest.csv,file_manifest.csv,.csv,7033,0.007,METADATA,0,0,0
WB-RERA-Multi-Tower-Residential-Projects,README.md,README.md,.md,3393,0.003,METADATA,0,0,0
WB-RERA-Multi-Tower-Residential-Projects,00_Core_Intelligence_Dataset/WB_RERA_Multi_Tower_Cross_Project_Compendium.md,WB_RERA_Multi_Tower_Cross_Project_Compendium.md,.md,4793,0.005,SYNTH,0,0,0
WB-RERA-Multi-Tower-Residential-Projects,01_Tender_NIT_PreBid/Bengal_Shrachi_Greenwood_Nest_Master_Disclosures.md,Bengal_Shrachi_Greenwood_Nest_Master_Disclosures.md,.md,975,0.001,SYNTH,0,0,0
WB-RERA-Multi-Tower-Residential-Projects,01_Tender_NIT_PreBid/WBRERA_Statutory_Framework_and_Sanction_Protocols.md,WBRERA_Statutory_Framework_and_Sanction_Protocols.md,.md,2587,0.002,SYNTH,0,0,0
WB-RERA-Multi-Tower-Residential-Projects,02_Cost_BOQ_Makes/Carpet_Area_BUA_and_Macro_Cost_Takeoff_Matrix.md,Carpet_Area_BUA_and_Macro_Cost_Takeoff_Matrix.md,.md,2828,0.003,SYNTH,0,0,0
WB-RERA-Multi-Tower-Residential-Projects,03_Technical_Specifications_Reports/Structural_and_Civil_Finishes_Specifications_Standards.md,Structural_and_Civil_Finishes_Specifications_Standards.md,.md,2511,0.002,SYNTH,0,0,0
WB-RERA-Multi-Tower-Residential-Projects,04_Architectural_Drawings/Bengal_Shristi_Tarang_Towers_6_7_Architectural_Catalog.md,Bengal_Shristi_Tarang_Towers_6_7_Architectural_Catalog.md,.md,1388,0.001,SYNTH,0,0,0
WB-RERA-Multi-Tower-Residential-Projects,04_Architectural_Drawings/Sanctioned_Plans_Elevation_and_Floor_Plate_Catalog.md,Sanctioned_Plans_Elevation_and_Floor_Plate_Catalog.md,.md,2052,0.002,SYNTH,0,0,0
WB-RERA-Multi-Tower-Residential-Projects,05_Structural_Drawings/SS_Construction_JKN_Tower_Sanction_and_Structural_Index.md,SS_Construction_JKN_Tower_Sanction_and_Structural_Index.md,.md,979,0.001,SYNTH,0,0,0
WB-RERA-Multi-Tower-Residential-Projects,05_Structural_Drawings/TKD_Structural_Drawing_Series_and_Foundation_Details.md,TKD_Structural_Drawing_Series_and_Foundation_Details.md,.md,2271,0.002,SYNTH,0,0,0
WB-RERA-Multi-Tower-Residential-Projects,06_MEP_Services/Plumbing_Sanitation_and_Fire_Safety_Standards_KMC.md,Plumbing_Sanitation_and_Fire_Safety_Standards_KMC.md,.md,1690,0.002,SYNTH,0,0,0
WB-RERA-Multi-Tower-Residential-Projects,07_Landscape_Infrastructure/Site_Planning_FAR_and_Urban_Development_Norms.md,Site_Planning_FAR_and_Urban_Development_Norms.md,.md,1223,0.001,SYNTH,0,0,0
WB-RERA-Multi-Tower-Residential-Projects,08_Execution_Actuals/Project_Lifecycle_Status_and_Handover_Charter.md,Project_Lifecycle_Status_and_Handover_Charter.md,.md,1293,0.001,SYNTH,0,0,0
WB-RERA-Multi-Tower-Residential-Projects,99_Unverified_or_Related_References/WBRERA_vs_HARERA_Comparative_Analysis.md,WBRERA_vs_HARERA_Comparative_Analysis.md,.md,2242,0.002,SYNTH,0,0,0
