project_id,record_id,reason
OIL-RITES-Duliajan-BQ-Housing,CAP_0,GEOMETRY_INVALID (L/W/D is 0)
OIL-RITES-Duliajan-BQ-Housing,CAP_1,GEOMETRY_INVALID (L/W/D is 0)
OIL-RITES-Duliajan-BQ-Housing,CAP_2,GEOMETRY_INVALID (L/W/D is 0)
OIL-RITES-Duliajan-BQ-Housing,CAP_3,GEOMETRY_INVALID (L/W/D is 0)
OIL-RITES-Duliajan-BQ-Housing,CAP_4,GEOMETRY_INVALID (L/W/D is 0)
OIL-RITES-Duliajan-BQ-Housing,CAP_5,GEOMETRY_INVALID (L/W/D is 0)
TCIL-NVS-JNV-Azamgarh-Quarters,BOQ_16492,ARITHMETIC_FAILURE
TCIL-NVS-JNV-Azamgarh-Quarters,BOQ_16498,ARITHMETIC_FAILURE
TCIL-NVS-JNV-Azamgarh-Quarters,BOQ_16509,ARITHMETIC_FAILURE
TCIL-NVS-JNV-Azamgarh-Quarters,BOQ_16512,ARITHMETIC_FAILURE
TCIL-NVS-JNV-Azamgarh-Quarters,BOQ_16519,ARITHMETIC_FAILURE
TCIL-NVS-JNV-Azamgarh-Quarters,BOQ_16532,ARITHMETIC_FAILURE
TCIL-NVS-JNV-Azamgarh-Quarters,BOQ_16534,ARITHMETIC_FAILURE
TCIL-NVS-JNV-Azamgarh-Quarters,BOQ_16544,ARITHMETIC_FAILURE
TCIL-NVS-JNV-Azamgarh-Quarters,BOQ_16547,ARITHMETIC_FAILURE
TCIL-NVS-JNV-Azamgarh-Quarters,BOQ_16581,ARITHMETIC_FAILURE
TCIL-NVS-JNV-Azamgarh-Quarters,BOQ_16586,ARITHMETIC_FAILURE
TCIL-NVS-JNV-Azamgarh-Quarters,BOQ_16595,ARITHMETIC_FAILURE
TCIL-NVS-JNV-Azamgarh-Quarters,BOQ_16598,ARITHMETIC_FAILURE
TCIL-NVS-JNV-Azamgarh-Quarters,BOQ_16619,ARITHMETIC_FAILURE
TCIL-NVS-JNV-Azamgarh-Quarters,BOQ_16622,ARITHMETIC_FAILURE
TCIL-NVS-JNV-Azamgarh-Quarters,BOQ_16625,ARITHMETIC_FAILURE
TCIL-NVS-JNV-Azamgarh-Quarters,BOQ_16643,ARITHMETIC_FAILURE
TCIL-NVS-JNV-Azamgarh-Quarters,BOQ_16651,ARITHMETIC_FAILURE
TCIL-NVS-JNV-Azamgarh-Quarters,BOQ_16654,ARITHMETIC_FAILURE
TCIL-NVS-JNV-Azamgarh-Quarters,BOQ_16657,ARITHMETIC_FAILURE
TCIL-NVS-JNV-Azamgarh-Quarters,BOQ_16664,ARITHMETIC_FAILURE
TCIL-NVS-JNV-Azamgarh-Quarters,BOQ_16668,ARITHMETIC_FAILURE
TCIL-NVS-JNV-Azamgarh-Quarters,BOQ_16673,ARITHMETIC_FAILURE
TCIL-NVS-JNV-Azamgarh-Quarters,BOQ_16686,ARITHMETIC_FAILURE
TCIL-NVS-JNV-Azamgarh-Quarters,BOQ_16690,ARITHMETIC_FAILURE
TCIL-NVS-JNV-Azamgarh-Quarters,BOQ_16697,ARITHMETIC_FAILURE
TCIL-NVS-JNV-Azamgarh-Quarters,BOQ_16699,ARITHMETIC_FAILURE
TCIL-NVS-JNV-Azamgarh-Quarters,BOQ_16702,ARITHMETIC_FAILURE
TCIL-NVS-JNV-Azamgarh-Quarters,BOQ_16703,ARITHMETIC_FAILURE
TCIL-NVS-JNV-Azamgarh-Quarters,BOQ_16707,ARITHMETIC_FAILURE
TCIL-NVS-JNV-Azamgarh-Quarters,BOQ_16709,ARITHMETIC_FAILURE
TCIL-NVS-JNV-Azamgarh-Quarters,BOQ_16713,ARITHMETIC_FAILURE
TCIL-NVS-JNV-Azamgarh-Quarters,BOQ_16715,ARITHMETIC_FAILURE
TCIL-NVS-JNV-Azamgarh-Quarters,BOQ_16719,ARITHMETIC_FAILURE
TCIL-NVS-JNV-Azamgarh-Quarters,BOQ_16720,ARITHMETIC_FAILURE
TCIL-NVS-JNV-Azamgarh-Quarters,BOQ_16722,ARITHMETIC_FAILURE
TCIL-NVS-JNV-Azamgarh-Quarters,BOQ_16726,ARITHMETIC_FAILURE
TCIL-NVS-JNV-Azamgarh-Quarters,BOQ_16728,ARITHMETIC_FAILURE
TCIL-NVS-JNV-Azamgarh-Quarters,BOQ_16732,ARITHMETIC_FAILURE
TCIL-NVS-JNV-Azamgarh-Quarters,BOQ_16734,ARITHMETIC_FAILURE
TCIL-NVS-JNV-Azamgarh-Quarters,BOQ_16738,ARITHMETIC_FAILURE
TCIL-NVS-JNV-Azamgarh-Quarters,BOQ_16740,ARITHMETIC_FAILURE
TCIL-NVS-JNV-Azamgarh-Quarters,BOQ_16744,ARITHMETIC_FAILURE
TCIL-NVS-JNV-Azamgarh-Quarters,BOQ_16746,ARITHMETIC_FAILURE
TCIL-NVS-JNV-Azamgarh-Quarters,BOQ_16750,ARITHMETIC_FAILURE
TCIL-NVS-JNV-Azamgarh-Quarters,BOQ_16752,ARITHMETIC_FAILURE
TCIL-NVS-JNV-Azamgarh-Quarters,BOQ_16755,ARITHMETIC_FAILURE
TCIL-NVS-JNV-Azamgarh-Quarters,BOQ_16756,ARITHMETIC_FAILURE
TCIL-NVS-JNV-Azamgarh-Quarters,BOQ_16759,ARITHMETIC_FAILURE
TCIL-NVS-JNV-Azamgarh-Quarters,BOQ_16760,ARITHMETIC_FAILURE
TCIL-NVS-JNV-Azamgarh-Quarters,BOQ_16764,ARITHMETIC_FAILURE
TCIL-NVS-JNV-Azamgarh-Quarters,BOQ_16767,ARITHMETIC_FAILURE
TCIL-NVS-JNV-Azamgarh-Quarters,BOQ_16770,ARITHMETIC_FAILURE
TCIL-NVS-JNV-Azamgarh-Quarters,BOQ_16771,ARITHMETIC_FAILURE
TCIL-NVS-JNV-Azamgarh-Quarters,BOQ_16774,ARITHMETIC_FAILURE
TCIL-NVS-JNV-Azamgarh-Quarters,BOQ_16777,ARITHMETIC_FAILURE
TCIL-NVS-JNV-Azamgarh-Quarters,BOQ_16778,ARITHMETIC_FAILURE
TCIL-NVS-JNV-Azamgarh-Quarters,BOQ_16780,ARITHMETIC_FAILURE
TCIL-NVS-JNV-Azamgarh-Quarters,BOQ_16783,ARITHMETIC_FAILURE
TCIL-NVS-JNV-Azamgarh-Quarters,BOQ_16787,ARITHMETIC_FAILURE
TCIL-NVS-JNV-Azamgarh-Quarters,BOQ_16788,ARITHMETIC_FAILURE
TCIL-NVS-JNV-Azamgarh-Quarters,BOQ_16789,ARITHMETIC_FAILURE
TCIL-NVS-JNV-Azamgarh-Quarters,BOQ_16798,ARITHMETIC_FAILURE
TCIL-NVS-JNV-Azamgarh-Quarters,BOQ_16799,ARITHMETIC_FAILURE
TCIL-NVS-JNV-Azamgarh-Quarters,BOQ_16803,ARITHMETIC_FAILURE
TCIL-NVS-JNV-Azamgarh-Quarters,BOQ_16804,ARITHMETIC_FAILURE
TCIL-NVS-JNV-Azamgarh-Quarters,BOQ_16808,ARITHMETIC_FAILURE
TCIL-NVS-JNV-Azamgarh-Quarters,BOQ_16811,ARITHMETIC_FAILURE
TCIL-NVS-JNV-Azamgarh-Quarters,BOQ_16812,ARITHMETIC_FAILURE
TCIL-NVS-JNV-Azamgarh-Quarters,BOQ_16815,ARITHMETIC_FAILURE
TCIL-NVS-JNV-Azamgarh-Quarters,BOQ_16816,ARITHMETIC_FAILURE
TCIL-NVS-JNV-Azamgarh-Quarters,BOQ_16817,ARITHMETIC_FAILURE
TCIL-NVS-JNV-Azamgarh-Quarters,BOQ_16820,ARITHMETIC_FAILURE
TCIL-NVS-JNV-Azamgarh-Quarters,BOQ_16821,ARITHMETIC_FAILURE
TCIL-NVS-JNV-Azamgarh-Quarters,BOQ_16825,ARITHMETIC_FAILURE
TCIL-NVS-JNV-Azamgarh-Quarters,BOQ_16829,ARITHMETIC_FAILURE
TCIL-NVS-JNV-Azamgarh-Quarters,BOQ_16832,ARITHMETIC_FAILURE
TCIL-NVS-JNV-Azamgarh-Quarters,BOQ_16838,ARITHMETIC_FAILURE
TCIL-NVS-JNV-Azamgarh-Quarters,BOQ_16841,ARITHMETIC_FAILURE
TCIL-NVS-JNV-Azamgarh-Quarters,BOQ_16844,ARITHMETIC_FAILURE
TCIL-NVS-JNV-Azamgarh-Quarters,BOQ_16847,ARITHMETIC_FAILURE
TCIL-NVS-JNV-Azamgarh-Quarters,BOQ_16851,ARITHMETIC_FAILURE
TCIL-NVS-JNV-Azamgarh-Quarters,BOQ_16860,ARITHMETIC_FAILURE
TCIL-NVS-JNV-Azamgarh-Quarters,BOQ_16861,ARITHMETIC_FAILURE
TCIL-NVS-JNV-Azamgarh-Quarters,BOQ_16869,ARITHMETIC_FAILURE
TCIL-NVS-JNV-Azamgarh-Quarters,BOQ_16873,ARITHMETIC_FAILURE
TCIL-NVS-JNV-Azamgarh-Quarters,BOQ_16882,ARITHMETIC_FAILURE
TCIL-NVS-JNV-Azamgarh-Quarters,BOQ_16897,ARITHMETIC_FAILURE
TCIL-NVS-JNV-Azamgarh-Quarters,BOQ_16900,ARITHMETIC_FAILURE
TCIL-NVS-JNV-Azamgarh-Quarters,BOQ_16901,ARITHMETIC_FAILURE
TCIL-NVS-JNV-Azamgarh-Quarters,BOQ_16913,ARITHMETIC_FAILURE
TCIL-NVS-JNV-Azamgarh-Quarters,BOQ_16916,ARITHMETIC_FAILURE
TCIL-NVS-JNV-Azamgarh-Quarters,BOQ_16919,ARITHMETIC_FAILURE
TCIL-NVS-JNV-Azamgarh-Quarters,BOQ_16922,ARITHMETIC_FAILURE
TCIL-NVS-JNV-Azamgarh-Quarters,BOQ_16923,ARITHMETIC_FAILURE
TCIL-NVS-JNV-Azamgarh-Quarters,BOQ_16958,ARITHMETIC_FAILURE
TCIL-NVS-JNV-Azamgarh-Quarters,BOQ_16964,ARITHMETIC_FAILURE
TCIL-NVS-JNV-Azamgarh-Quarters,BOQ_16981,ARITHMETIC_FAILURE
TCIL-NVS-JNV-Azamgarh-Quarters,BOQ_16984,ARITHMETIC_FAILURE
TCIL-NVS-JNV-Azamgarh-Quarters,BOQ_16987,ARITHMETIC_FAILURE
TCIL-NVS-JNV-Azamgarh-Quarters,BOQ_16993,ARITHMETIC_FAILURE
TCIL-NVS-JNV-Azamgarh-Quarters,BOQ_17027,ARITHMETIC_FAILURE
TCIL-NVS-JNV-Azamgarh-Quarters,BOQ_17042,ARITHMETIC_FAILURE
TCIL-NVS-JNV-Azamgarh-Quarters,BOQ_17047,ARITHMETIC_FAILURE
TCIL-NVS-JNV-Azamgarh-Quarters,BOQ_17059,ARITHMETIC_FAILURE
TCIL-NVS-JNV-Azamgarh-Quarters,BOQ_17081,ARITHMETIC_FAILURE
TCIL-NVS-JNV-Azamgarh-Quarters,BOQ_17083,ARITHMETIC_FAILURE
TCIL-NVS-JNV-Azamgarh-Quarters,BOQ_17093,ARITHMETIC_FAILURE
TCIL-NVS-JNV-Azamgarh-Quarters,BOQ_17096,ARITHMETIC_FAILURE
TCIL-NVS-JNV-Azamgarh-Quarters,BOQ_17099,ARITHMETIC_FAILURE
TCIL-NVS-JNV-Azamgarh-Quarters,BOQ_17105,ARITHMETIC_FAILURE
TCIL-NVS-JNV-Azamgarh-Quarters,BOQ_17114,ARITHMETIC_FAILURE
TCIL-NVS-JNV-Azamgarh-Quarters,BOQ_17117,ARITHMETIC_FAILURE
TCIL-NVS-JNV-Azamgarh-Quarters,BOQ_17120,ARITHMETIC_FAILURE
TCIL-NVS-JNV-Azamgarh-Quarters,BOQ_17123,ARITHMETIC_FAILURE
TCIL-NVS-JNV-Azamgarh-Quarters,BOQ_17139,ARITHMETIC_FAILURE
TCIL-NVS-JNV-Azamgarh-Quarters,BOQ_17146,ARITHMETIC_FAILURE
TCIL-NVS-JNV-Azamgarh-Quarters,BOQ_17148,ARITHMETIC_FAILURE
TCIL-NVS-JNV-Azamgarh-Quarters,BOQ_17159,ARITHMETIC_FAILURE
TCIL-NVS-JNV-Azamgarh-Quarters,BOQ_17162,ARITHMETIC_FAILURE
TCIL-NVS-JNV-Azamgarh-Quarters,BOQ_17175,ARITHMETIC_FAILURE
TCIL-NVS-JNV-Azamgarh-Quarters,BOQ_17178,ARITHMETIC_FAILURE
TCIL-NVS-JNV-Azamgarh-Quarters,BOQ_17181,ARITHMETIC_FAILURE
TCIL-NVS-JNV-Azamgarh-Quarters,BOQ_17184,ARITHMETIC_FAILURE
TCIL-NVS-JNV-Azamgarh-Quarters,BOQ_17205,ARITHMETIC_FAILURE
TCIL-NVS-JNV-Azamgarh-Quarters,BOQ_17219,ARITHMETIC_FAILURE
TCIL-NVS-JNV-Azamgarh-Quarters,BOQ_17220,ARITHMETIC_FAILURE
TCIL-NVS-JNV-Azamgarh-Quarters,BOQ_17234,ARITHMETIC_FAILURE
TCIL-NVS-JNV-Azamgarh-Quarters,BOQ_17245,ARITHMETIC_FAILURE
TCIL-NVS-JNV-Azamgarh-Quarters,BOQ_17247,ARITHMETIC_FAILURE
TCIL-NVS-JNV-Azamgarh-Quarters,BOQ_17250,ARITHMETIC_FAILURE
TCIL-NVS-JNV-Azamgarh-Quarters,BOQ_17251,ARITHMETIC_FAILURE
TCIL-NVS-JNV-Azamgarh-Quarters,BOQ_17255,ARITHMETIC_FAILURE
TCIL-NVS-JNV-Azamgarh-Quarters,BOQ_17257,ARITHMETIC_FAILURE
TCIL-NVS-JNV-Azamgarh-Quarters,BOQ_17258,ARITHMETIC_FAILURE
TCIL-NVS-JNV-Azamgarh-Quarters,BOQ_17262,ARITHMETIC_FAILURE
TCIL-NVS-JNV-Azamgarh-Quarters,BOQ_17264,ARITHMETIC_FAILURE
TCIL-NVS-JNV-Azamgarh-Quarters,BOQ_17268,ARITHMETIC_FAILURE
TCIL-NVS-JNV-Azamgarh-Quarters,BOQ_17270,ARITHMETIC_FAILURE
TCIL-NVS-JNV-Azamgarh-Quarters,BOQ_17274,ARITHMETIC_FAILURE
TCIL-NVS-JNV-Azamgarh-Quarters,BOQ_17276,ARITHMETIC_FAILURE
TCIL-NVS-JNV-Azamgarh-Quarters,BOQ_17280,ARITHMETIC_FAILURE
TCIL-NVS-JNV-Azamgarh-Quarters,BOQ_17282,ARITHMETIC_FAILURE
TCIL-NVS-JNV-Azamgarh-Quarters,BOQ_17286,ARITHMETIC_FAILURE
TCIL-NVS-JNV-Azamgarh-Quarters,BOQ_17288,ARITHMETIC_FAILURE
TCIL-NVS-JNV-Azamgarh-Quarters,BOQ_17292,ARITHMETIC_FAILURE
TCIL-NVS-JNV-Azamgarh-Quarters,BOQ_17294,ARITHMETIC_FAILURE
TCIL-NVS-JNV-Azamgarh-Quarters,BOQ_17298,ARITHMETIC_FAILURE
TCIL-NVS-JNV-Azamgarh-Quarters,BOQ_17300,ARITHMETIC_FAILURE
TCIL-NVS-JNV-Azamgarh-Quarters,BOQ_17303,ARITHMETIC_FAILURE
TCIL-NVS-JNV-Azamgarh-Quarters,BOQ_17304,ARITHMETIC_FAILURE
TCIL-NVS-JNV-Azamgarh-Quarters,BOQ_17307,ARITHMETIC_FAILURE
TCIL-NVS-JNV-Azamgarh-Quarters,BOQ_17308,ARITHMETIC_FAILURE
TCIL-NVS-JNV-Azamgarh-Quarters,BOQ_17312,ARITHMETIC_FAILURE
TCIL-NVS-JNV-Azamgarh-Quarters,BOQ_17314,ARITHMETIC_FAILURE
TCIL-NVS-JNV-Azamgarh-Quarters,BOQ_17316,ARITHMETIC_FAILURE
TCIL-NVS-JNV-Azamgarh-Quarters,BOQ_17319,ARITHMETIC_FAILURE
TCIL-NVS-JNV-Azamgarh-Quarters,BOQ_17320,ARITHMETIC_FAILURE
TCIL-NVS-JNV-Azamgarh-Quarters,BOQ_17323,ARITHMETIC_FAILURE
TCIL-NVS-JNV-Azamgarh-Quarters,BOQ_17326,ARITHMETIC_FAILURE
TCIL-NVS-JNV-Azamgarh-Quarters,BOQ_17328,ARITHMETIC_FAILURE
TCIL-NVS-JNV-Azamgarh-Quarters,BOQ_17331,ARITHMETIC_FAILURE
TCIL-NVS-JNV-Azamgarh-Quarters,BOQ_17335,ARITHMETIC_FAILURE
TCIL-NVS-JNV-Azamgarh-Quarters,BOQ_17344,ARITHMETIC_FAILURE
TCIL-NVS-JNV-Azamgarh-Quarters,BOQ_17345,ARITHMETIC_FAILURE
TCIL-NVS-JNV-Azamgarh-Quarters,BOQ_17347,ARITHMETIC_FAILURE
TCIL-NVS-JNV-Azamgarh-Quarters,BOQ_17350,ARITHMETIC_FAILURE
TCIL-NVS-JNV-Azamgarh-Quarters,BOQ_17351,ARITHMETIC_FAILURE
TCIL-NVS-JNV-Azamgarh-Quarters,BOQ_17355,ARITHMETIC_FAILURE
TCIL-NVS-JNV-Azamgarh-Quarters,BOQ_17358,ARITHMETIC_FAILURE
TCIL-NVS-JNV-Azamgarh-Quarters,BOQ_17359,ARITHMETIC_FAILURE
TCIL-NVS-JNV-Azamgarh-Quarters,BOQ_17362,ARITHMETIC_FAILURE
TCIL-NVS-JNV-Azamgarh-Quarters,BOQ_17363,ARITHMETIC_FAILURE
TCIL-NVS-JNV-Azamgarh-Quarters,BOQ_17364,ARITHMETIC_FAILURE
TCIL-NVS-JNV-Azamgarh-Quarters,BOQ_17367,ARITHMETIC_FAILURE
TCIL-NVS-JNV-Azamgarh-Quarters,BOQ_17371,ARITHMETIC_FAILURE
TCIL-NVS-JNV-Azamgarh-Quarters,BOQ_17375,ARITHMETIC_FAILURE
TCIL-NVS-JNV-Azamgarh-Quarters,BOQ_17378,ARITHMETIC_FAILURE
TCIL-NVS-JNV-Azamgarh-Quarters,BOQ_17384,ARITHMETIC_FAILURE
TCIL-NVS-JNV-Azamgarh-Quarters,BOQ_17387,ARITHMETIC_FAILURE
TCIL-NVS-JNV-Azamgarh-Quarters,BOQ_17389,ARITHMETIC_FAILURE
TCIL-NVS-JNV-Azamgarh-Quarters,BOQ_17391,ARITHMETIC_FAILURE
TCIL-NVS-JNV-Azamgarh-Quarters,BOQ_17394,ARITHMETIC_FAILURE
TCIL-NVS-JNV-Azamgarh-Quarters,BOQ_17398,ARITHMETIC_FAILURE
TCIL-NVS-JNV-Azamgarh-Quarters,BOQ_17412,ARITHMETIC_FAILURE
TCIL-NVS-JNV-Azamgarh-Quarters,BOQ_17415,ARITHMETIC_FAILURE
TCIL-NVS-JNV-Azamgarh-Quarters,BOQ_17439,ARITHMETIC_FAILURE
TCIL-NVS-JNV-Azamgarh-Quarters,BOQ_17445,ARITHMETIC_FAILURE
TCIL-NVS-JNV-Azamgarh-Quarters,BOQ_17462,ARITHMETIC_FAILURE
TCIL-NVS-JNV-Azamgarh-Quarters,BOQ_17465,ARITHMETIC_FAILURE
TCIL-NVS-JNV-Azamgarh-Quarters,BOQ_17468,ARITHMETIC_FAILURE
TCIL-NVS-JNV-Azamgarh-Quarters,BOQ_17474,ARITHMETIC_FAILURE
TCIL-NVS-JNV-Azamgarh-Quarters,BOQ_17495,ARITHMETIC_FAILURE
TCIL-NVS-JNV-Azamgarh-Quarters,BOQ_17604,ARITHMETIC_FAILURE
TCIL-NVS-JNV-Azamgarh-Quarters,BOQ_17610,ARITHMETIC_FAILURE
TCIL-NVS-JNV-Azamgarh-Quarters,BOQ_17621,ARITHMETIC_FAILURE
TCIL-NVS-JNV-Azamgarh-Quarters,BOQ_17624,ARITHMETIC_FAILURE
TCIL-NVS-JNV-Azamgarh-Quarters,BOQ_17631,ARITHMETIC_FAILURE
TCIL-NVS-JNV-Azamgarh-Quarters,BOQ_17644,ARITHMETIC_FAILURE
TCIL-NVS-JNV-Azamgarh-Quarters,BOQ_17646,ARITHMETIC_FAILURE
TCIL-NVS-JNV-Azamgarh-Quarters,BOQ_17656,ARITHMETIC_FAILURE
TCIL-NVS-JNV-Azamgarh-Quarters,BOQ_17659,ARITHMETIC_FAILURE
TCIL-NVS-JNV-Azamgarh-Quarters,BOQ_17693,ARITHMETIC_FAILURE
TCIL-NVS-JNV-Azamgarh-Quarters,BOQ_17698,ARITHMETIC_FAILURE
TCIL-NVS-JNV-Azamgarh-Quarters,BOQ_17707,ARITHMETIC_FAILURE
TCIL-NVS-JNV-Azamgarh-Quarters,BOQ_17710,ARITHMETIC_FAILURE
TCIL-NVS-JNV-Azamgarh-Quarters,BOQ_17731,ARITHMETIC_FAILURE
TCIL-NVS-JNV-Azamgarh-Quarters,BOQ_17734,ARITHMETIC_FAILURE
TCIL-NVS-JNV-Azamgarh-Quarters,BOQ_17737,ARITHMETIC_FAILURE
TCIL-NVS-JNV-Azamgarh-Quarters,BOQ_17755,ARITHMETIC_FAILURE
TCIL-NVS-JNV-Azamgarh-Quarters,BOQ_17763,ARITHMETIC_FAILURE
TCIL-NVS-JNV-Azamgarh-Quarters,BOQ_17766,ARITHMETIC_FAILURE
TCIL-NVS-JNV-Azamgarh-Quarters,BOQ_17769,ARITHMETIC_FAILURE
TCIL-NVS-JNV-Azamgarh-Quarters,BOQ_17776,ARITHMETIC_FAILURE
TCIL-NVS-JNV-Azamgarh-Quarters,BOQ_17780,ARITHMETIC_FAILURE
TCIL-NVS-JNV-Azamgarh-Quarters,BOQ_17785,ARITHMETIC_FAILURE
TCIL-NVS-JNV-Azamgarh-Quarters,BOQ_17798,ARITHMETIC_FAILURE
TCIL-NVS-JNV-Azamgarh-Quarters,BOQ_17802,ARITHMETIC_FAILURE
TCIL-NVS-JNV-Azamgarh-Quarters,BOQ_17809,ARITHMETIC_FAILURE
TCIL-NVS-JNV-Azamgarh-Quarters,BOQ_17811,ARITHMETIC_FAILURE
TCIL-NVS-JNV-Azamgarh-Quarters,BOQ_17814,ARITHMETIC_FAILURE
TCIL-NVS-JNV-Azamgarh-Quarters,BOQ_17815,ARITHMETIC_FAILURE
TCIL-NVS-JNV-Azamgarh-Quarters,BOQ_17819,ARITHMETIC_FAILURE
TCIL-NVS-JNV-Azamgarh-Quarters,BOQ_17821,ARITHMETIC_FAILURE
TCIL-NVS-JNV-Azamgarh-Quarters,BOQ_17825,ARITHMETIC_FAILURE
TCIL-NVS-JNV-Azamgarh-Quarters,BOQ_17827,ARITHMETIC_FAILURE
TCIL-NVS-JNV-Azamgarh-Quarters,BOQ_17831,ARITHMETIC_FAILURE
TCIL-NVS-JNV-Azamgarh-Quarters,BOQ_17832,ARITHMETIC_FAILURE
TCIL-NVS-JNV-Azamgarh-Quarters,BOQ_17834,ARITHMETIC_FAILURE
TCIL-NVS-JNV-Azamgarh-Quarters,BOQ_17838,ARITHMETIC_FAILURE
TCIL-NVS-JNV-Azamgarh-Quarters,BOQ_17840,ARITHMETIC_FAILURE
TCIL-NVS-JNV-Azamgarh-Quarters,BOQ_17844,ARITHMETIC_FAILURE
TCIL-NVS-JNV-Azamgarh-Quarters,BOQ_17846,ARITHMETIC_FAILURE
TCIL-NVS-JNV-Azamgarh-Quarters,BOQ_17850,ARITHMETIC_FAILURE
TCIL-NVS-JNV-Azamgarh-Quarters,BOQ_17852,ARITHMETIC_FAILURE
TCIL-NVS-JNV-Azamgarh-Quarters,BOQ_17856,ARITHMETIC_FAILURE
TCIL-NVS-JNV-Azamgarh-Quarters,BOQ_17858,ARITHMETIC_FAILURE
TCIL-NVS-JNV-Azamgarh-Quarters,BOQ_17862,ARITHMETIC_FAILURE
TCIL-NVS-JNV-Azamgarh-Quarters,BOQ_17864,ARITHMETIC_FAILURE
TCIL-NVS-JNV-Azamgarh-Quarters,BOQ_17867,ARITHMETIC_FAILURE
TCIL-NVS-JNV-Azamgarh-Quarters,BOQ_17868,ARITHMETIC_FAILURE
TCIL-NVS-JNV-Azamgarh-Quarters,BOQ_17871,ARITHMETIC_FAILURE
TCIL-NVS-JNV-Azamgarh-Quarters,BOQ_17872,ARITHMETIC_FAILURE
TCIL-NVS-JNV-Azamgarh-Quarters,BOQ_17876,ARITHMETIC_FAILURE
TCIL-NVS-JNV-Azamgarh-Quarters,BOQ_17879,ARITHMETIC_FAILURE
TCIL-NVS-JNV-Azamgarh-Quarters,BOQ_17882,ARITHMETIC_FAILURE
TCIL-NVS-JNV-Azamgarh-Quarters,BOQ_17883,ARITHMETIC_FAILURE
TCIL-NVS-JNV-Azamgarh-Quarters,BOQ_17886,ARITHMETIC_FAILURE
TCIL-NVS-JNV-Azamgarh-Quarters,BOQ_17889,ARITHMETIC_FAILURE
TCIL-NVS-JNV-Azamgarh-Quarters,BOQ_17890,ARITHMETIC_FAILURE
TCIL-NVS-JNV-Azamgarh-Quarters,BOQ_17892,ARITHMETIC_FAILURE
TCIL-NVS-JNV-Azamgarh-Quarters,BOQ_17895,ARITHMETIC_FAILURE
TCIL-NVS-JNV-Azamgarh-Quarters,BOQ_17899,ARITHMETIC_FAILURE
TCIL-NVS-JNV-Azamgarh-Quarters,BOQ_17900,ARITHMETIC_FAILURE
TCIL-NVS-JNV-Azamgarh-Quarters,BOQ_17901,ARITHMETIC_FAILURE
TCIL-NVS-JNV-Azamgarh-Quarters,BOQ_17910,ARITHMETIC_FAILURE
TCIL-NVS-JNV-Azamgarh-Quarters,BOQ_17911,ARITHMETIC_FAILURE
TCIL-NVS-JNV-Azamgarh-Quarters,BOQ_17915,ARITHMETIC_FAILURE
TCIL-NVS-JNV-Azamgarh-Quarters,BOQ_17916,ARITHMETIC_FAILURE
TCIL-NVS-JNV-Azamgarh-Quarters,BOQ_17920,ARITHMETIC_FAILURE
TCIL-NVS-JNV-Azamgarh-Quarters,BOQ_17923,ARITHMETIC_FAILURE
TCIL-NVS-JNV-Azamgarh-Quarters,BOQ_17924,ARITHMETIC_FAILURE
TCIL-NVS-JNV-Azamgarh-Quarters,BOQ_17927,ARITHMETIC_FAILURE
TCIL-NVS-JNV-Azamgarh-Quarters,BOQ_17928,ARITHMETIC_FAILURE
TCIL-NVS-JNV-Azamgarh-Quarters,BOQ_17929,ARITHMETIC_FAILURE
TCIL-NVS-JNV-Azamgarh-Quarters,BOQ_17932,ARITHMETIC_FAILURE
TCIL-NVS-JNV-Azamgarh-Quarters,BOQ_17933,ARITHMETIC_FAILURE
TCIL-NVS-JNV-Azamgarh-Quarters,BOQ_17937,ARITHMETIC_FAILURE
TCIL-NVS-JNV-Azamgarh-Quarters,BOQ_17941,ARITHMETIC_FAILURE
TCIL-NVS-JNV-Azamgarh-Quarters,BOQ_17944,ARITHMETIC_FAILURE
TCIL-NVS-JNV-Azamgarh-Quarters,BOQ_17950,ARITHMETIC_FAILURE
TCIL-NVS-JNV-Azamgarh-Quarters,BOQ_17953,ARITHMETIC_FAILURE
TCIL-NVS-JNV-Azamgarh-Quarters,BOQ_17956,ARITHMETIC_FAILURE
TCIL-NVS-JNV-Azamgarh-Quarters,BOQ_17959,ARITHMETIC_FAILURE
TCIL-NVS-JNV-Azamgarh-Quarters,BOQ_17963,ARITHMETIC_FAILURE
TCIL-NVS-JNV-Azamgarh-Quarters,BOQ_17972,ARITHMETIC_FAILURE
TCIL-NVS-JNV-Azamgarh-Quarters,BOQ_17973,ARITHMETIC_FAILURE
TCIL-NVS-JNV-Azamgarh-Quarters,BOQ_17981,ARITHMETIC_FAILURE
TCIL-NVS-JNV-Azamgarh-Quarters,BOQ_17985,ARITHMETIC_FAILURE
TCIL-NVS-JNV-Azamgarh-Quarters,BOQ_17994,ARITHMETIC_FAILURE
TCIL-NVS-JNV-Azamgarh-Quarters,BOQ_18009,ARITHMETIC_FAILURE
TCIL-NVS-JNV-Azamgarh-Quarters,BOQ_18012,ARITHMETIC_FAILURE
TCIL-NVS-JNV-Azamgarh-Quarters,BOQ_18013,ARITHMETIC_FAILURE
TCIL-NVS-JNV-Azamgarh-Quarters,BOQ_18025,ARITHMETIC_FAILURE
TCIL-NVS-JNV-Azamgarh-Quarters,BOQ_18028,ARITHMETIC_FAILURE
TCIL-NVS-JNV-Azamgarh-Quarters,BOQ_18031,ARITHMETIC_FAILURE
TCIL-NVS-JNV-Azamgarh-Quarters,BOQ_18034,ARITHMETIC_FAILURE
TCIL-NVS-JNV-Azamgarh-Quarters,BOQ_18035,ARITHMETIC_FAILURE
TCIL-NVS-JNV-Azamgarh-Quarters,BOQ_18070,ARITHMETIC_FAILURE
TCIL-NVS-JNV-Azamgarh-Quarters,BOQ_18076,ARITHMETIC_FAILURE
TCIL-NVS-JNV-Azamgarh-Quarters,BOQ_18093,ARITHMETIC_FAILURE
TCIL-NVS-JNV-Azamgarh-Quarters,BOQ_18096,ARITHMETIC_FAILURE
TCIL-NVS-JNV-Azamgarh-Quarters,BOQ_18099,ARITHMETIC_FAILURE
TCIL-NVS-JNV-Azamgarh-Quarters,BOQ_18105,ARITHMETIC_FAILURE
TCIL-NVS-JNV-Azamgarh-Quarters,BOQ_18139,ARITHMETIC_FAILURE
TCIL-NVS-JNV-Azamgarh-Quarters,BOQ_18154,ARITHMETIC_FAILURE
TCIL-NVS-JNV-Azamgarh-Quarters,BOQ_18159,ARITHMETIC_FAILURE
TCIL-NVS-JNV-Azamgarh-Quarters,BOQ_18171,ARITHMETIC_FAILURE
TCIL-NVS-JNV-Azamgarh-Quarters,BOQ_18193,ARITHMETIC_FAILURE
TCIL-NVS-JNV-Azamgarh-Quarters,BOQ_18195,ARITHMETIC_FAILURE
TCIL-NVS-JNV-Azamgarh-Quarters,BOQ_18205,ARITHMETIC_FAILURE
TCIL-NVS-JNV-Azamgarh-Quarters,BOQ_18208,ARITHMETIC_FAILURE
TCIL-NVS-JNV-Azamgarh-Quarters,BOQ_18211,ARITHMETIC_FAILURE
TCIL-NVS-JNV-Azamgarh-Quarters,BOQ_18217,ARITHMETIC_FAILURE
TCIL-NVS-JNV-Azamgarh-Quarters,BOQ_18226,ARITHMETIC_FAILURE
TCIL-NVS-JNV-Azamgarh-Quarters,BOQ_18229,ARITHMETIC_FAILURE
TCIL-NVS-JNV-Azamgarh-Quarters,BOQ_18232,ARITHMETIC_FAILURE
TCIL-NVS-JNV-Azamgarh-Quarters,BOQ_18235,ARITHMETIC_FAILURE
TCIL-NVS-JNV-Azamgarh-Quarters,BOQ_18251,ARITHMETIC_FAILURE
TCIL-NVS-JNV-Azamgarh-Quarters,BOQ_18258,ARITHMETIC_FAILURE
TCIL-NVS-JNV-Azamgarh-Quarters,BOQ_18260,ARITHMETIC_FAILURE
TCIL-NVS-JNV-Azamgarh-Quarters,BOQ_18271,ARITHMETIC_FAILURE
TCIL-NVS-JNV-Azamgarh-Quarters,BOQ_18274,ARITHMETIC_FAILURE
TCIL-NVS-JNV-Azamgarh-Quarters,BOQ_18287,ARITHMETIC_FAILURE
TCIL-NVS-JNV-Azamgarh-Quarters,BOQ_18290,ARITHMETIC_FAILURE
TCIL-NVS-JNV-Azamgarh-Quarters,BOQ_18293,ARITHMETIC_FAILURE
TCIL-NVS-JNV-Azamgarh-Quarters,BOQ_18296,ARITHMETIC_FAILURE
TCIL-NVS-JNV-Azamgarh-Quarters,BOQ_18317,ARITHMETIC_FAILURE
TCIL-NVS-JNV-Azamgarh-Quarters,BOQ_18331,ARITHMETIC_FAILURE
TCIL-NVS-JNV-Azamgarh-Quarters,BOQ_18332,ARITHMETIC_FAILURE
TCIL-NVS-JNV-Azamgarh-Quarters,BOQ_18346,ARITHMETIC_FAILURE
TCIL-NVS-JNV-Azamgarh-Quarters,BOQ_18357,ARITHMETIC_FAILURE
TCIL-NVS-JNV-Azamgarh-Quarters,BOQ_18359,ARITHMETIC_FAILURE
TCIL-NVS-JNV-Azamgarh-Quarters,BOQ_18362,ARITHMETIC_FAILURE
TCIL-NVS-JNV-Azamgarh-Quarters,BOQ_18363,ARITHMETIC_FAILURE
TCIL-NVS-JNV-Azamgarh-Quarters,BOQ_18367,ARITHMETIC_FAILURE
TCIL-NVS-JNV-Azamgarh-Quarters,BOQ_18369,ARITHMETIC_FAILURE
TCIL-NVS-JNV-Azamgarh-Quarters,BOQ_18370,ARITHMETIC_FAILURE
TCIL-NVS-JNV-Azamgarh-Quarters,BOQ_18374,ARITHMETIC_FAILURE
TCIL-NVS-JNV-Azamgarh-Quarters,BOQ_18376,ARITHMETIC_FAILURE
TCIL-NVS-JNV-Azamgarh-Quarters,BOQ_18380,ARITHMETIC_FAILURE
TCIL-NVS-JNV-Azamgarh-Quarters,BOQ_18382,ARITHMETIC_FAILURE
TCIL-NVS-JNV-Azamgarh-Quarters,BOQ_18386,ARITHMETIC_FAILURE
TCIL-NVS-JNV-Azamgarh-Quarters,BOQ_18388,ARITHMETIC_FAILURE
TCIL-NVS-JNV-Azamgarh-Quarters,BOQ_18392,ARITHMETIC_FAILURE
TCIL-NVS-JNV-Azamgarh-Quarters,BOQ_18394,ARITHMETIC_FAILURE
TCIL-NVS-JNV-Azamgarh-Quarters,BOQ_18398,ARITHMETIC_FAILURE
TCIL-NVS-JNV-Azamgarh-Quarters,BOQ_18400,ARITHMETIC_FAILURE
TCIL-NVS-JNV-Azamgarh-Quarters,BOQ_18404,ARITHMETIC_FAILURE
TCIL-NVS-JNV-Azamgarh-Quarters,BOQ_18406,ARITHMETIC_FAILURE
TCIL-NVS-JNV-Azamgarh-Quarters,BOQ_18410,ARITHMETIC_FAILURE
TCIL-NVS-JNV-Azamgarh-Quarters,BOQ_18412,ARITHMETIC_FAILURE
TCIL-NVS-JNV-Azamgarh-Quarters,BOQ_18415,ARITHMETIC_FAILURE
TCIL-NVS-JNV-Azamgarh-Quarters,BOQ_18416,ARITHMETIC_FAILURE
TCIL-NVS-JNV-Azamgarh-Quarters,BOQ_18419,ARITHMETIC_FAILURE
TCIL-NVS-JNV-Azamgarh-Quarters,BOQ_18420,ARITHMETIC_FAILURE
TCIL-NVS-JNV-Azamgarh-Quarters,BOQ_18424,ARITHMETIC_FAILURE
TCIL-NVS-JNV-Azamgarh-Quarters,BOQ_18426,ARITHMETIC_FAILURE
TCIL-NVS-JNV-Azamgarh-Quarters,BOQ_18428,ARITHMETIC_FAILURE
TCIL-NVS-JNV-Azamgarh-Quarters,BOQ_18431,ARITHMETIC_FAILURE
TCIL-NVS-JNV-Azamgarh-Quarters,BOQ_18432,ARITHMETIC_FAILURE
TCIL-NVS-JNV-Azamgarh-Quarters,BOQ_18435,ARITHMETIC_FAILURE
TCIL-NVS-JNV-Azamgarh-Quarters,BOQ_18438,ARITHMETIC_FAILURE
TCIL-NVS-JNV-Azamgarh-Quarters,BOQ_18440,ARITHMETIC_FAILURE
TCIL-NVS-JNV-Azamgarh-Quarters,BOQ_18443,ARITHMETIC_FAILURE
TCIL-NVS-JNV-Azamgarh-Quarters,BOQ_18447,ARITHMETIC_FAILURE
TCIL-NVS-JNV-Azamgarh-Quarters,BOQ_18456,ARITHMETIC_FAILURE
TCIL-NVS-JNV-Azamgarh-Quarters,BOQ_18457,ARITHMETIC_FAILURE
TCIL-NVS-JNV-Azamgarh-Quarters,BOQ_18459,ARITHMETIC_FAILURE
TCIL-NVS-JNV-Azamgarh-Quarters,BOQ_18462,ARITHMETIC_FAILURE
TCIL-NVS-JNV-Azamgarh-Quarters,BOQ_18463,ARITHMETIC_FAILURE
TCIL-NVS-JNV-Azamgarh-Quarters,BOQ_18467,ARITHMETIC_FAILURE
TCIL-NVS-JNV-Azamgarh-Quarters,BOQ_18470,ARITHMETIC_FAILURE
TCIL-NVS-JNV-Azamgarh-Quarters,BOQ_18471,ARITHMETIC_FAILURE
TCIL-NVS-JNV-Azamgarh-Quarters,BOQ_18474,ARITHMETIC_FAILURE
TCIL-NVS-JNV-Azamgarh-Quarters,BOQ_18475,ARITHMETIC_FAILURE
TCIL-NVS-JNV-Azamgarh-Quarters,BOQ_18476,ARITHMETIC_FAILURE
TCIL-NVS-JNV-Azamgarh-Quarters,BOQ_18479,ARITHMETIC_FAILURE
TCIL-NVS-JNV-Azamgarh-Quarters,BOQ_18483,ARITHMETIC_FAILURE
TCIL-NVS-JNV-Azamgarh-Quarters,BOQ_18487,ARITHMETIC_FAILURE
TCIL-NVS-JNV-Azamgarh-Quarters,BOQ_18490,ARITHMETIC_FAILURE
TCIL-NVS-JNV-Azamgarh-Quarters,BOQ_18496,ARITHMETIC_FAILURE
TCIL-NVS-JNV-Azamgarh-Quarters,BOQ_18499,ARITHMETIC_FAILURE
TCIL-NVS-JNV-Azamgarh-Quarters,BOQ_18501,ARITHMETIC_FAILURE
TCIL-NVS-JNV-Azamgarh-Quarters,BOQ_18503,ARITHMETIC_FAILURE
TCIL-NVS-JNV-Azamgarh-Quarters,BOQ_18506,ARITHMETIC_FAILURE
TCIL-NVS-JNV-Azamgarh-Quarters,BOQ_18510,ARITHMETIC_FAILURE
TCIL-NVS-JNV-Azamgarh-Quarters,BOQ_18524,ARITHMETIC_FAILURE
TCIL-NVS-JNV-Azamgarh-Quarters,BOQ_18527,ARITHMETIC_FAILURE
TCIL-NVS-JNV-Azamgarh-Quarters,BOQ_18551,ARITHMETIC_FAILURE
TCIL-NVS-JNV-Azamgarh-Quarters,BOQ_18557,ARITHMETIC_FAILURE
TCIL-NVS-JNV-Azamgarh-Quarters,BOQ_18574,ARITHMETIC_FAILURE
TCIL-NVS-JNV-Azamgarh-Quarters,BOQ_18577,ARITHMETIC_FAILURE
TCIL-NVS-JNV-Azamgarh-Quarters,BOQ_18580,ARITHMETIC_FAILURE
TCIL-NVS-JNV-Azamgarh-Quarters,BOQ_18586,ARITHMETIC_FAILURE
TCIL-NVS-JNV-Azamgarh-Quarters,BOQ_18607,ARITHMETIC_FAILURE
TCIL-NVS-JNV-Azamgarh-Quarters,BOQ_18716,ARITHMETIC_FAILURE
TCIL-NVS-JNV-Azamgarh-Quarters,BOQ_18722,ARITHMETIC_FAILURE
TCIL-NVS-JNV-Azamgarh-Quarters,BOQ_18733,ARITHMETIC_FAILURE
TCIL-NVS-JNV-Azamgarh-Quarters,BOQ_18736,ARITHMETIC_FAILURE
TCIL-NVS-JNV-Azamgarh-Quarters,BOQ_18743,ARITHMETIC_FAILURE
TCIL-NVS-JNV-Azamgarh-Quarters,BOQ_18756,ARITHMETIC_FAILURE
TCIL-NVS-JNV-Azamgarh-Quarters,BOQ_18758,ARITHMETIC_FAILURE
TCIL-NVS-JNV-Azamgarh-Quarters,BOQ_18768,ARITHMETIC_FAILURE
TCIL-NVS-JNV-Azamgarh-Quarters,BOQ_18771,ARITHMETIC_FAILURE
TCIL-NVS-JNV-Azamgarh-Quarters,BOQ_18805,ARITHMETIC_FAILURE
TCIL-NVS-JNV-Azamgarh-Quarters,BOQ_18810,ARITHMETIC_FAILURE
TCIL-NVS-JNV-Azamgarh-Quarters,BOQ_18819,ARITHMETIC_FAILURE
TCIL-NVS-JNV-Azamgarh-Quarters,BOQ_18822,ARITHMETIC_FAILURE
TCIL-NVS-JNV-Azamgarh-Quarters,BOQ_18843,ARITHMETIC_FAILURE
TCIL-NVS-JNV-Azamgarh-Quarters,BOQ_18846,ARITHMETIC_FAILURE
TCIL-NVS-JNV-Azamgarh-Quarters,BOQ_18849,ARITHMETIC_FAILURE
TCIL-NVS-JNV-Azamgarh-Quarters,BOQ_18867,ARITHMETIC_FAILURE
TCIL-NVS-JNV-Azamgarh-Quarters,BOQ_18875,ARITHMETIC_FAILURE
TCIL-NVS-JNV-Azamgarh-Quarters,BOQ_18878,ARITHMETIC_FAILURE
TCIL-NVS-JNV-Azamgarh-Quarters,BOQ_18881,ARITHMETIC_FAILURE
TCIL-NVS-JNV-Azamgarh-Quarters,BOQ_18888,ARITHMETIC_FAILURE
TCIL-NVS-JNV-Azamgarh-Quarters,BOQ_18892,ARITHMETIC_FAILURE
TCIL-NVS-JNV-Azamgarh-Quarters,BOQ_18897,ARITHMETIC_FAILURE
TCIL-NVS-JNV-Azamgarh-Quarters,BOQ_18910,ARITHMETIC_FAILURE
TCIL-NVS-JNV-Azamgarh-Quarters,BOQ_18914,ARITHMETIC_FAILURE
TCIL-NVS-JNV-Azamgarh-Quarters,BOQ_18921,ARITHMETIC_FAILURE
TCIL-NVS-JNV-Azamgarh-Quarters,BOQ_18923,ARITHMETIC_FAILURE
TCIL-NVS-JNV-Azamgarh-Quarters,BOQ_18926,ARITHMETIC_FAILURE
TCIL-NVS-JNV-Azamgarh-Quarters,BOQ_18927,ARITHMETIC_FAILURE
TCIL-NVS-JNV-Azamgarh-Quarters,BOQ_18931,ARITHMETIC_FAILURE
TCIL-NVS-JNV-Azamgarh-Quarters,BOQ_18933,ARITHMETIC_FAILURE
TCIL-NVS-JNV-Azamgarh-Quarters,BOQ_18937,ARITHMETIC_FAILURE
TCIL-NVS-JNV-Azamgarh-Quarters,BOQ_18939,ARITHMETIC_FAILURE
TCIL-NVS-JNV-Azamgarh-Quarters,BOQ_18943,ARITHMETIC_FAILURE
TCIL-NVS-JNV-Azamgarh-Quarters,BOQ_18944,ARITHMETIC_FAILURE
TCIL-NVS-JNV-Azamgarh-Quarters,BOQ_18946,ARITHMETIC_FAILURE
TCIL-NVS-JNV-Azamgarh-Quarters,BOQ_18950,ARITHMETIC_FAILURE
TCIL-NVS-JNV-Azamgarh-Quarters,BOQ_18952,ARITHMETIC_FAILURE
TCIL-NVS-JNV-Azamgarh-Quarters,BOQ_18956,ARITHMETIC_FAILURE
TCIL-NVS-JNV-Azamgarh-Quarters,BOQ_18958,ARITHMETIC_FAILURE
TCIL-NVS-JNV-Azamgarh-Quarters,BOQ_18962,ARITHMETIC_FAILURE
TCIL-NVS-JNV-Azamgarh-Quarters,BOQ_18964,ARITHMETIC_FAILURE
TCIL-NVS-JNV-Azamgarh-Quarters,BOQ_18968,ARITHMETIC_FAILURE
TCIL-NVS-JNV-Azamgarh-Quarters,BOQ_18970,ARITHMETIC_FAILURE
TCIL-NVS-JNV-Azamgarh-Quarters,BOQ_18974,ARITHMETIC_FAILURE
TCIL-NVS-JNV-Azamgarh-Quarters,BOQ_18976,ARITHMETIC_FAILURE
TCIL-NVS-JNV-Azamgarh-Quarters,BOQ_18979,ARITHMETIC_FAILURE
TCIL-NVS-JNV-Azamgarh-Quarters,BOQ_18980,ARITHMETIC_FAILURE
TCIL-NVS-JNV-Azamgarh-Quarters,BOQ_18983,ARITHMETIC_FAILURE
TCIL-NVS-JNV-Azamgarh-Quarters,BOQ_18984,ARITHMETIC_FAILURE
TCIL-NVS-JNV-Azamgarh-Quarters,BOQ_18988,ARITHMETIC_FAILURE
TCIL-NVS-JNV-Azamgarh-Quarters,BOQ_18991,ARITHMETIC_FAILURE
TCIL-NVS-JNV-Azamgarh-Quarters,BOQ_18994,ARITHMETIC_FAILURE
TCIL-NVS-JNV-Azamgarh-Quarters,BOQ_18995,ARITHMETIC_FAILURE
TCIL-NVS-JNV-Azamgarh-Quarters,BOQ_18998,ARITHMETIC_FAILURE
TCIL-NVS-JNV-Azamgarh-Quarters,BOQ_19001,ARITHMETIC_FAILURE
TCIL-NVS-JNV-Azamgarh-Quarters,BOQ_19002,ARITHMETIC_FAILURE
TCIL-NVS-JNV-Azamgarh-Quarters,BOQ_19004,ARITHMETIC_FAILURE
TCIL-NVS-JNV-Azamgarh-Quarters,BOQ_19007,ARITHMETIC_FAILURE
TCIL-NVS-JNV-Azamgarh-Quarters,BOQ_19011,ARITHMETIC_FAILURE
TCIL-NVS-JNV-Azamgarh-Quarters,BOQ_19012,ARITHMETIC_FAILURE
TCIL-NVS-JNV-Azamgarh-Quarters,BOQ_19013,ARITHMETIC_FAILURE
TCIL-NVS-JNV-Azamgarh-Quarters,BOQ_19022,ARITHMETIC_FAILURE
TCIL-NVS-JNV-Azamgarh-Quarters,BOQ_19023,ARITHMETIC_FAILURE
TCIL-NVS-JNV-Azamgarh-Quarters,BOQ_19027,ARITHMETIC_FAILURE
TCIL-NVS-JNV-Azamgarh-Quarters,BOQ_19028,ARITHMETIC_FAILURE
TCIL-NVS-JNV-Azamgarh-Quarters,BOQ_19032,ARITHMETIC_FAILURE
TCIL-NVS-JNV-Azamgarh-Quarters,BOQ_19035,ARITHMETIC_FAILURE
TCIL-NVS-JNV-Azamgarh-Quarters,BOQ_19036,ARITHMETIC_FAILURE
TCIL-NVS-JNV-Azamgarh-Quarters,BOQ_19039,ARITHMETIC_FAILURE
TCIL-NVS-JNV-Azamgarh-Quarters,BOQ_19040,ARITHMETIC_FAILURE
TCIL-NVS-JNV-Azamgarh-Quarters,BOQ_19041,ARITHMETIC_FAILURE
TCIL-NVS-JNV-Azamgarh-Quarters,BOQ_19044,ARITHMETIC_FAILURE
TCIL-NVS-JNV-Azamgarh-Quarters,BOQ_19045,ARITHMETIC_FAILURE
TCIL-NVS-JNV-Azamgarh-Quarters,BOQ_19049,ARITHMETIC_FAILURE
TCIL-NVS-JNV-Azamgarh-Quarters,BOQ_19053,ARITHMETIC_FAILURE
TCIL-NVS-JNV-Azamgarh-Quarters,BOQ_19056,ARITHMETIC_FAILURE
TCIL-NVS-JNV-Azamgarh-Quarters,BOQ_19062,ARITHMETIC_FAILURE
TCIL-NVS-JNV-Azamgarh-Quarters,BOQ_19065,ARITHMETIC_FAILURE
TCIL-NVS-JNV-Azamgarh-Quarters,BOQ_19068,ARITHMETIC_FAILURE
TCIL-NVS-JNV-Azamgarh-Quarters,BOQ_19071,ARITHMETIC_FAILURE
TCIL-NVS-JNV-Azamgarh-Quarters,BOQ_19075,ARITHMETIC_FAILURE
TCIL-NVS-JNV-Azamgarh-Quarters,BOQ_19084,ARITHMETIC_FAILURE
TCIL-NVS-JNV-Azamgarh-Quarters,BOQ_19085,ARITHMETIC_FAILURE
TCIL-NVS-JNV-Azamgarh-Quarters,BOQ_19093,ARITHMETIC_FAILURE
TCIL-NVS-JNV-Azamgarh-Quarters,BOQ_19097,ARITHMETIC_FAILURE
TCIL-NVS-JNV-Azamgarh-Quarters,BOQ_19106,ARITHMETIC_FAILURE
TCIL-NVS-JNV-Azamgarh-Quarters,BOQ_19121,ARITHMETIC_FAILURE
TCIL-NVS-JNV-Azamgarh-Quarters,BOQ_19124,ARITHMETIC_FAILURE
TCIL-NVS-JNV-Azamgarh-Quarters,BOQ_19125,ARITHMETIC_FAILURE
TCIL-NVS-JNV-Azamgarh-Quarters,BOQ_19137,ARITHMETIC_FAILURE
TCIL-NVS-JNV-Azamgarh-Quarters,BOQ_19140,ARITHMETIC_FAILURE
TCIL-NVS-JNV-Azamgarh-Quarters,BOQ_19143,ARITHMETIC_FAILURE
TCIL-NVS-JNV-Azamgarh-Quarters,BOQ_19146,ARITHMETIC_FAILURE
TCIL-NVS-JNV-Azamgarh-Quarters,BOQ_19147,ARITHMETIC_FAILURE
TCIL-NVS-JNV-Azamgarh-Quarters,BOQ_19182,ARITHMETIC_FAILURE
TCIL-NVS-JNV-Azamgarh-Quarters,BOQ_19188,ARITHMETIC_FAILURE
TCIL-NVS-JNV-Azamgarh-Quarters,BOQ_19205,ARITHMETIC_FAILURE
TCIL-NVS-JNV-Azamgarh-Quarters,BOQ_19208,ARITHMETIC_FAILURE
TCIL-NVS-JNV-Azamgarh-Quarters,BOQ_19211,ARITHMETIC_FAILURE
TCIL-NVS-JNV-Azamgarh-Quarters,BOQ_19217,ARITHMETIC_FAILURE
TCIL-NVS-JNV-Azamgarh-Quarters,BOQ_19251,ARITHMETIC_FAILURE
TCIL-NVS-JNV-Azamgarh-Quarters,BOQ_19266,ARITHMETIC_FAILURE
TCIL-NVS-JNV-Azamgarh-Quarters,BOQ_19271,ARITHMETIC_FAILURE
TCIL-NVS-JNV-Azamgarh-Quarters,BOQ_19283,ARITHMETIC_FAILURE
TCIL-NVS-JNV-Azamgarh-Quarters,BOQ_19305,ARITHMETIC_FAILURE
TCIL-NVS-JNV-Azamgarh-Quarters,BOQ_19307,ARITHMETIC_FAILURE
TCIL-NVS-JNV-Azamgarh-Quarters,BOQ_19317,ARITHMETIC_FAILURE
TCIL-NVS-JNV-Azamgarh-Quarters,BOQ_19320,ARITHMETIC_FAILURE
TCIL-NVS-JNV-Azamgarh-Quarters,BOQ_19323,ARITHMETIC_FAILURE
TCIL-NVS-JNV-Azamgarh-Quarters,BOQ_19329,ARITHMETIC_FAILURE
TCIL-NVS-JNV-Azamgarh-Quarters,BOQ_19338,ARITHMETIC_FAILURE
TCIL-NVS-JNV-Azamgarh-Quarters,BOQ_19341,ARITHMETIC_FAILURE
TCIL-NVS-JNV-Azamgarh-Quarters,BOQ_19344,ARITHMETIC_FAILURE
TCIL-NVS-JNV-Azamgarh-Quarters,BOQ_19347,ARITHMETIC_FAILURE
TCIL-NVS-JNV-Azamgarh-Quarters,BOQ_19363,ARITHMETIC_FAILURE
TCIL-NVS-JNV-Azamgarh-Quarters,BOQ_19370,ARITHMETIC_FAILURE
TCIL-NVS-JNV-Azamgarh-Quarters,BOQ_19372,ARITHMETIC_FAILURE
TCIL-NVS-JNV-Azamgarh-Quarters,BOQ_19383,ARITHMETIC_FAILURE
TCIL-NVS-JNV-Azamgarh-Quarters,BOQ_19386,ARITHMETIC_FAILURE
TCIL-NVS-JNV-Azamgarh-Quarters,BOQ_19399,ARITHMETIC_FAILURE
TCIL-NVS-JNV-Azamgarh-Quarters,BOQ_19402,ARITHMETIC_FAILURE
TCIL-NVS-JNV-Azamgarh-Quarters,BOQ_19405,ARITHMETIC_FAILURE
TCIL-NVS-JNV-Azamgarh-Quarters,BOQ_19408,ARITHMETIC_FAILURE
TCIL-NVS-JNV-Azamgarh-Quarters,BOQ_19429,ARITHMETIC_FAILURE
TCIL-NVS-JNV-Azamgarh-Quarters,BOQ_19443,ARITHMETIC_FAILURE
TCIL-NVS-JNV-Azamgarh-Quarters,BOQ_19444,ARITHMETIC_FAILURE
TCIL-NVS-JNV-Azamgarh-Quarters,BOQ_19458,ARITHMETIC_FAILURE
TCIL-NVS-JNV-Azamgarh-Quarters,BOQ_19469,ARITHMETIC_FAILURE
TCIL-NVS-JNV-Azamgarh-Quarters,BOQ_19471,ARITHMETIC_FAILURE
TCIL-NVS-JNV-Azamgarh-Quarters,BOQ_19474,ARITHMETIC_FAILURE
TCIL-NVS-JNV-Azamgarh-Quarters,BOQ_19475,ARITHMETIC_FAILURE
TCIL-NVS-JNV-Azamgarh-Quarters,BOQ_19479,ARITHMETIC_FAILURE
TCIL-NVS-JNV-Azamgarh-Quarters,BOQ_19481,ARITHMETIC_FAILURE
TCIL-NVS-JNV-Azamgarh-Quarters,BOQ_19482,ARITHMETIC_FAILURE
TCIL-NVS-JNV-Azamgarh-Quarters,BOQ_19486,ARITHMETIC_FAILURE
TCIL-NVS-JNV-Azamgarh-Quarters,BOQ_19488,ARITHMETIC_FAILURE
TCIL-NVS-JNV-Azamgarh-Quarters,BOQ_19492,ARITHMETIC_FAILURE
TCIL-NVS-JNV-Azamgarh-Quarters,BOQ_19494,ARITHMETIC_FAILURE
TCIL-NVS-JNV-Azamgarh-Quarters,BOQ_19498,ARITHMETIC_FAILURE
TCIL-NVS-JNV-Azamgarh-Quarters,BOQ_19500,ARITHMETIC_FAILURE
TCIL-NVS-JNV-Azamgarh-Quarters,BOQ_19504,ARITHMETIC_FAILURE
TCIL-NVS-JNV-Azamgarh-Quarters,BOQ_19506,ARITHMETIC_FAILURE
TCIL-NVS-JNV-Azamgarh-Quarters,BOQ_19510,ARITHMETIC_FAILURE
TCIL-NVS-JNV-Azamgarh-Quarters,BOQ_19512,ARITHMETIC_FAILURE
TCIL-NVS-JNV-Azamgarh-Quarters,BOQ_19516,ARITHMETIC_FAILURE
TCIL-NVS-JNV-Azamgarh-Quarters,BOQ_19518,ARITHMETIC_FAILURE
TCIL-NVS-JNV-Azamgarh-Quarters,BOQ_19522,ARITHMETIC_FAILURE
TCIL-NVS-JNV-Azamgarh-Quarters,BOQ_19524,ARITHMETIC_FAILURE
TCIL-NVS-JNV-Azamgarh-Quarters,BOQ_19527,ARITHMETIC_FAILURE
TCIL-NVS-JNV-Azamgarh-Quarters,BOQ_19528,ARITHMETIC_FAILURE
TCIL-NVS-JNV-Azamgarh-Quarters,BOQ_19531,ARITHMETIC_FAILURE
TCIL-NVS-JNV-Azamgarh-Quarters,BOQ_19532,ARITHMETIC_FAILURE
TCIL-NVS-JNV-Azamgarh-Quarters,BOQ_19536,ARITHMETIC_FAILURE
TCIL-NVS-JNV-Azamgarh-Quarters,BOQ_19538,ARITHMETIC_FAILURE
TCIL-NVS-JNV-Azamgarh-Quarters,BOQ_19540,ARITHMETIC_FAILURE
TCIL-NVS-JNV-Azamgarh-Quarters,BOQ_19543,ARITHMETIC_FAILURE
TCIL-NVS-JNV-Azamgarh-Quarters,BOQ_19544,ARITHMETIC_FAILURE
TCIL-NVS-JNV-Azamgarh-Quarters,BOQ_19547,ARITHMETIC_FAILURE
TCIL-NVS-JNV-Azamgarh-Quarters,BOQ_19550,ARITHMETIC_FAILURE
TCIL-NVS-JNV-Azamgarh-Quarters,BOQ_19552,ARITHMETIC_FAILURE
TCIL-NVS-JNV-Azamgarh-Quarters,BOQ_19555,ARITHMETIC_FAILURE
TCIL-NVS-JNV-Azamgarh-Quarters,BOQ_19559,ARITHMETIC_FAILURE
TCIL-NVS-JNV-Azamgarh-Quarters,BOQ_19568,ARITHMETIC_FAILURE
TCIL-NVS-JNV-Azamgarh-Quarters,BOQ_19569,ARITHMETIC_FAILURE
TCIL-NVS-JNV-Azamgarh-Quarters,BOQ_19571,ARITHMETIC_FAILURE
TCIL-NVS-JNV-Azamgarh-Quarters,BOQ_19574,ARITHMETIC_FAILURE
TCIL-NVS-JNV-Azamgarh-Quarters,BOQ_19575,ARITHMETIC_FAILURE
TCIL-NVS-JNV-Azamgarh-Quarters,BOQ_19579,ARITHMETIC_FAILURE
TCIL-NVS-JNV-Azamgarh-Quarters,BOQ_19582,ARITHMETIC_FAILURE
TCIL-NVS-JNV-Azamgarh-Quarters,BOQ_19583,ARITHMETIC_FAILURE
TCIL-NVS-JNV-Azamgarh-Quarters,BOQ_19586,ARITHMETIC_FAILURE
TCIL-NVS-JNV-Azamgarh-Quarters,BOQ_19587,ARITHMETIC_FAILURE
TCIL-NVS-JNV-Azamgarh-Quarters,BOQ_19588,ARITHMETIC_FAILURE
TCIL-NVS-JNV-Azamgarh-Quarters,BOQ_19591,ARITHMETIC_FAILURE
TCIL-NVS-JNV-Azamgarh-Quarters,BOQ_19595,ARITHMETIC_FAILURE
TCIL-NVS-JNV-Azamgarh-Quarters,BOQ_19599,ARITHMETIC_FAILURE
TCIL-NVS-JNV-Azamgarh-Quarters,BOQ_19602,ARITHMETIC_FAILURE
TCIL-NVS-JNV-Azamgarh-Quarters,BOQ_19608,ARITHMETIC_FAILURE
TCIL-NVS-JNV-Azamgarh-Quarters,BOQ_19611,ARITHMETIC_FAILURE
TCIL-NVS-JNV-Azamgarh-Quarters,BOQ_19613,ARITHMETIC_FAILURE
TCIL-NVS-JNV-Azamgarh-Quarters,BOQ_19615,ARITHMETIC_FAILURE
TCIL-NVS-JNV-Azamgarh-Quarters,BOQ_19618,ARITHMETIC_FAILURE
TCIL-NVS-JNV-Azamgarh-Quarters,BOQ_19622,ARITHMETIC_FAILURE
TCIL-NVS-JNV-Azamgarh-Quarters,BOQ_19636,ARITHMETIC_FAILURE
TCIL-NVS-JNV-Azamgarh-Quarters,BOQ_19639,ARITHMETIC_FAILURE
TCIL-NVS-JNV-Azamgarh-Quarters,BOQ_19663,ARITHMETIC_FAILURE
TCIL-NVS-JNV-Azamgarh-Quarters,BOQ_19669,ARITHMETIC_FAILURE
TCIL-NVS-JNV-Azamgarh-Quarters,BOQ_19686,ARITHMETIC_FAILURE
TCIL-NVS-JNV-Azamgarh-Quarters,BOQ_19689,ARITHMETIC_FAILURE
TCIL-NVS-JNV-Azamgarh-Quarters,BOQ_19692,ARITHMETIC_FAILURE
TCIL-NVS-JNV-Azamgarh-Quarters,BOQ_19698,ARITHMETIC_FAILURE
TCIL-NVS-JNV-Azamgarh-Quarters,BOQ_19719,ARITHMETIC_FAILURE
TCIL-NVS-JNV-Azamgarh-Quarters,BOQ_19828,ARITHMETIC_FAILURE
TCIL-NVS-JNV-Azamgarh-Quarters,BOQ_19834,ARITHMETIC_FAILURE
TCIL-NVS-JNV-Azamgarh-Quarters,BOQ_19845,ARITHMETIC_FAILURE
TCIL-NVS-JNV-Azamgarh-Quarters,BOQ_19848,ARITHMETIC_FAILURE
TCIL-NVS-JNV-Azamgarh-Quarters,BOQ_19855,ARITHMETIC_FAILURE
TCIL-NVS-JNV-Azamgarh-Quarters,BOQ_19868,ARITHMETIC_FAILURE
TCIL-NVS-JNV-Azamgarh-Quarters,BOQ_19870,ARITHMETIC_FAILURE
TCIL-NVS-JNV-Azamgarh-Quarters,BOQ_19880,ARITHMETIC_FAILURE
TCIL-NVS-JNV-Azamgarh-Quarters,BOQ_19883,ARITHMETIC_FAILURE
TCIL-NVS-JNV-Azamgarh-Quarters,BOQ_19917,ARITHMETIC_FAILURE
TCIL-NVS-JNV-Azamgarh-Quarters,BOQ_19922,ARITHMETIC_FAILURE
TCIL-NVS-JNV-Azamgarh-Quarters,BOQ_19931,ARITHMETIC_FAILURE
TCIL-NVS-JNV-Azamgarh-Quarters,BOQ_19934,ARITHMETIC_FAILURE
TCIL-NVS-JNV-Azamgarh-Quarters,BOQ_19955,ARITHMETIC_FAILURE
TCIL-NVS-JNV-Azamgarh-Quarters,BOQ_19958,ARITHMETIC_FAILURE
TCIL-NVS-JNV-Azamgarh-Quarters,BOQ_19961,ARITHMETIC_FAILURE
TCIL-NVS-JNV-Azamgarh-Quarters,BOQ_19979,ARITHMETIC_FAILURE
TCIL-NVS-JNV-Azamgarh-Quarters,BOQ_19987,ARITHMETIC_FAILURE
TCIL-NVS-JNV-Azamgarh-Quarters,BOQ_19990,ARITHMETIC_FAILURE
TCIL-NVS-JNV-Azamgarh-Quarters,BOQ_19993,ARITHMETIC_FAILURE
TCIL-NVS-JNV-Azamgarh-Quarters,BOQ_20000,ARITHMETIC_FAILURE
TCIL-NVS-JNV-Azamgarh-Quarters,BOQ_20004,ARITHMETIC_FAILURE
TCIL-NVS-JNV-Azamgarh-Quarters,BOQ_20009,ARITHMETIC_FAILURE
TCIL-NVS-JNV-Azamgarh-Quarters,BOQ_20022,ARITHMETIC_FAILURE
TCIL-NVS-JNV-Azamgarh-Quarters,BOQ_20026,ARITHMETIC_FAILURE
TCIL-NVS-JNV-Azamgarh-Quarters,BOQ_20033,ARITHMETIC_FAILURE
TCIL-NVS-JNV-Azamgarh-Quarters,BOQ_20035,ARITHMETIC_FAILURE
TCIL-NVS-JNV-Azamgarh-Quarters,BOQ_20038,ARITHMETIC_FAILURE
TCIL-NVS-JNV-Azamgarh-Quarters,BOQ_20039,ARITHMETIC_FAILURE
TCIL-NVS-JNV-Azamgarh-Quarters,BOQ_20043,ARITHMETIC_FAILURE
TCIL-NVS-JNV-Azamgarh-Quarters,BOQ_20045,ARITHMETIC_FAILURE
TCIL-NVS-JNV-Azamgarh-Quarters,BOQ_20049,ARITHMETIC_FAILURE
TCIL-NVS-JNV-Azamgarh-Quarters,BOQ_20051,ARITHMETIC_FAILURE
TCIL-NVS-JNV-Azamgarh-Quarters,BOQ_20055,ARITHMETIC_FAILURE
TCIL-NVS-JNV-Azamgarh-Quarters,BOQ_20056,ARITHMETIC_FAILURE
TCIL-NVS-JNV-Azamgarh-Quarters,BOQ_20058,ARITHMETIC_FAILURE
TCIL-NVS-JNV-Azamgarh-Quarters,BOQ_20062,ARITHMETIC_FAILURE
TCIL-NVS-JNV-Azamgarh-Quarters,BOQ_20064,ARITHMETIC_FAILURE
TCIL-NVS-JNV-Azamgarh-Quarters,BOQ_20068,ARITHMETIC_FAILURE
TCIL-NVS-JNV-Azamgarh-Quarters,BOQ_20070,ARITHMETIC_FAILURE
TCIL-NVS-JNV-Azamgarh-Quarters,BOQ_20074,ARITHMETIC_FAILURE
TCIL-NVS-JNV-Azamgarh-Quarters,BOQ_20076,ARITHMETIC_FAILURE
TCIL-NVS-JNV-Azamgarh-Quarters,BOQ_20080,ARITHMETIC_FAILURE
TCIL-NVS-JNV-Azamgarh-Quarters,BOQ_20082,ARITHMETIC_FAILURE
TCIL-NVS-JNV-Azamgarh-Quarters,BOQ_20086,ARITHMETIC_FAILURE
TCIL-NVS-JNV-Azamgarh-Quarters,BOQ_20088,ARITHMETIC_FAILURE
TCIL-NVS-JNV-Azamgarh-Quarters,BOQ_20091,ARITHMETIC_FAILURE
TCIL-NVS-JNV-Azamgarh-Quarters,BOQ_20092,ARITHMETIC_FAILURE
TCIL-NVS-JNV-Azamgarh-Quarters,BOQ_20095,ARITHMETIC_FAILURE
TCIL-NVS-JNV-Azamgarh-Quarters,BOQ_20096,ARITHMETIC_FAILURE
TCIL-NVS-JNV-Azamgarh-Quarters,BOQ_20100,ARITHMETIC_FAILURE
TCIL-NVS-JNV-Azamgarh-Quarters,BOQ_20103,ARITHMETIC_FAILURE
TCIL-NVS-JNV-Azamgarh-Quarters,BOQ_20106,ARITHMETIC_FAILURE
TCIL-NVS-JNV-Azamgarh-Quarters,BOQ_20107,ARITHMETIC_FAILURE
TCIL-NVS-JNV-Azamgarh-Quarters,BOQ_20110,ARITHMETIC_FAILURE
TCIL-NVS-JNV-Azamgarh-Quarters,BOQ_20113,ARITHMETIC_FAILURE
TCIL-NVS-JNV-Azamgarh-Quarters,BOQ_20114,ARITHMETIC_FAILURE
TCIL-NVS-JNV-Azamgarh-Quarters,BOQ_20116,ARITHMETIC_FAILURE
TCIL-NVS-JNV-Azamgarh-Quarters,BOQ_20119,ARITHMETIC_FAILURE
TCIL-NVS-JNV-Azamgarh-Quarters,BOQ_20123,ARITHMETIC_FAILURE
TCIL-NVS-JNV-Azamgarh-Quarters,BOQ_20124,ARITHMETIC_FAILURE
TCIL-NVS-JNV-Azamgarh-Quarters,BOQ_20125,ARITHMETIC_FAILURE
TCIL-NVS-JNV-Azamgarh-Quarters,BOQ_20134,ARITHMETIC_FAILURE
TCIL-NVS-JNV-Azamgarh-Quarters,BOQ_20135,ARITHMETIC_FAILURE
TCIL-NVS-JNV-Azamgarh-Quarters,BOQ_20139,ARITHMETIC_FAILURE
TCIL-NVS-JNV-Azamgarh-Quarters,BOQ_20140,ARITHMETIC_FAILURE
TCIL-NVS-JNV-Azamgarh-Quarters,BOQ_20144,ARITHMETIC_FAILURE
TCIL-NVS-JNV-Azamgarh-Quarters,BOQ_20147,ARITHMETIC_FAILURE
TCIL-NVS-JNV-Azamgarh-Quarters,BOQ_20148,ARITHMETIC_FAILURE
TCIL-NVS-JNV-Azamgarh-Quarters,BOQ_20151,ARITHMETIC_FAILURE
TCIL-NVS-JNV-Azamgarh-Quarters,BOQ_20152,ARITHMETIC_FAILURE
TCIL-NVS-JNV-Azamgarh-Quarters,BOQ_20153,ARITHMETIC_FAILURE
TCIL-NVS-JNV-Azamgarh-Quarters,BOQ_20156,ARITHMETIC_FAILURE
TCIL-NVS-JNV-Azamgarh-Quarters,BOQ_20157,ARITHMETIC_FAILURE
TCIL-NVS-JNV-Azamgarh-Quarters,BOQ_20161,ARITHMETIC_FAILURE
TCIL-NVS-JNV-Azamgarh-Quarters,BOQ_20165,ARITHMETIC_FAILURE
TCIL-NVS-JNV-Azamgarh-Quarters,BOQ_20168,ARITHMETIC_FAILURE
TCIL-NVS-JNV-Azamgarh-Quarters,BOQ_20174,ARITHMETIC_FAILURE
TCIL-NVS-JNV-Azamgarh-Quarters,BOQ_20177,ARITHMETIC_FAILURE
TCIL-NVS-JNV-Azamgarh-Quarters,BOQ_20180,ARITHMETIC_FAILURE
TCIL-NVS-JNV-Azamgarh-Quarters,BOQ_20183,ARITHMETIC_FAILURE
TCIL-NVS-JNV-Azamgarh-Quarters,BOQ_20187,ARITHMETIC_FAILURE
TCIL-NVS-JNV-Azamgarh-Quarters,BOQ_20196,ARITHMETIC_FAILURE
TCIL-NVS-JNV-Azamgarh-Quarters,BOQ_20197,ARITHMETIC_FAILURE
TCIL-NVS-JNV-Azamgarh-Quarters,BOQ_20205,ARITHMETIC_FAILURE
TCIL-NVS-JNV-Azamgarh-Quarters,BOQ_20209,ARITHMETIC_FAILURE
TCIL-NVS-JNV-Azamgarh-Quarters,BOQ_20218,ARITHMETIC_FAILURE
TCIL-NVS-JNV-Azamgarh-Quarters,BOQ_20233,ARITHMETIC_FAILURE
TCIL-NVS-JNV-Azamgarh-Quarters,BOQ_20236,ARITHMETIC_FAILURE
TCIL-NVS-JNV-Azamgarh-Quarters,BOQ_20237,ARITHMETIC_FAILURE
TCIL-NVS-JNV-Azamgarh-Quarters,BOQ_20249,ARITHMETIC_FAILURE
TCIL-NVS-JNV-Azamgarh-Quarters,BOQ_20252,ARITHMETIC_FAILURE
TCIL-NVS-JNV-Azamgarh-Quarters,BOQ_20255,ARITHMETIC_FAILURE
TCIL-NVS-JNV-Azamgarh-Quarters,BOQ_20258,ARITHMETIC_FAILURE
TCIL-NVS-JNV-Azamgarh-Quarters,BOQ_20259,ARITHMETIC_FAILURE
TCIL-NVS-JNV-Azamgarh-Quarters,BOQ_20294,ARITHMETIC_FAILURE
TCIL-NVS-JNV-Azamgarh-Quarters,BOQ_20300,ARITHMETIC_FAILURE
TCIL-NVS-JNV-Azamgarh-Quarters,BOQ_20317,ARITHMETIC_FAILURE
TCIL-NVS-JNV-Azamgarh-Quarters,BOQ_20320,ARITHMETIC_FAILURE
TCIL-NVS-JNV-Azamgarh-Quarters,BOQ_20323,ARITHMETIC_FAILURE
TCIL-NVS-JNV-Azamgarh-Quarters,BOQ_20329,ARITHMETIC_FAILURE
TCIL-NVS-JNV-Azamgarh-Quarters,BOQ_20363,ARITHMETIC_FAILURE
TCIL-NVS-JNV-Azamgarh-Quarters,BOQ_20378,ARITHMETIC_FAILURE
TCIL-NVS-JNV-Azamgarh-Quarters,BOQ_20383,ARITHMETIC_FAILURE
TCIL-NVS-JNV-Azamgarh-Quarters,BOQ_20395,ARITHMETIC_FAILURE
TCIL-NVS-JNV-Azamgarh-Quarters,BOQ_20417,ARITHMETIC_FAILURE
TCIL-NVS-JNV-Azamgarh-Quarters,BOQ_20419,ARITHMETIC_FAILURE
TCIL-NVS-JNV-Azamgarh-Quarters,BOQ_20429,ARITHMETIC_FAILURE
TCIL-NVS-JNV-Azamgarh-Quarters,BOQ_20432,ARITHMETIC_FAILURE
TCIL-NVS-JNV-Azamgarh-Quarters,BOQ_20435,ARITHMETIC_FAILURE
TCIL-NVS-JNV-Azamgarh-Quarters,BOQ_20441,ARITHMETIC_FAILURE
TCIL-NVS-JNV-Azamgarh-Quarters,BOQ_20450,ARITHMETIC_FAILURE
TCIL-NVS-JNV-Azamgarh-Quarters,BOQ_20453,ARITHMETIC_FAILURE
TCIL-NVS-JNV-Azamgarh-Quarters,BOQ_20456,ARITHMETIC_FAILURE
TCIL-NVS-JNV-Azamgarh-Quarters,BOQ_20459,ARITHMETIC_FAILURE
TCIL-NVS-JNV-Azamgarh-Quarters,BOQ_20475,ARITHMETIC_FAILURE
TCIL-NVS-JNV-Azamgarh-Quarters,BOQ_20482,ARITHMETIC_FAILURE
TCIL-NVS-JNV-Azamgarh-Quarters,BOQ_20484,ARITHMETIC_FAILURE
TCIL-NVS-JNV-Azamgarh-Quarters,BOQ_20495,ARITHMETIC_FAILURE
TCIL-NVS-JNV-Azamgarh-Quarters,BOQ_20498,ARITHMETIC_FAILURE
TCIL-NVS-JNV-Azamgarh-Quarters,BOQ_20511,ARITHMETIC_FAILURE
TCIL-NVS-JNV-Azamgarh-Quarters,BOQ_20514,ARITHMETIC_FAILURE
TCIL-NVS-JNV-Azamgarh-Quarters,BOQ_20517,ARITHMETIC_FAILURE
TCIL-NVS-JNV-Azamgarh-Quarters,BOQ_20520,ARITHMETIC_FAILURE
TCIL-NVS-JNV-Azamgarh-Quarters,BOQ_20541,ARITHMETIC_FAILURE
TCIL-NVS-JNV-Azamgarh-Quarters,BOQ_20555,ARITHMETIC_FAILURE
TCIL-NVS-JNV-Azamgarh-Quarters,BOQ_20556,ARITHMETIC_FAILURE
TCIL-NVS-JNV-Azamgarh-Quarters,BOQ_20570,ARITHMETIC_FAILURE
TCIL-NVS-JNV-Azamgarh-Quarters,BOQ_20581,ARITHMETIC_FAILURE
TCIL-NVS-JNV-Azamgarh-Quarters,BOQ_20583,ARITHMETIC_FAILURE
TCIL-NVS-JNV-Azamgarh-Quarters,BOQ_20586,ARITHMETIC_FAILURE
TCIL-NVS-JNV-Azamgarh-Quarters,BOQ_20587,ARITHMETIC_FAILURE
TCIL-NVS-JNV-Azamgarh-Quarters,BOQ_20591,ARITHMETIC_FAILURE
TCIL-NVS-JNV-Azamgarh-Quarters,BOQ_20593,ARITHMETIC_FAILURE
TCIL-NVS-JNV-Azamgarh-Quarters,BOQ_20594,ARITHMETIC_FAILURE
TCIL-NVS-JNV-Azamgarh-Quarters,BOQ_20598,ARITHMETIC_FAILURE
TCIL-NVS-JNV-Azamgarh-Quarters,BOQ_20600,ARITHMETIC_FAILURE
TCIL-NVS-JNV-Azamgarh-Quarters,BOQ_20604,ARITHMETIC_FAILURE
TCIL-NVS-JNV-Azamgarh-Quarters,BOQ_20606,ARITHMETIC_FAILURE
TCIL-NVS-JNV-Azamgarh-Quarters,BOQ_20610,ARITHMETIC_FAILURE
TCIL-NVS-JNV-Azamgarh-Quarters,BOQ_20612,ARITHMETIC_FAILURE
TCIL-NVS-JNV-Azamgarh-Quarters,BOQ_20616,ARITHMETIC_FAILURE
TCIL-NVS-JNV-Azamgarh-Quarters,BOQ_20618,ARITHMETIC_FAILURE
TCIL-NVS-JNV-Azamgarh-Quarters,BOQ_20622,ARITHMETIC_FAILURE
TCIL-NVS-JNV-Azamgarh-Quarters,BOQ_20624,ARITHMETIC_FAILURE
TCIL-NVS-JNV-Azamgarh-Quarters,BOQ_20628,ARITHMETIC_FAILURE
TCIL-NVS-JNV-Azamgarh-Quarters,BOQ_20630,ARITHMETIC_FAILURE
TCIL-NVS-JNV-Azamgarh-Quarters,BOQ_20634,ARITHMETIC_FAILURE
TCIL-NVS-JNV-Azamgarh-Quarters,BOQ_20636,ARITHMETIC_FAILURE
TCIL-NVS-JNV-Azamgarh-Quarters,BOQ_20639,ARITHMETIC_FAILURE
TCIL-NVS-JNV-Azamgarh-Quarters,BOQ_20640,ARITHMETIC_FAILURE
TCIL-NVS-JNV-Azamgarh-Quarters,BOQ_20643,ARITHMETIC_FAILURE
TCIL-NVS-JNV-Azamgarh-Quarters,BOQ_20644,ARITHMETIC_FAILURE
TCIL-NVS-JNV-Azamgarh-Quarters,BOQ_20648,ARITHMETIC_FAILURE
TCIL-NVS-JNV-Azamgarh-Quarters,BOQ_20650,ARITHMETIC_FAILURE
TCIL-NVS-JNV-Azamgarh-Quarters,BOQ_20652,ARITHMETIC_FAILURE
TCIL-NVS-JNV-Azamgarh-Quarters,BOQ_20655,ARITHMETIC_FAILURE
TCIL-NVS-JNV-Azamgarh-Quarters,BOQ_20656,ARITHMETIC_FAILURE
TCIL-NVS-JNV-Azamgarh-Quarters,BOQ_20659,ARITHMETIC_FAILURE
TCIL-NVS-JNV-Azamgarh-Quarters,BOQ_20662,ARITHMETIC_FAILURE
TCIL-NVS-JNV-Azamgarh-Quarters,BOQ_20664,ARITHMETIC_FAILURE
TCIL-NVS-JNV-Azamgarh-Quarters,BOQ_20667,ARITHMETIC_FAILURE
TCIL-NVS-JNV-Azamgarh-Quarters,BOQ_20671,ARITHMETIC_FAILURE
TCIL-NVS-JNV-Azamgarh-Quarters,BOQ_20680,ARITHMETIC_FAILURE
TCIL-NVS-JNV-Azamgarh-Quarters,BOQ_20681,ARITHMETIC_FAILURE
TCIL-NVS-JNV-Azamgarh-Quarters,BOQ_20683,ARITHMETIC_FAILURE
TCIL-NVS-JNV-Azamgarh-Quarters,BOQ_20686,ARITHMETIC_FAILURE
TCIL-NVS-JNV-Azamgarh-Quarters,BOQ_20687,ARITHMETIC_FAILURE
TCIL-NVS-JNV-Azamgarh-Quarters,BOQ_20691,ARITHMETIC_FAILURE
TCIL-NVS-JNV-Azamgarh-Quarters,BOQ_20694,ARITHMETIC_FAILURE
TCIL-NVS-JNV-Azamgarh-Quarters,BOQ_20695,ARITHMETIC_FAILURE
TCIL-NVS-JNV-Azamgarh-Quarters,BOQ_20698,ARITHMETIC_FAILURE
TCIL-NVS-JNV-Azamgarh-Quarters,BOQ_20699,ARITHMETIC_FAILURE
TCIL-NVS-JNV-Azamgarh-Quarters,BOQ_20700,ARITHMETIC_FAILURE
TCIL-NVS-JNV-Azamgarh-Quarters,BOQ_20703,ARITHMETIC_FAILURE
TCIL-NVS-JNV-Azamgarh-Quarters,BOQ_20707,ARITHMETIC_FAILURE
TCIL-NVS-JNV-Azamgarh-Quarters,BOQ_20711,ARITHMETIC_FAILURE
TCIL-NVS-JNV-Azamgarh-Quarters,BOQ_20714,ARITHMETIC_FAILURE
TCIL-NVS-JNV-Azamgarh-Quarters,BOQ_20720,ARITHMETIC_FAILURE
TCIL-NVS-JNV-Azamgarh-Quarters,BOQ_20723,ARITHMETIC_FAILURE
TCIL-NVS-JNV-Azamgarh-Quarters,BOQ_20725,ARITHMETIC_FAILURE
TCIL-NVS-JNV-Azamgarh-Quarters,BOQ_20727,ARITHMETIC_FAILURE
TCIL-NVS-JNV-Azamgarh-Quarters,BOQ_20730,ARITHMETIC_FAILURE
TCIL-NVS-JNV-Azamgarh-Quarters,BOQ_20734,ARITHMETIC_FAILURE
TCIL-NVS-JNV-Azamgarh-Quarters,BOQ_20748,ARITHMETIC_FAILURE
TCIL-NVS-JNV-Azamgarh-Quarters,BOQ_20751,ARITHMETIC_FAILURE
TCIL-NVS-JNV-Azamgarh-Quarters,BOQ_20775,ARITHMETIC_FAILURE
TCIL-NVS-JNV-Azamgarh-Quarters,BOQ_20781,ARITHMETIC_FAILURE
TCIL-NVS-JNV-Azamgarh-Quarters,BOQ_20798,ARITHMETIC_FAILURE
TCIL-NVS-JNV-Azamgarh-Quarters,BOQ_20801,ARITHMETIC_FAILURE
TCIL-NVS-JNV-Azamgarh-Quarters,BOQ_20804,ARITHMETIC_FAILURE
TCIL-NVS-JNV-Azamgarh-Quarters,BOQ_20810,ARITHMETIC_FAILURE
TCIL-NVS-JNV-Azamgarh-Quarters,BOQ_20831,ARITHMETIC_FAILURE
TCIL-NVS-JNV-Azamgarh-Quarters,BOQ_20940,ARITHMETIC_FAILURE
TCIL-NVS-JNV-Azamgarh-Quarters,BOQ_20946,ARITHMETIC_FAILURE
TCIL-NVS-JNV-Azamgarh-Quarters,BOQ_20957,ARITHMETIC_FAILURE
TCIL-NVS-JNV-Azamgarh-Quarters,BOQ_20960,ARITHMETIC_FAILURE
TCIL-NVS-JNV-Azamgarh-Quarters,BOQ_20967,ARITHMETIC_FAILURE
TCIL-NVS-JNV-Azamgarh-Quarters,BOQ_20980,ARITHMETIC_FAILURE
TCIL-NVS-JNV-Azamgarh-Quarters,BOQ_20982,ARITHMETIC_FAILURE
TCIL-NVS-JNV-Azamgarh-Quarters,BOQ_20992,ARITHMETIC_FAILURE
TCIL-NVS-JNV-Azamgarh-Quarters,BOQ_20995,ARITHMETIC_FAILURE
TCIL-NVS-JNV-Azamgarh-Quarters,BOQ_21029,ARITHMETIC_FAILURE
TCIL-NVS-JNV-Azamgarh-Quarters,BOQ_21034,ARITHMETIC_FAILURE
TCIL-NVS-JNV-Azamgarh-Quarters,BOQ_21043,ARITHMETIC_FAILURE
TCIL-NVS-JNV-Azamgarh-Quarters,BOQ_21046,ARITHMETIC_FAILURE
TCIL-NVS-JNV-Azamgarh-Quarters,BOQ_21067,ARITHMETIC_FAILURE
TCIL-NVS-JNV-Azamgarh-Quarters,BOQ_21070,ARITHMETIC_FAILURE
TCIL-NVS-JNV-Azamgarh-Quarters,BOQ_21073,ARITHMETIC_FAILURE
TCIL-NVS-JNV-Azamgarh-Quarters,BOQ_21091,ARITHMETIC_FAILURE
TCIL-NVS-JNV-Azamgarh-Quarters,BOQ_21099,ARITHMETIC_FAILURE
TCIL-NVS-JNV-Azamgarh-Quarters,BOQ_21102,ARITHMETIC_FAILURE
TCIL-NVS-JNV-Azamgarh-Quarters,BOQ_21105,ARITHMETIC_FAILURE
TCIL-NVS-JNV-Azamgarh-Quarters,BOQ_21112,ARITHMETIC_FAILURE
TCIL-NVS-JNV-Azamgarh-Quarters,BOQ_21116,ARITHMETIC_FAILURE
TCIL-NVS-JNV-Azamgarh-Quarters,BOQ_21121,ARITHMETIC_FAILURE
TCIL-NVS-JNV-Azamgarh-Quarters,BOQ_21134,ARITHMETIC_FAILURE
TCIL-NVS-JNV-Azamgarh-Quarters,BOQ_21138,ARITHMETIC_FAILURE
TCIL-NVS-JNV-Azamgarh-Quarters,BOQ_21145,ARITHMETIC_FAILURE
TCIL-NVS-JNV-Azamgarh-Quarters,BOQ_21147,ARITHMETIC_FAILURE
TCIL-NVS-JNV-Azamgarh-Quarters,BOQ_21150,ARITHMETIC_FAILURE
TCIL-NVS-JNV-Azamgarh-Quarters,BOQ_21151,ARITHMETIC_FAILURE
TCIL-NVS-JNV-Azamgarh-Quarters,BOQ_21155,ARITHMETIC_FAILURE
TCIL-NVS-JNV-Azamgarh-Quarters,BOQ_21157,ARITHMETIC_FAILURE
TCIL-NVS-JNV-Azamgarh-Quarters,BOQ_21161,ARITHMETIC_FAILURE
TCIL-NVS-JNV-Azamgarh-Quarters,BOQ_21163,ARITHMETIC_FAILURE
TCIL-NVS-JNV-Azamgarh-Quarters,BOQ_21167,ARITHMETIC_FAILURE
TCIL-NVS-JNV-Azamgarh-Quarters,BOQ_21168,ARITHMETIC_FAILURE
TCIL-NVS-JNV-Azamgarh-Quarters,BOQ_21170,ARITHMETIC_FAILURE
TCIL-NVS-JNV-Azamgarh-Quarters,BOQ_21174,ARITHMETIC_FAILURE
TCIL-NVS-JNV-Azamgarh-Quarters,BOQ_21176,ARITHMETIC_FAILURE
TCIL-NVS-JNV-Azamgarh-Quarters,BOQ_21180,ARITHMETIC_FAILURE
TCIL-NVS-JNV-Azamgarh-Quarters,BOQ_21182,ARITHMETIC_FAILURE
TCIL-NVS-JNV-Azamgarh-Quarters,BOQ_21186,ARITHMETIC_FAILURE
TCIL-NVS-JNV-Azamgarh-Quarters,BOQ_21188,ARITHMETIC_FAILURE
TCIL-NVS-JNV-Azamgarh-Quarters,BOQ_21192,ARITHMETIC_FAILURE
TCIL-NVS-JNV-Azamgarh-Quarters,BOQ_21194,ARITHMETIC_FAILURE
TCIL-NVS-JNV-Azamgarh-Quarters,BOQ_21198,ARITHMETIC_FAILURE
TCIL-NVS-JNV-Azamgarh-Quarters,BOQ_21200,ARITHMETIC_FAILURE
TCIL-NVS-JNV-Azamgarh-Quarters,BOQ_21203,ARITHMETIC_FAILURE
TCIL-NVS-JNV-Azamgarh-Quarters,BOQ_21204,ARITHMETIC_FAILURE
TCIL-NVS-JNV-Azamgarh-Quarters,BOQ_21207,ARITHMETIC_FAILURE
TCIL-NVS-JNV-Azamgarh-Quarters,BOQ_21208,ARITHMETIC_FAILURE
TCIL-NVS-JNV-Azamgarh-Quarters,BOQ_21212,ARITHMETIC_FAILURE
TCIL-NVS-JNV-Azamgarh-Quarters,BOQ_21215,ARITHMETIC_FAILURE
TCIL-NVS-JNV-Azamgarh-Quarters,BOQ_21218,ARITHMETIC_FAILURE
TCIL-NVS-JNV-Azamgarh-Quarters,BOQ_21219,ARITHMETIC_FAILURE
TCIL-NVS-JNV-Azamgarh-Quarters,BOQ_21222,ARITHMETIC_FAILURE
TCIL-NVS-JNV-Azamgarh-Quarters,BOQ_21225,ARITHMETIC_FAILURE
TCIL-NVS-JNV-Azamgarh-Quarters,BOQ_21226,ARITHMETIC_FAILURE
TCIL-NVS-JNV-Azamgarh-Quarters,BOQ_21228,ARITHMETIC_FAILURE
TCIL-NVS-JNV-Azamgarh-Quarters,BOQ_21231,ARITHMETIC_FAILURE
TCIL-NVS-JNV-Azamgarh-Quarters,BOQ_21235,ARITHMETIC_FAILURE
TCIL-NVS-JNV-Azamgarh-Quarters,BOQ_21236,ARITHMETIC_FAILURE
TCIL-NVS-JNV-Azamgarh-Quarters,BOQ_21237,ARITHMETIC_FAILURE
TCIL-NVS-JNV-Azamgarh-Quarters,BOQ_21246,ARITHMETIC_FAILURE
TCIL-NVS-JNV-Azamgarh-Quarters,BOQ_21247,ARITHMETIC_FAILURE
TCIL-NVS-JNV-Azamgarh-Quarters,BOQ_21251,ARITHMETIC_FAILURE
TCIL-NVS-JNV-Azamgarh-Quarters,BOQ_21252,ARITHMETIC_FAILURE
TCIL-NVS-JNV-Azamgarh-Quarters,BOQ_21256,ARITHMETIC_FAILURE
TCIL-NVS-JNV-Azamgarh-Quarters,BOQ_21259,ARITHMETIC_FAILURE
TCIL-NVS-JNV-Azamgarh-Quarters,BOQ_21260,ARITHMETIC_FAILURE
TCIL-NVS-JNV-Azamgarh-Quarters,BOQ_21263,ARITHMETIC_FAILURE
TCIL-NVS-JNV-Azamgarh-Quarters,BOQ_21264,ARITHMETIC_FAILURE
TCIL-NVS-JNV-Azamgarh-Quarters,BOQ_21265,ARITHMETIC_FAILURE
TCIL-NVS-JNV-Azamgarh-Quarters,BOQ_21268,ARITHMETIC_FAILURE
TCIL-NVS-JNV-Azamgarh-Quarters,BOQ_21269,ARITHMETIC_FAILURE
TCIL-NVS-JNV-Azamgarh-Quarters,BOQ_21273,ARITHMETIC_FAILURE
TCIL-NVS-JNV-Azamgarh-Quarters,BOQ_21277,ARITHMETIC_FAILURE
TCIL-NVS-JNV-Azamgarh-Quarters,BOQ_21280,ARITHMETIC_FAILURE
TCIL-NVS-JNV-Azamgarh-Quarters,BOQ_21286,ARITHMETIC_FAILURE
TCIL-NVS-JNV-Azamgarh-Quarters,BOQ_21289,ARITHMETIC_FAILURE
TCIL-NVS-JNV-Azamgarh-Quarters,BOQ_21292,ARITHMETIC_FAILURE
TCIL-NVS-JNV-Azamgarh-Quarters,BOQ_21295,ARITHMETIC_FAILURE
TCIL-NVS-JNV-Azamgarh-Quarters,BOQ_21299,ARITHMETIC_FAILURE
TCIL-NVS-JNV-Azamgarh-Quarters,BOQ_21308,ARITHMETIC_FAILURE
TCIL-NVS-JNV-Azamgarh-Quarters,BOQ_21309,ARITHMETIC_FAILURE
TCIL-NVS-JNV-Azamgarh-Quarters,BOQ_21317,ARITHMETIC_FAILURE
TCIL-NVS-JNV-Azamgarh-Quarters,BOQ_21321,ARITHMETIC_FAILURE
TCIL-NVS-JNV-Azamgarh-Quarters,BOQ_21330,ARITHMETIC_FAILURE
TCIL-NVS-JNV-Azamgarh-Quarters,BOQ_21345,ARITHMETIC_FAILURE
TCIL-NVS-JNV-Azamgarh-Quarters,BOQ_21348,ARITHMETIC_FAILURE
TCIL-NVS-JNV-Azamgarh-Quarters,BOQ_21349,ARITHMETIC_FAILURE
TCIL-NVS-JNV-Azamgarh-Quarters,BOQ_21361,ARITHMETIC_FAILURE
TCIL-NVS-JNV-Azamgarh-Quarters,BOQ_21364,ARITHMETIC_FAILURE
TCIL-NVS-JNV-Azamgarh-Quarters,BOQ_21367,ARITHMETIC_FAILURE
TCIL-NVS-JNV-Azamgarh-Quarters,BOQ_21370,ARITHMETIC_FAILURE
TCIL-NVS-JNV-Azamgarh-Quarters,BOQ_21371,ARITHMETIC_FAILURE
TCIL-NVS-JNV-Azamgarh-Quarters,BOQ_21406,ARITHMETIC_FAILURE
TCIL-NVS-JNV-Azamgarh-Quarters,BOQ_21412,ARITHMETIC_FAILURE
TCIL-NVS-JNV-Azamgarh-Quarters,BOQ_21429,ARITHMETIC_FAILURE
TCIL-NVS-JNV-Azamgarh-Quarters,BOQ_21432,ARITHMETIC_FAILURE
TCIL-NVS-JNV-Azamgarh-Quarters,BOQ_21435,ARITHMETIC_FAILURE
TCIL-NVS-JNV-Azamgarh-Quarters,BOQ_21441,ARITHMETIC_FAILURE
TCIL-NVS-JNV-Azamgarh-Quarters,BOQ_21475,ARITHMETIC_FAILURE
TCIL-NVS-JNV-Azamgarh-Quarters,BOQ_21490,ARITHMETIC_FAILURE
TCIL-NVS-JNV-Azamgarh-Quarters,BOQ_21495,ARITHMETIC_FAILURE
TCIL-NVS-JNV-Azamgarh-Quarters,BOQ_21507,ARITHMETIC_FAILURE
TCIL-NVS-JNV-Azamgarh-Quarters,BOQ_21529,ARITHMETIC_FAILURE
TCIL-NVS-JNV-Azamgarh-Quarters,BOQ_21531,ARITHMETIC_FAILURE
TCIL-NVS-JNV-Azamgarh-Quarters,BOQ_21541,ARITHMETIC_FAILURE
TCIL-NVS-JNV-Azamgarh-Quarters,BOQ_21544,ARITHMETIC_FAILURE
TCIL-NVS-JNV-Azamgarh-Quarters,BOQ_21547,ARITHMETIC_FAILURE
TCIL-NVS-JNV-Azamgarh-Quarters,BOQ_21553,ARITHMETIC_FAILURE
TCIL-NVS-JNV-Azamgarh-Quarters,BOQ_21562,ARITHMETIC_FAILURE
TCIL-NVS-JNV-Azamgarh-Quarters,BOQ_21565,ARITHMETIC_FAILURE
TCIL-NVS-JNV-Azamgarh-Quarters,BOQ_21568,ARITHMETIC_FAILURE
TCIL-NVS-JNV-Azamgarh-Quarters,BOQ_21571,ARITHMETIC_FAILURE
TCIL-NVS-JNV-Azamgarh-Quarters,BOQ_21587,ARITHMETIC_FAILURE
TCIL-NVS-JNV-Azamgarh-Quarters,BOQ_21594,ARITHMETIC_FAILURE
TCIL-NVS-JNV-Azamgarh-Quarters,BOQ_21596,ARITHMETIC_FAILURE
TCIL-NVS-JNV-Azamgarh-Quarters,BOQ_21607,ARITHMETIC_FAILURE
TCIL-NVS-JNV-Azamgarh-Quarters,BOQ_21610,ARITHMETIC_FAILURE
TCIL-NVS-JNV-Azamgarh-Quarters,BOQ_21623,ARITHMETIC_FAILURE
TCIL-NVS-JNV-Azamgarh-Quarters,BOQ_21626,ARITHMETIC_FAILURE
TCIL-NVS-JNV-Azamgarh-Quarters,BOQ_21629,ARITHMETIC_FAILURE
TCIL-NVS-JNV-Azamgarh-Quarters,BOQ_21632,ARITHMETIC_FAILURE
TCIL-NVS-JNV-Azamgarh-Quarters,BOQ_21653,ARITHMETIC_FAILURE
TCIL-NVS-JNV-Azamgarh-Quarters,BOQ_21667,ARITHMETIC_FAILURE
TCIL-NVS-JNV-Azamgarh-Quarters,BOQ_21668,ARITHMETIC_FAILURE
TCIL-NVS-JNV-Azamgarh-Quarters,BOQ_21682,ARITHMETIC_FAILURE
TCIL-NVS-JNV-Azamgarh-Quarters,BOQ_21693,ARITHMETIC_FAILURE
TCIL-NVS-JNV-Azamgarh-Quarters,BOQ_21695,ARITHMETIC_FAILURE
TCIL-NVS-JNV-Azamgarh-Quarters,BOQ_21698,ARITHMETIC_FAILURE
TCIL-NVS-JNV-Azamgarh-Quarters,BOQ_21699,ARITHMETIC_FAILURE
TCIL-NVS-JNV-Azamgarh-Quarters,BOQ_21703,ARITHMETIC_FAILURE
TCIL-NVS-JNV-Azamgarh-Quarters,BOQ_21705,ARITHMETIC_FAILURE
TCIL-NVS-JNV-Azamgarh-Quarters,BOQ_21706,ARITHMETIC_FAILURE
TCIL-NVS-JNV-Azamgarh-Quarters,BOQ_21710,ARITHMETIC_FAILURE
TCIL-NVS-JNV-Azamgarh-Quarters,BOQ_21712,ARITHMETIC_FAILURE
TCIL-NVS-JNV-Azamgarh-Quarters,BOQ_21716,ARITHMETIC_FAILURE
TCIL-NVS-JNV-Azamgarh-Quarters,BOQ_21718,ARITHMETIC_FAILURE
TCIL-NVS-JNV-Azamgarh-Quarters,BOQ_21722,ARITHMETIC_FAILURE
TCIL-NVS-JNV-Azamgarh-Quarters,BOQ_21724,ARITHMETIC_FAILURE
TCIL-NVS-JNV-Azamgarh-Quarters,BOQ_21728,ARITHMETIC_FAILURE
TCIL-NVS-JNV-Azamgarh-Quarters,BOQ_21730,ARITHMETIC_FAILURE
TCIL-NVS-JNV-Azamgarh-Quarters,BOQ_21734,ARITHMETIC_FAILURE
TCIL-NVS-JNV-Azamgarh-Quarters,BOQ_21736,ARITHMETIC_FAILURE
TCIL-NVS-JNV-Azamgarh-Quarters,BOQ_21740,ARITHMETIC_FAILURE
TCIL-NVS-JNV-Azamgarh-Quarters,BOQ_21742,ARITHMETIC_FAILURE
TCIL-NVS-JNV-Azamgarh-Quarters,BOQ_21746,ARITHMETIC_FAILURE
TCIL-NVS-JNV-Azamgarh-Quarters,BOQ_21748,ARITHMETIC_FAILURE
TCIL-NVS-JNV-Azamgarh-Quarters,BOQ_21751,ARITHMETIC_FAILURE
TCIL-NVS-JNV-Azamgarh-Quarters,BOQ_21752,ARITHMETIC_FAILURE
TCIL-NVS-JNV-Azamgarh-Quarters,BOQ_21755,ARITHMETIC_FAILURE
TCIL-NVS-JNV-Azamgarh-Quarters,BOQ_21756,ARITHMETIC_FAILURE
TCIL-NVS-JNV-Azamgarh-Quarters,BOQ_21760,ARITHMETIC_FAILURE
TCIL-NVS-JNV-Azamgarh-Quarters,BOQ_21762,ARITHMETIC_FAILURE
TCIL-NVS-JNV-Azamgarh-Quarters,BOQ_21764,ARITHMETIC_FAILURE
TCIL-NVS-JNV-Azamgarh-Quarters,BOQ_21767,ARITHMETIC_FAILURE
TCIL-NVS-JNV-Azamgarh-Quarters,BOQ_21768,ARITHMETIC_FAILURE
TCIL-NVS-JNV-Azamgarh-Quarters,BOQ_21771,ARITHMETIC_FAILURE
TCIL-NVS-JNV-Azamgarh-Quarters,BOQ_21774,ARITHMETIC_FAILURE
TCIL-NVS-JNV-Azamgarh-Quarters,BOQ_21776,ARITHMETIC_FAILURE
TCIL-NVS-JNV-Azamgarh-Quarters,BOQ_21779,ARITHMETIC_FAILURE
TCIL-NVS-JNV-Azamgarh-Quarters,BOQ_21783,ARITHMETIC_FAILURE
TCIL-NVS-JNV-Azamgarh-Quarters,BOQ_21792,ARITHMETIC_FAILURE
TCIL-NVS-JNV-Azamgarh-Quarters,BOQ_21793,ARITHMETIC_FAILURE
TCIL-NVS-JNV-Azamgarh-Quarters,BOQ_21795,ARITHMETIC_FAILURE
TCIL-NVS-JNV-Azamgarh-Quarters,BOQ_21798,ARITHMETIC_FAILURE
TCIL-NVS-JNV-Azamgarh-Quarters,BOQ_21799,ARITHMETIC_FAILURE
TCIL-NVS-JNV-Azamgarh-Quarters,BOQ_21803,ARITHMETIC_FAILURE
TCIL-NVS-JNV-Azamgarh-Quarters,BOQ_21806,ARITHMETIC_FAILURE
TCIL-NVS-JNV-Azamgarh-Quarters,BOQ_21807,ARITHMETIC_FAILURE
TCIL-NVS-JNV-Azamgarh-Quarters,BOQ_21810,ARITHMETIC_FAILURE
TCIL-NVS-JNV-Azamgarh-Quarters,BOQ_21811,ARITHMETIC_FAILURE
TCIL-NVS-JNV-Azamgarh-Quarters,BOQ_21812,ARITHMETIC_FAILURE
TCIL-NVS-JNV-Azamgarh-Quarters,BOQ_21815,ARITHMETIC_FAILURE
TCIL-NVS-JNV-Azamgarh-Quarters,BOQ_21819,ARITHMETIC_FAILURE
TCIL-NVS-JNV-Azamgarh-Quarters,BOQ_21823,ARITHMETIC_FAILURE
TCIL-NVS-JNV-Azamgarh-Quarters,BOQ_21826,ARITHMETIC_FAILURE
TCIL-NVS-JNV-Azamgarh-Quarters,BOQ_21832,ARITHMETIC_FAILURE
TCIL-NVS-JNV-Azamgarh-Quarters,BOQ_21835,ARITHMETIC_FAILURE
TCIL-NVS-JNV-Azamgarh-Quarters,BOQ_21837,ARITHMETIC_FAILURE
TCIL-NVS-JNV-Azamgarh-Quarters,BOQ_21839,ARITHMETIC_FAILURE
TCIL-NVS-JNV-Azamgarh-Quarters,BOQ_21842,ARITHMETIC_FAILURE
TCIL-NVS-JNV-Azamgarh-Quarters,BOQ_21846,ARITHMETIC_FAILURE
TCIL-NVS-JNV-Azamgarh-Quarters,BOQ_21860,ARITHMETIC_FAILURE
TCIL-NVS-JNV-Azamgarh-Quarters,BOQ_21863,ARITHMETIC_FAILURE
TCIL-NVS-JNV-Azamgarh-Quarters,BOQ_21887,ARITHMETIC_FAILURE
TCIL-NVS-JNV-Azamgarh-Quarters,BOQ_21893,ARITHMETIC_FAILURE
TCIL-NVS-JNV-Azamgarh-Quarters,BOQ_21910,ARITHMETIC_FAILURE
TCIL-NVS-JNV-Azamgarh-Quarters,BOQ_21913,ARITHMETIC_FAILURE
TCIL-NVS-JNV-Azamgarh-Quarters,BOQ_21916,ARITHMETIC_FAILURE
TCIL-NVS-JNV-Azamgarh-Quarters,BOQ_21922,ARITHMETIC_FAILURE
TCIL-NVS-JNV-Azamgarh-Quarters,BOQ_21943,ARITHMETIC_FAILURE
TCIL-NVS-JNV-Azamgarh-Quarters,BOQ_22052,ARITHMETIC_FAILURE
TCIL-NVS-JNV-Azamgarh-Quarters,BOQ_22058,ARITHMETIC_FAILURE
TCIL-NVS-JNV-Azamgarh-Quarters,BOQ_22069,ARITHMETIC_FAILURE
TCIL-NVS-JNV-Azamgarh-Quarters,BOQ_22072,ARITHMETIC_FAILURE
TCIL-NVS-JNV-Azamgarh-Quarters,BOQ_22079,ARITHMETIC_FAILURE
TCIL-NVS-JNV-Azamgarh-Quarters,BOQ_22092,ARITHMETIC_FAILURE
TCIL-NVS-JNV-Azamgarh-Quarters,BOQ_22094,ARITHMETIC_FAILURE
TCIL-NVS-JNV-Azamgarh-Quarters,BOQ_22104,ARITHMETIC_FAILURE
TCIL-NVS-JNV-Azamgarh-Quarters,BOQ_22107,ARITHMETIC_FAILURE
TCIL-NVS-JNV-Azamgarh-Quarters,BOQ_22141,ARITHMETIC_FAILURE
TCIL-NVS-JNV-Azamgarh-Quarters,BOQ_22146,ARITHMETIC_FAILURE
TCIL-NVS-JNV-Azamgarh-Quarters,BOQ_22155,ARITHMETIC_FAILURE
TCIL-NVS-JNV-Azamgarh-Quarters,BOQ_22158,ARITHMETIC_FAILURE
TCIL-NVS-JNV-Azamgarh-Quarters,BOQ_22179,ARITHMETIC_FAILURE
TCIL-NVS-JNV-Azamgarh-Quarters,BOQ_22182,ARITHMETIC_FAILURE
TCIL-NVS-JNV-Azamgarh-Quarters,BOQ_22185,ARITHMETIC_FAILURE
TCIL-NVS-JNV-Azamgarh-Quarters,BOQ_22203,ARITHMETIC_FAILURE
TCIL-NVS-JNV-Azamgarh-Quarters,BOQ_22211,ARITHMETIC_FAILURE
TCIL-NVS-JNV-Azamgarh-Quarters,BOQ_22214,ARITHMETIC_FAILURE
TCIL-NVS-JNV-Azamgarh-Quarters,BOQ_22217,ARITHMETIC_FAILURE
TCIL-NVS-JNV-Azamgarh-Quarters,BOQ_22224,ARITHMETIC_FAILURE
TCIL-NVS-JNV-Azamgarh-Quarters,BOQ_22228,ARITHMETIC_FAILURE
TCIL-NVS-JNV-Azamgarh-Quarters,BOQ_22233,ARITHMETIC_FAILURE
TCIL-NVS-JNV-Azamgarh-Quarters,BOQ_22246,ARITHMETIC_FAILURE
TCIL-NVS-JNV-Azamgarh-Quarters,BOQ_22250,ARITHMETIC_FAILURE
TCIL-NVS-JNV-Azamgarh-Quarters,BOQ_22257,ARITHMETIC_FAILURE
TCIL-NVS-JNV-Azamgarh-Quarters,BOQ_22259,ARITHMETIC_FAILURE
TCIL-NVS-JNV-Azamgarh-Quarters,BOQ_22262,ARITHMETIC_FAILURE
TCIL-NVS-JNV-Azamgarh-Quarters,BOQ_22263,ARITHMETIC_FAILURE
TCIL-NVS-JNV-Azamgarh-Quarters,BOQ_22267,ARITHMETIC_FAILURE
TCIL-NVS-JNV-Azamgarh-Quarters,BOQ_22269,ARITHMETIC_FAILURE
TCIL-NVS-JNV-Azamgarh-Quarters,BOQ_22273,ARITHMETIC_FAILURE
TCIL-NVS-JNV-Azamgarh-Quarters,BOQ_22275,ARITHMETIC_FAILURE
TCIL-NVS-JNV-Azamgarh-Quarters,BOQ_22279,ARITHMETIC_FAILURE
TCIL-NVS-JNV-Azamgarh-Quarters,BOQ_22280,ARITHMETIC_FAILURE
TCIL-NVS-JNV-Azamgarh-Quarters,BOQ_22282,ARITHMETIC_FAILURE
TCIL-NVS-JNV-Azamgarh-Quarters,BOQ_22286,ARITHMETIC_FAILURE
TCIL-NVS-JNV-Azamgarh-Quarters,BOQ_22288,ARITHMETIC_FAILURE
TCIL-NVS-JNV-Azamgarh-Quarters,BOQ_22292,ARITHMETIC_FAILURE
TCIL-NVS-JNV-Azamgarh-Quarters,BOQ_22294,ARITHMETIC_FAILURE
TCIL-NVS-JNV-Azamgarh-Quarters,BOQ_22298,ARITHMETIC_FAILURE
TCIL-NVS-JNV-Azamgarh-Quarters,BOQ_22300,ARITHMETIC_FAILURE
TCIL-NVS-JNV-Azamgarh-Quarters,BOQ_22304,ARITHMETIC_FAILURE
TCIL-NVS-JNV-Azamgarh-Quarters,BOQ_22306,ARITHMETIC_FAILURE
TCIL-NVS-JNV-Azamgarh-Quarters,BOQ_22310,ARITHMETIC_FAILURE
TCIL-NVS-JNV-Azamgarh-Quarters,BOQ_22312,ARITHMETIC_FAILURE
TCIL-NVS-JNV-Azamgarh-Quarters,BOQ_22315,ARITHMETIC_FAILURE
TCIL-NVS-JNV-Azamgarh-Quarters,BOQ_22316,ARITHMETIC_FAILURE
TCIL-NVS-JNV-Azamgarh-Quarters,BOQ_22319,ARITHMETIC_FAILURE
TCIL-NVS-JNV-Azamgarh-Quarters,BOQ_22320,ARITHMETIC_FAILURE
TCIL-NVS-JNV-Azamgarh-Quarters,BOQ_22324,ARITHMETIC_FAILURE
TCIL-NVS-JNV-Azamgarh-Quarters,BOQ_22327,ARITHMETIC_FAILURE
TCIL-NVS-JNV-Azamgarh-Quarters,BOQ_22330,ARITHMETIC_FAILURE
TCIL-NVS-JNV-Azamgarh-Quarters,BOQ_22331,ARITHMETIC_FAILURE
TCIL-NVS-JNV-Azamgarh-Quarters,BOQ_22334,ARITHMETIC_FAILURE
TCIL-NVS-JNV-Azamgarh-Quarters,BOQ_22337,ARITHMETIC_FAILURE
TCIL-NVS-JNV-Azamgarh-Quarters,BOQ_22338,ARITHMETIC_FAILURE
TCIL-NVS-JNV-Azamgarh-Quarters,BOQ_22340,ARITHMETIC_FAILURE
TCIL-NVS-JNV-Azamgarh-Quarters,BOQ_22343,ARITHMETIC_FAILURE
TCIL-NVS-JNV-Azamgarh-Quarters,BOQ_22347,ARITHMETIC_FAILURE
TCIL-NVS-JNV-Azamgarh-Quarters,BOQ_22348,ARITHMETIC_FAILURE
TCIL-NVS-JNV-Azamgarh-Quarters,BOQ_22349,ARITHMETIC_FAILURE
TCIL-NVS-JNV-Azamgarh-Quarters,BOQ_22358,ARITHMETIC_FAILURE
TCIL-NVS-JNV-Azamgarh-Quarters,BOQ_22359,ARITHMETIC_FAILURE
TCIL-NVS-JNV-Azamgarh-Quarters,BOQ_22363,ARITHMETIC_FAILURE
TCIL-NVS-JNV-Azamgarh-Quarters,BOQ_22364,ARITHMETIC_FAILURE
TCIL-NVS-JNV-Azamgarh-Quarters,BOQ_22368,ARITHMETIC_FAILURE
TCIL-NVS-JNV-Azamgarh-Quarters,BOQ_22371,ARITHMETIC_FAILURE
TCIL-NVS-JNV-Azamgarh-Quarters,BOQ_22372,ARITHMETIC_FAILURE
TCIL-NVS-JNV-Azamgarh-Quarters,BOQ_22375,ARITHMETIC_FAILURE
TCIL-NVS-JNV-Azamgarh-Quarters,BOQ_22376,ARITHMETIC_FAILURE
TCIL-NVS-JNV-Azamgarh-Quarters,BOQ_22377,ARITHMETIC_FAILURE
TCIL-NVS-JNV-Azamgarh-Quarters,BOQ_22380,ARITHMETIC_FAILURE
TCIL-NVS-JNV-Azamgarh-Quarters,BOQ_22381,ARITHMETIC_FAILURE
TCIL-NVS-JNV-Azamgarh-Quarters,BOQ_22385,ARITHMETIC_FAILURE
TCIL-NVS-JNV-Azamgarh-Quarters,BOQ_22389,ARITHMETIC_FAILURE
TCIL-NVS-JNV-Azamgarh-Quarters,BOQ_22392,ARITHMETIC_FAILURE
TCIL-NVS-JNV-Azamgarh-Quarters,BOQ_22398,ARITHMETIC_FAILURE
TCIL-NVS-JNV-Azamgarh-Quarters,BOQ_22401,ARITHMETIC_FAILURE
TCIL-NVS-JNV-Azamgarh-Quarters,BOQ_22404,ARITHMETIC_FAILURE
TCIL-NVS-JNV-Azamgarh-Quarters,BOQ_22407,ARITHMETIC_FAILURE
TCIL-NVS-JNV-Azamgarh-Quarters,BOQ_22411,ARITHMETIC_FAILURE
TCIL-NVS-JNV-Azamgarh-Quarters,BOQ_22420,ARITHMETIC_FAILURE
TCIL-NVS-JNV-Azamgarh-Quarters,BOQ_22421,ARITHMETIC_FAILURE
TCIL-NVS-JNV-Azamgarh-Quarters,BOQ_22429,ARITHMETIC_FAILURE
TCIL-NVS-JNV-Azamgarh-Quarters,BOQ_22433,ARITHMETIC_FAILURE
TCIL-NVS-JNV-Azamgarh-Quarters,BOQ_22442,ARITHMETIC_FAILURE
TCIL-NVS-JNV-Azamgarh-Quarters,BOQ_22457,ARITHMETIC_FAILURE
TCIL-NVS-JNV-Azamgarh-Quarters,BOQ_22460,ARITHMETIC_FAILURE
TCIL-NVS-JNV-Azamgarh-Quarters,BOQ_22461,ARITHMETIC_FAILURE
TCIL-NVS-JNV-Azamgarh-Quarters,BOQ_22473,ARITHMETIC_FAILURE
TCIL-NVS-JNV-Azamgarh-Quarters,BOQ_22476,ARITHMETIC_FAILURE
TCIL-NVS-JNV-Azamgarh-Quarters,BOQ_22479,ARITHMETIC_FAILURE
TCIL-NVS-JNV-Azamgarh-Quarters,BOQ_22482,ARITHMETIC_FAILURE
TCIL-NVS-JNV-Azamgarh-Quarters,BOQ_22483,ARITHMETIC_FAILURE
TCIL-NVS-JNV-Azamgarh-Quarters,BOQ_22518,ARITHMETIC_FAILURE
TCIL-NVS-JNV-Azamgarh-Quarters,BOQ_22524,ARITHMETIC_FAILURE
TCIL-NVS-JNV-Azamgarh-Quarters,BOQ_22541,ARITHMETIC_FAILURE
TCIL-NVS-JNV-Azamgarh-Quarters,BOQ_22544,ARITHMETIC_FAILURE
TCIL-NVS-JNV-Azamgarh-Quarters,BOQ_22547,ARITHMETIC_FAILURE
TCIL-NVS-JNV-Azamgarh-Quarters,BOQ_22553,ARITHMETIC_FAILURE
TCIL-NVS-JNV-Azamgarh-Quarters,BOQ_22587,ARITHMETIC_FAILURE
TCIL-NVS-JNV-Azamgarh-Quarters,BOQ_22602,ARITHMETIC_FAILURE
TCIL-NVS-JNV-Azamgarh-Quarters,BOQ_22607,ARITHMETIC_FAILURE
TCIL-NVS-JNV-Azamgarh-Quarters,BOQ_22619,ARITHMETIC_FAILURE
TCIL-NVS-JNV-Azamgarh-Quarters,BOQ_22641,ARITHMETIC_FAILURE
TCIL-NVS-JNV-Azamgarh-Quarters,BOQ_22643,ARITHMETIC_FAILURE
TCIL-NVS-JNV-Azamgarh-Quarters,BOQ_22653,ARITHMETIC_FAILURE
TCIL-NVS-JNV-Azamgarh-Quarters,BOQ_22656,ARITHMETIC_FAILURE
TCIL-NVS-JNV-Azamgarh-Quarters,BOQ_22659,ARITHMETIC_FAILURE
TCIL-NVS-JNV-Azamgarh-Quarters,BOQ_22665,ARITHMETIC_FAILURE
TCIL-NVS-JNV-Azamgarh-Quarters,BOQ_22674,ARITHMETIC_FAILURE
TCIL-NVS-JNV-Azamgarh-Quarters,BOQ_22677,ARITHMETIC_FAILURE
TCIL-NVS-JNV-Azamgarh-Quarters,BOQ_22680,ARITHMETIC_FAILURE
TCIL-NVS-JNV-Azamgarh-Quarters,BOQ_22683,ARITHMETIC_FAILURE
TCIL-NVS-JNV-Azamgarh-Quarters,BOQ_22699,ARITHMETIC_FAILURE
TCIL-NVS-JNV-Azamgarh-Quarters,BOQ_22706,ARITHMETIC_FAILURE
TCIL-NVS-JNV-Azamgarh-Quarters,BOQ_22708,ARITHMETIC_FAILURE
TCIL-NVS-JNV-Azamgarh-Quarters,BOQ_22719,ARITHMETIC_FAILURE
TCIL-NVS-JNV-Azamgarh-Quarters,BOQ_22722,ARITHMETIC_FAILURE
TCIL-NVS-JNV-Azamgarh-Quarters,BOQ_22735,ARITHMETIC_FAILURE
TCIL-NVS-JNV-Azamgarh-Quarters,BOQ_22738,ARITHMETIC_FAILURE
TCIL-NVS-JNV-Azamgarh-Quarters,BOQ_22741,ARITHMETIC_FAILURE
TCIL-NVS-JNV-Azamgarh-Quarters,BOQ_22744,ARITHMETIC_FAILURE
TCIL-NVS-JNV-Azamgarh-Quarters,BOQ_22765,ARITHMETIC_FAILURE
TCIL-NVS-JNV-Azamgarh-Quarters,BOQ_22779,ARITHMETIC_FAILURE
TCIL-NVS-JNV-Azamgarh-Quarters,BOQ_22780,ARITHMETIC_FAILURE
TCIL-NVS-JNV-Azamgarh-Quarters,BOQ_22794,ARITHMETIC_FAILURE
TCIL-NVS-JNV-Azamgarh-Quarters,BOQ_22805,ARITHMETIC_FAILURE
TCIL-NVS-JNV-Azamgarh-Quarters,BOQ_22807,ARITHMETIC_FAILURE
TCIL-NVS-JNV-Azamgarh-Quarters,BOQ_22810,ARITHMETIC_FAILURE
TCIL-NVS-JNV-Azamgarh-Quarters,BOQ_22811,ARITHMETIC_FAILURE
TCIL-NVS-JNV-Azamgarh-Quarters,BOQ_22815,ARITHMETIC_FAILURE
TCIL-NVS-JNV-Azamgarh-Quarters,BOQ_22817,ARITHMETIC_FAILURE
TCIL-NVS-JNV-Azamgarh-Quarters,BOQ_22818,ARITHMETIC_FAILURE
TCIL-NVS-JNV-Azamgarh-Quarters,BOQ_22822,ARITHMETIC_FAILURE
TCIL-NVS-JNV-Azamgarh-Quarters,BOQ_22824,ARITHMETIC_FAILURE
TCIL-NVS-JNV-Azamgarh-Quarters,BOQ_22828,ARITHMETIC_FAILURE
TCIL-NVS-JNV-Azamgarh-Quarters,BOQ_22830,ARITHMETIC_FAILURE
TCIL-NVS-JNV-Azamgarh-Quarters,BOQ_22834,ARITHMETIC_FAILURE
TCIL-NVS-JNV-Azamgarh-Quarters,BOQ_22836,ARITHMETIC_FAILURE
TCIL-NVS-JNV-Azamgarh-Quarters,BOQ_22840,ARITHMETIC_FAILURE
TCIL-NVS-JNV-Azamgarh-Quarters,BOQ_22842,ARITHMETIC_FAILURE
TCIL-NVS-JNV-Azamgarh-Quarters,BOQ_22846,ARITHMETIC_FAILURE
TCIL-NVS-JNV-Azamgarh-Quarters,BOQ_22848,ARITHMETIC_FAILURE
TCIL-NVS-JNV-Azamgarh-Quarters,BOQ_22852,ARITHMETIC_FAILURE
TCIL-NVS-JNV-Azamgarh-Quarters,BOQ_22854,ARITHMETIC_FAILURE
TCIL-NVS-JNV-Azamgarh-Quarters,BOQ_22858,ARITHMETIC_FAILURE
TCIL-NVS-JNV-Azamgarh-Quarters,BOQ_22860,ARITHMETIC_FAILURE
TCIL-NVS-JNV-Azamgarh-Quarters,BOQ_22863,ARITHMETIC_FAILURE
TCIL-NVS-JNV-Azamgarh-Quarters,BOQ_22864,ARITHMETIC_FAILURE
TCIL-NVS-JNV-Azamgarh-Quarters,BOQ_22867,ARITHMETIC_FAILURE
TCIL-NVS-JNV-Azamgarh-Quarters,BOQ_22868,ARITHMETIC_FAILURE
TCIL-NVS-JNV-Azamgarh-Quarters,BOQ_22872,ARITHMETIC_FAILURE
TCIL-NVS-JNV-Azamgarh-Quarters,BOQ_22874,ARITHMETIC_FAILURE
TCIL-NVS-JNV-Azamgarh-Quarters,BOQ_22876,ARITHMETIC_FAILURE
TCIL-NVS-JNV-Azamgarh-Quarters,BOQ_22879,ARITHMETIC_FAILURE
TCIL-NVS-JNV-Azamgarh-Quarters,BOQ_22880,ARITHMETIC_FAILURE
TCIL-NVS-JNV-Azamgarh-Quarters,BOQ_22883,ARITHMETIC_FAILURE
TCIL-NVS-JNV-Azamgarh-Quarters,BOQ_22886,ARITHMETIC_FAILURE
TCIL-NVS-JNV-Azamgarh-Quarters,BOQ_22888,ARITHMETIC_FAILURE
TCIL-NVS-JNV-Azamgarh-Quarters,BOQ_22891,ARITHMETIC_FAILURE
TCIL-NVS-JNV-Azamgarh-Quarters,BOQ_22895,ARITHMETIC_FAILURE
TCIL-NVS-JNV-Azamgarh-Quarters,BOQ_22904,ARITHMETIC_FAILURE
TCIL-NVS-JNV-Azamgarh-Quarters,BOQ_22905,ARITHMETIC_FAILURE
TCIL-NVS-JNV-Azamgarh-Quarters,BOQ_22907,ARITHMETIC_FAILURE
TCIL-NVS-JNV-Azamgarh-Quarters,BOQ_22910,ARITHMETIC_FAILURE
TCIL-NVS-JNV-Azamgarh-Quarters,BOQ_22911,ARITHMETIC_FAILURE
TCIL-NVS-JNV-Azamgarh-Quarters,BOQ_22915,ARITHMETIC_FAILURE
TCIL-NVS-JNV-Azamgarh-Quarters,BOQ_22918,ARITHMETIC_FAILURE
TCIL-NVS-JNV-Azamgarh-Quarters,BOQ_22919,ARITHMETIC_FAILURE
TCIL-NVS-JNV-Azamgarh-Quarters,BOQ_22922,ARITHMETIC_FAILURE
TCIL-NVS-JNV-Azamgarh-Quarters,BOQ_22923,ARITHMETIC_FAILURE
TCIL-NVS-JNV-Azamgarh-Quarters,BOQ_22924,ARITHMETIC_FAILURE
TCIL-NVS-JNV-Azamgarh-Quarters,BOQ_22927,ARITHMETIC_FAILURE
TCIL-NVS-JNV-Azamgarh-Quarters,BOQ_22931,ARITHMETIC_FAILURE
TCIL-NVS-JNV-Azamgarh-Quarters,BOQ_22935,ARITHMETIC_FAILURE
TCIL-NVS-JNV-Azamgarh-Quarters,BOQ_22938,ARITHMETIC_FAILURE
TCIL-NVS-JNV-Azamgarh-Quarters,BOQ_22944,ARITHMETIC_FAILURE
TCIL-NVS-JNV-Azamgarh-Quarters,BOQ_22947,ARITHMETIC_FAILURE
TCIL-NVS-JNV-Azamgarh-Quarters,BOQ_22949,ARITHMETIC_FAILURE
TCIL-NVS-JNV-Azamgarh-Quarters,BOQ_22951,ARITHMETIC_FAILURE
TCIL-NVS-JNV-Azamgarh-Quarters,BOQ_22954,ARITHMETIC_FAILURE
TCIL-NVS-JNV-Azamgarh-Quarters,BOQ_22958,ARITHMETIC_FAILURE
TCIL-NVS-JNV-Azamgarh-Quarters,BOQ_22972,ARITHMETIC_FAILURE
TCIL-NVS-JNV-Azamgarh-Quarters,BOQ_22975,ARITHMETIC_FAILURE
TCIL-NVS-JNV-Azamgarh-Quarters,BOQ_22999,ARITHMETIC_FAILURE
TCIL-NVS-JNV-Azamgarh-Quarters,BOQ_23005,ARITHMETIC_FAILURE
TCIL-NVS-JNV-Azamgarh-Quarters,BOQ_23022,ARITHMETIC_FAILURE
TCIL-NVS-JNV-Azamgarh-Quarters,BOQ_23025,ARITHMETIC_FAILURE
TCIL-NVS-JNV-Azamgarh-Quarters,BOQ_23028,ARITHMETIC_FAILURE
TCIL-NVS-JNV-Azamgarh-Quarters,BOQ_23034,ARITHMETIC_FAILURE
TCIL-NVS-JNV-Azamgarh-Quarters,BOQ_23055,ARITHMETIC_FAILURE
TCIL-NVS-JNV-Azamgarh-Quarters,BOQ_23164,ARITHMETIC_FAILURE
TCIL-NVS-JNV-Azamgarh-Quarters,BOQ_23170,ARITHMETIC_FAILURE
TCIL-NVS-JNV-Azamgarh-Quarters,BOQ_23181,ARITHMETIC_FAILURE
TCIL-NVS-JNV-Azamgarh-Quarters,BOQ_23184,ARITHMETIC_FAILURE
TCIL-NVS-JNV-Azamgarh-Quarters,BOQ_23191,ARITHMETIC_FAILURE
TCIL-NVS-JNV-Azamgarh-Quarters,BOQ_23204,ARITHMETIC_FAILURE
TCIL-NVS-JNV-Azamgarh-Quarters,BOQ_23206,ARITHMETIC_FAILURE
TCIL-NVS-JNV-Azamgarh-Quarters,BOQ_23216,ARITHMETIC_FAILURE
TCIL-NVS-JNV-Azamgarh-Quarters,BOQ_23219,ARITHMETIC_FAILURE
TCIL-NVS-JNV-Azamgarh-Quarters,BOQ_23253,ARITHMETIC_FAILURE
TCIL-NVS-JNV-Azamgarh-Quarters,BOQ_23258,ARITHMETIC_FAILURE
TCIL-NVS-JNV-Azamgarh-Quarters,BOQ_23267,ARITHMETIC_FAILURE
TCIL-NVS-JNV-Azamgarh-Quarters,BOQ_23270,ARITHMETIC_FAILURE
TCIL-NVS-JNV-Azamgarh-Quarters,BOQ_23291,ARITHMETIC_FAILURE
TCIL-NVS-JNV-Azamgarh-Quarters,BOQ_23294,ARITHMETIC_FAILURE
TCIL-NVS-JNV-Azamgarh-Quarters,BOQ_23297,ARITHMETIC_FAILURE
TCIL-NVS-JNV-Azamgarh-Quarters,BOQ_23315,ARITHMETIC_FAILURE
TCIL-NVS-JNV-Azamgarh-Quarters,BOQ_23323,ARITHMETIC_FAILURE
TCIL-NVS-JNV-Azamgarh-Quarters,BOQ_23326,ARITHMETIC_FAILURE
TCIL-NVS-JNV-Azamgarh-Quarters,BOQ_23329,ARITHMETIC_FAILURE
TCIL-NVS-JNV-Azamgarh-Quarters,BOQ_23336,ARITHMETIC_FAILURE
TCIL-NVS-JNV-Azamgarh-Quarters,BOQ_23340,ARITHMETIC_FAILURE
TCIL-NVS-JNV-Azamgarh-Quarters,BOQ_23345,ARITHMETIC_FAILURE
TCIL-NVS-JNV-Azamgarh-Quarters,BOQ_23358,ARITHMETIC_FAILURE
TCIL-NVS-JNV-Azamgarh-Quarters,BOQ_23362,ARITHMETIC_FAILURE
TCIL-NVS-JNV-Azamgarh-Quarters,BOQ_23369,ARITHMETIC_FAILURE
TCIL-NVS-JNV-Azamgarh-Quarters,BOQ_23371,ARITHMETIC_FAILURE
TCIL-NVS-JNV-Azamgarh-Quarters,BOQ_23374,ARITHMETIC_FAILURE
TCIL-NVS-JNV-Azamgarh-Quarters,BOQ_23375,ARITHMETIC_FAILURE
TCIL-NVS-JNV-Azamgarh-Quarters,BOQ_23379,ARITHMETIC_FAILURE
TCIL-NVS-JNV-Azamgarh-Quarters,BOQ_23381,ARITHMETIC_FAILURE
TCIL-NVS-JNV-Azamgarh-Quarters,BOQ_23385,ARITHMETIC_FAILURE
TCIL-NVS-JNV-Azamgarh-Quarters,BOQ_23387,ARITHMETIC_FAILURE
TCIL-NVS-JNV-Azamgarh-Quarters,BOQ_23391,ARITHMETIC_FAILURE
TCIL-NVS-JNV-Azamgarh-Quarters,BOQ_23392,ARITHMETIC_FAILURE
TCIL-NVS-JNV-Azamgarh-Quarters,BOQ_23394,ARITHMETIC_FAILURE
TCIL-NVS-JNV-Azamgarh-Quarters,BOQ_23398,ARITHMETIC_FAILURE
TCIL-NVS-JNV-Azamgarh-Quarters,BOQ_23400,ARITHMETIC_FAILURE
TCIL-NVS-JNV-Azamgarh-Quarters,BOQ_23404,ARITHMETIC_FAILURE
TCIL-NVS-JNV-Azamgarh-Quarters,BOQ_23406,ARITHMETIC_FAILURE
TCIL-NVS-JNV-Azamgarh-Quarters,BOQ_23410,ARITHMETIC_FAILURE
TCIL-NVS-JNV-Azamgarh-Quarters,BOQ_23412,ARITHMETIC_FAILURE
TCIL-NVS-JNV-Azamgarh-Quarters,BOQ_23416,ARITHMETIC_FAILURE
TCIL-NVS-JNV-Azamgarh-Quarters,BOQ_23418,ARITHMETIC_FAILURE
TCIL-NVS-JNV-Azamgarh-Quarters,BOQ_23422,ARITHMETIC_FAILURE
TCIL-NVS-JNV-Azamgarh-Quarters,BOQ_23424,ARITHMETIC_FAILURE
TCIL-NVS-JNV-Azamgarh-Quarters,BOQ_23427,ARITHMETIC_FAILURE
TCIL-NVS-JNV-Azamgarh-Quarters,BOQ_23428,ARITHMETIC_FAILURE
TCIL-NVS-JNV-Azamgarh-Quarters,BOQ_23431,ARITHMETIC_FAILURE
TCIL-NVS-JNV-Azamgarh-Quarters,BOQ_23432,ARITHMETIC_FAILURE
TCIL-NVS-JNV-Azamgarh-Quarters,BOQ_23436,ARITHMETIC_FAILURE
TCIL-NVS-JNV-Azamgarh-Quarters,BOQ_23439,ARITHMETIC_FAILURE
TCIL-NVS-JNV-Azamgarh-Quarters,BOQ_23442,ARITHMETIC_FAILURE
TCIL-NVS-JNV-Azamgarh-Quarters,BOQ_23443,ARITHMETIC_FAILURE
TCIL-NVS-JNV-Azamgarh-Quarters,BOQ_23446,ARITHMETIC_FAILURE
TCIL-NVS-JNV-Azamgarh-Quarters,BOQ_23449,ARITHMETIC_FAILURE
TCIL-NVS-JNV-Azamgarh-Quarters,BOQ_23450,ARITHMETIC_FAILURE
TCIL-NVS-JNV-Azamgarh-Quarters,BOQ_23452,ARITHMETIC_FAILURE
TCIL-NVS-JNV-Azamgarh-Quarters,BOQ_23455,ARITHMETIC_FAILURE
TCIL-NVS-JNV-Azamgarh-Quarters,BOQ_23459,ARITHMETIC_FAILURE
TCIL-NVS-JNV-Azamgarh-Quarters,BOQ_23460,ARITHMETIC_FAILURE
TCIL-NVS-JNV-Azamgarh-Quarters,BOQ_23461,ARITHMETIC_FAILURE
TCIL-NVS-JNV-Azamgarh-Quarters,BOQ_23470,ARITHMETIC_FAILURE
TCIL-NVS-JNV-Azamgarh-Quarters,BOQ_23471,ARITHMETIC_FAILURE
TCIL-NVS-JNV-Azamgarh-Quarters,BOQ_23475,ARITHMETIC_FAILURE
TCIL-NVS-JNV-Azamgarh-Quarters,BOQ_23476,ARITHMETIC_FAILURE
TCIL-NVS-JNV-Azamgarh-Quarters,BOQ_23480,ARITHMETIC_FAILURE
TCIL-NVS-JNV-Azamgarh-Quarters,BOQ_23483,ARITHMETIC_FAILURE
TCIL-NVS-JNV-Azamgarh-Quarters,BOQ_23484,ARITHMETIC_FAILURE
TCIL-NVS-JNV-Azamgarh-Quarters,BOQ_23487,ARITHMETIC_FAILURE
TCIL-NVS-JNV-Azamgarh-Quarters,BOQ_23488,ARITHMETIC_FAILURE
TCIL-NVS-JNV-Azamgarh-Quarters,BOQ_23489,ARITHMETIC_FAILURE
TCIL-NVS-JNV-Azamgarh-Quarters,BOQ_23492,ARITHMETIC_FAILURE
TCIL-NVS-JNV-Azamgarh-Quarters,BOQ_23493,ARITHMETIC_FAILURE
TCIL-NVS-JNV-Azamgarh-Quarters,BOQ_23497,ARITHMETIC_FAILURE
TCIL-NVS-JNV-Azamgarh-Quarters,BOQ_23501,ARITHMETIC_FAILURE
TCIL-NVS-JNV-Azamgarh-Quarters,BOQ_23504,ARITHMETIC_FAILURE
TCIL-NVS-JNV-Azamgarh-Quarters,BOQ_23510,ARITHMETIC_FAILURE
TCIL-NVS-JNV-Azamgarh-Quarters,BOQ_23513,ARITHMETIC_FAILURE
TCIL-NVS-JNV-Azamgarh-Quarters,BOQ_23516,ARITHMETIC_FAILURE
TCIL-NVS-JNV-Azamgarh-Quarters,BOQ_23519,ARITHMETIC_FAILURE
TCIL-NVS-JNV-Azamgarh-Quarters,BOQ_23523,ARITHMETIC_FAILURE
TCIL-NVS-JNV-Azamgarh-Quarters,BOQ_23532,ARITHMETIC_FAILURE
TCIL-NVS-JNV-Azamgarh-Quarters,BOQ_23533,ARITHMETIC_FAILURE
TCIL-NVS-JNV-Azamgarh-Quarters,BOQ_23541,ARITHMETIC_FAILURE
TCIL-NVS-JNV-Azamgarh-Quarters,BOQ_23545,ARITHMETIC_FAILURE
TCIL-NVS-JNV-Azamgarh-Quarters,BOQ_23554,ARITHMETIC_FAILURE
TCIL-NVS-JNV-Azamgarh-Quarters,BOQ_23569,ARITHMETIC_FAILURE
TCIL-NVS-JNV-Azamgarh-Quarters,BOQ_23572,ARITHMETIC_FAILURE
TCIL-NVS-JNV-Azamgarh-Quarters,BOQ_23573,ARITHMETIC_FAILURE
TCIL-NVS-JNV-Azamgarh-Quarters,BOQ_23585,ARITHMETIC_FAILURE
TCIL-NVS-JNV-Azamgarh-Quarters,BOQ_23588,ARITHMETIC_FAILURE
TCIL-NVS-JNV-Azamgarh-Quarters,BOQ_23591,ARITHMETIC_FAILURE
TCIL-NVS-JNV-Azamgarh-Quarters,BOQ_23594,ARITHMETIC_FAILURE
TCIL-NVS-JNV-Azamgarh-Quarters,BOQ_23595,ARITHMETIC_FAILURE
TCIL-NVS-JNV-Azamgarh-Quarters,BOQ_23630,ARITHMETIC_FAILURE
TCIL-NVS-JNV-Azamgarh-Quarters,BOQ_23636,ARITHMETIC_FAILURE
TCIL-NVS-JNV-Azamgarh-Quarters,BOQ_23653,ARITHMETIC_FAILURE
TCIL-NVS-JNV-Azamgarh-Quarters,BOQ_23656,ARITHMETIC_FAILURE
TCIL-NVS-JNV-Azamgarh-Quarters,BOQ_23659,ARITHMETIC_FAILURE
TCIL-NVS-JNV-Azamgarh-Quarters,BOQ_23665,ARITHMETIC_FAILURE
TCIL-NVS-JNV-Azamgarh-Quarters,BOQ_23699,ARITHMETIC_FAILURE
TCIL-NVS-JNV-Azamgarh-Quarters,BOQ_23714,ARITHMETIC_FAILURE
TCIL-NVS-JNV-Azamgarh-Quarters,BOQ_23719,ARITHMETIC_FAILURE
TCIL-NVS-JNV-Azamgarh-Quarters,BOQ_23731,ARITHMETIC_FAILURE
TCIL-NVS-JNV-Azamgarh-Quarters,BOQ_23753,ARITHMETIC_FAILURE
TCIL-NVS-JNV-Azamgarh-Quarters,BOQ_23755,ARITHMETIC_FAILURE
TCIL-NVS-JNV-Azamgarh-Quarters,BOQ_23765,ARITHMETIC_FAILURE
TCIL-NVS-JNV-Azamgarh-Quarters,BOQ_23768,ARITHMETIC_FAILURE
TCIL-NVS-JNV-Azamgarh-Quarters,BOQ_23771,ARITHMETIC_FAILURE
TCIL-NVS-JNV-Azamgarh-Quarters,BOQ_23777,ARITHMETIC_FAILURE
TCIL-NVS-JNV-Azamgarh-Quarters,BOQ_23786,ARITHMETIC_FAILURE
TCIL-NVS-JNV-Azamgarh-Quarters,BOQ_23789,ARITHMETIC_FAILURE
TCIL-NVS-JNV-Azamgarh-Quarters,BOQ_23792,ARITHMETIC_FAILURE
TCIL-NVS-JNV-Azamgarh-Quarters,BOQ_23795,ARITHMETIC_FAILURE
TCIL-NVS-JNV-Azamgarh-Quarters,BOQ_23811,ARITHMETIC_FAILURE
TCIL-NVS-JNV-Azamgarh-Quarters,BOQ_23818,ARITHMETIC_FAILURE
TCIL-NVS-JNV-Azamgarh-Quarters,BOQ_23820,ARITHMETIC_FAILURE
TCIL-NVS-JNV-Azamgarh-Quarters,BOQ_23831,ARITHMETIC_FAILURE
TCIL-NVS-JNV-Azamgarh-Quarters,BOQ_23834,ARITHMETIC_FAILURE
TCIL-NVS-JNV-Azamgarh-Quarters,BOQ_23847,ARITHMETIC_FAILURE
TCIL-NVS-JNV-Azamgarh-Quarters,BOQ_23850,ARITHMETIC_FAILURE
TCIL-NVS-JNV-Azamgarh-Quarters,BOQ_23853,ARITHMETIC_FAILURE
TCIL-NVS-JNV-Azamgarh-Quarters,BOQ_23856,ARITHMETIC_FAILURE
TCIL-NVS-JNV-Azamgarh-Quarters,BOQ_23877,ARITHMETIC_FAILURE
TCIL-NVS-JNV-Azamgarh-Quarters,BOQ_23891,ARITHMETIC_FAILURE
TCIL-NVS-JNV-Azamgarh-Quarters,BOQ_23892,ARITHMETIC_FAILURE
TCIL-NVS-JNV-Azamgarh-Quarters,BOQ_23906,ARITHMETIC_FAILURE
TCIL-NVS-JNV-Azamgarh-Quarters,BOQ_23917,ARITHMETIC_FAILURE
TCIL-NVS-JNV-Azamgarh-Quarters,BOQ_23919,ARITHMETIC_FAILURE
TCIL-NVS-JNV-Azamgarh-Quarters,BOQ_23922,ARITHMETIC_FAILURE
TCIL-NVS-JNV-Azamgarh-Quarters,BOQ_23923,ARITHMETIC_FAILURE
TCIL-NVS-JNV-Azamgarh-Quarters,BOQ_23927,ARITHMETIC_FAILURE
TCIL-NVS-JNV-Azamgarh-Quarters,BOQ_23929,ARITHMETIC_FAILURE
TCIL-NVS-JNV-Azamgarh-Quarters,BOQ_23930,ARITHMETIC_FAILURE
TCIL-NVS-JNV-Azamgarh-Quarters,BOQ_23934,ARITHMETIC_FAILURE
TCIL-NVS-JNV-Azamgarh-Quarters,BOQ_23936,ARITHMETIC_FAILURE
TCIL-NVS-JNV-Azamgarh-Quarters,BOQ_23940,ARITHMETIC_FAILURE
TCIL-NVS-JNV-Azamgarh-Quarters,BOQ_23942,ARITHMETIC_FAILURE
TCIL-NVS-JNV-Azamgarh-Quarters,BOQ_23946,ARITHMETIC_FAILURE
TCIL-NVS-JNV-Azamgarh-Quarters,BOQ_23948,ARITHMETIC_FAILURE
TCIL-NVS-JNV-Azamgarh-Quarters,BOQ_23952,ARITHMETIC_FAILURE
TCIL-NVS-JNV-Azamgarh-Quarters,BOQ_23954,ARITHMETIC_FAILURE
TCIL-NVS-JNV-Azamgarh-Quarters,BOQ_23958,ARITHMETIC_FAILURE
TCIL-NVS-JNV-Azamgarh-Quarters,BOQ_23960,ARITHMETIC_FAILURE
TCIL-NVS-JNV-Azamgarh-Quarters,BOQ_23964,ARITHMETIC_FAILURE
TCIL-NVS-JNV-Azamgarh-Quarters,BOQ_23966,ARITHMETIC_FAILURE
TCIL-NVS-JNV-Azamgarh-Quarters,BOQ_23970,ARITHMETIC_FAILURE
TCIL-NVS-JNV-Azamgarh-Quarters,BOQ_23972,ARITHMETIC_FAILURE
TCIL-NVS-JNV-Azamgarh-Quarters,BOQ_23975,ARITHMETIC_FAILURE
TCIL-NVS-JNV-Azamgarh-Quarters,BOQ_23976,ARITHMETIC_FAILURE
TCIL-NVS-JNV-Azamgarh-Quarters,BOQ_23979,ARITHMETIC_FAILURE
TCIL-NVS-JNV-Azamgarh-Quarters,BOQ_23980,ARITHMETIC_FAILURE
TCIL-NVS-JNV-Azamgarh-Quarters,BOQ_23984,ARITHMETIC_FAILURE
TCIL-NVS-JNV-Azamgarh-Quarters,BOQ_23986,ARITHMETIC_FAILURE
TCIL-NVS-JNV-Azamgarh-Quarters,BOQ_23988,ARITHMETIC_FAILURE
TCIL-NVS-JNV-Azamgarh-Quarters,BOQ_23991,ARITHMETIC_FAILURE
TCIL-NVS-JNV-Azamgarh-Quarters,BOQ_23992,ARITHMETIC_FAILURE
TCIL-NVS-JNV-Azamgarh-Quarters,BOQ_23995,ARITHMETIC_FAILURE
TCIL-NVS-JNV-Azamgarh-Quarters,BOQ_23998,ARITHMETIC_FAILURE
TCIL-NVS-JNV-Azamgarh-Quarters,BOQ_24000,ARITHMETIC_FAILURE
TCIL-NVS-JNV-Azamgarh-Quarters,BOQ_24003,ARITHMETIC_FAILURE
TCIL-NVS-JNV-Azamgarh-Quarters,BOQ_24007,ARITHMETIC_FAILURE
TCIL-NVS-JNV-Azamgarh-Quarters,BOQ_24016,ARITHMETIC_FAILURE
TCIL-NVS-JNV-Azamgarh-Quarters,BOQ_24017,ARITHMETIC_FAILURE
TCIL-NVS-JNV-Azamgarh-Quarters,BOQ_24019,ARITHMETIC_FAILURE
TCIL-NVS-JNV-Azamgarh-Quarters,BOQ_24022,ARITHMETIC_FAILURE
TCIL-NVS-JNV-Azamgarh-Quarters,BOQ_24023,ARITHMETIC_FAILURE
TCIL-NVS-JNV-Azamgarh-Quarters,BOQ_24027,ARITHMETIC_FAILURE
TCIL-NVS-JNV-Azamgarh-Quarters,BOQ_24030,ARITHMETIC_FAILURE
TCIL-NVS-JNV-Azamgarh-Quarters,BOQ_24031,ARITHMETIC_FAILURE
TCIL-NVS-JNV-Azamgarh-Quarters,BOQ_24034,ARITHMETIC_FAILURE
TCIL-NVS-JNV-Azamgarh-Quarters,BOQ_24035,ARITHMETIC_FAILURE
TCIL-NVS-JNV-Azamgarh-Quarters,BOQ_24036,ARITHMETIC_FAILURE
TCIL-NVS-JNV-Azamgarh-Quarters,BOQ_24039,ARITHMETIC_FAILURE
TCIL-NVS-JNV-Azamgarh-Quarters,BOQ_24043,ARITHMETIC_FAILURE
TCIL-NVS-JNV-Azamgarh-Quarters,BOQ_24047,ARITHMETIC_FAILURE
TCIL-NVS-JNV-Azamgarh-Quarters,BOQ_24050,ARITHMETIC_FAILURE
TCIL-NVS-JNV-Azamgarh-Quarters,BOQ_24056,ARITHMETIC_FAILURE
TCIL-NVS-JNV-Azamgarh-Quarters,BOQ_24059,ARITHMETIC_FAILURE
TCIL-NVS-JNV-Azamgarh-Quarters,BOQ_24061,ARITHMETIC_FAILURE
TCIL-NVS-JNV-Azamgarh-Quarters,BOQ_24063,ARITHMETIC_FAILURE
TCIL-NVS-JNV-Azamgarh-Quarters,BOQ_24066,ARITHMETIC_FAILURE
TCIL-NVS-JNV-Azamgarh-Quarters,BOQ_24070,ARITHMETIC_FAILURE
TCIL-NVS-JNV-Azamgarh-Quarters,BOQ_24084,ARITHMETIC_FAILURE
TCIL-NVS-JNV-Azamgarh-Quarters,BOQ_24087,ARITHMETIC_FAILURE
TCIL-NVS-JNV-Azamgarh-Quarters,BOQ_24111,ARITHMETIC_FAILURE
TCIL-NVS-JNV-Azamgarh-Quarters,BOQ_24117,ARITHMETIC_FAILURE
TCIL-NVS-JNV-Azamgarh-Quarters,BOQ_24134,ARITHMETIC_FAILURE
TCIL-NVS-JNV-Azamgarh-Quarters,BOQ_24137,ARITHMETIC_FAILURE
TCIL-NVS-JNV-Azamgarh-Quarters,BOQ_24140,ARITHMETIC_FAILURE
TCIL-NVS-JNV-Azamgarh-Quarters,BOQ_24146,ARITHMETIC_FAILURE
TCIL-NVS-JNV-Azamgarh-Quarters,BOQ_24167,ARITHMETIC_FAILURE
TCIL-NVS-JNV-Azamgarh-Quarters,BOQ_24276,ARITHMETIC_FAILURE
TCIL-NVS-JNV-Azamgarh-Quarters,BOQ_24282,ARITHMETIC_FAILURE
TCIL-NVS-JNV-Azamgarh-Quarters,BOQ_24293,ARITHMETIC_FAILURE
TCIL-NVS-JNV-Azamgarh-Quarters,BOQ_24296,ARITHMETIC_FAILURE
TCIL-NVS-JNV-Azamgarh-Quarters,BOQ_24303,ARITHMETIC_FAILURE
TCIL-NVS-JNV-Azamgarh-Quarters,BOQ_24316,ARITHMETIC_FAILURE
TCIL-NVS-JNV-Azamgarh-Quarters,BOQ_24318,ARITHMETIC_FAILURE
TCIL-NVS-JNV-Azamgarh-Quarters,BOQ_24328,ARITHMETIC_FAILURE
TCIL-NVS-JNV-Azamgarh-Quarters,BOQ_24331,ARITHMETIC_FAILURE
TCIL-NVS-JNV-Azamgarh-Quarters,BOQ_24365,ARITHMETIC_FAILURE
TCIL-NVS-JNV-Azamgarh-Quarters,BOQ_24370,ARITHMETIC_FAILURE
TCIL-NVS-JNV-Azamgarh-Quarters,BOQ_24379,ARITHMETIC_FAILURE
TCIL-NVS-JNV-Azamgarh-Quarters,BOQ_24382,ARITHMETIC_FAILURE
TCIL-NVS-JNV-Azamgarh-Quarters,BOQ_24403,ARITHMETIC_FAILURE
TCIL-NVS-JNV-Azamgarh-Quarters,BOQ_24406,ARITHMETIC_FAILURE
TCIL-NVS-JNV-Azamgarh-Quarters,BOQ_24409,ARITHMETIC_FAILURE
TCIL-NVS-JNV-Azamgarh-Quarters,BOQ_24427,ARITHMETIC_FAILURE
TCIL-NVS-JNV-Azamgarh-Quarters,BOQ_24435,ARITHMETIC_FAILURE
TCIL-NVS-JNV-Azamgarh-Quarters,BOQ_24438,ARITHMETIC_FAILURE
TCIL-NVS-JNV-Azamgarh-Quarters,BOQ_24441,ARITHMETIC_FAILURE
TCIL-NVS-JNV-Azamgarh-Quarters,BOQ_24448,ARITHMETIC_FAILURE
TCIL-NVS-JNV-Azamgarh-Quarters,BOQ_24452,ARITHMETIC_FAILURE
TCIL-NVS-JNV-Azamgarh-Quarters,BOQ_24457,ARITHMETIC_FAILURE
TCIL-NVS-JNV-Azamgarh-Quarters,BOQ_24470,ARITHMETIC_FAILURE
TCIL-NVS-JNV-Azamgarh-Quarters,BOQ_24474,ARITHMETIC_FAILURE
TCIL-NVS-JNV-Azamgarh-Quarters,BOQ_24481,ARITHMETIC_FAILURE
TCIL-NVS-JNV-Azamgarh-Quarters,BOQ_24483,ARITHMETIC_FAILURE
TCIL-NVS-JNV-Azamgarh-Quarters,BOQ_24486,ARITHMETIC_FAILURE
TCIL-NVS-JNV-Azamgarh-Quarters,BOQ_24487,ARITHMETIC_FAILURE
TCIL-NVS-JNV-Azamgarh-Quarters,BOQ_24491,ARITHMETIC_FAILURE
TCIL-NVS-JNV-Azamgarh-Quarters,BOQ_24493,ARITHMETIC_FAILURE
TCIL-NVS-JNV-Azamgarh-Quarters,BOQ_24497,ARITHMETIC_FAILURE
TCIL-NVS-JNV-Azamgarh-Quarters,BOQ_24499,ARITHMETIC_FAILURE
TCIL-NVS-JNV-Azamgarh-Quarters,BOQ_24503,ARITHMETIC_FAILURE
TCIL-NVS-JNV-Azamgarh-Quarters,BOQ_24504,ARITHMETIC_FAILURE
TCIL-NVS-JNV-Azamgarh-Quarters,BOQ_24506,ARITHMETIC_FAILURE
TCIL-NVS-JNV-Azamgarh-Quarters,BOQ_24510,ARITHMETIC_FAILURE
TCIL-NVS-JNV-Azamgarh-Quarters,BOQ_24512,ARITHMETIC_FAILURE
TCIL-NVS-JNV-Azamgarh-Quarters,BOQ_24516,ARITHMETIC_FAILURE
TCIL-NVS-JNV-Azamgarh-Quarters,BOQ_24518,ARITHMETIC_FAILURE
TCIL-NVS-JNV-Azamgarh-Quarters,BOQ_24522,ARITHMETIC_FAILURE
TCIL-NVS-JNV-Azamgarh-Quarters,BOQ_24524,ARITHMETIC_FAILURE
TCIL-NVS-JNV-Azamgarh-Quarters,BOQ_24528,ARITHMETIC_FAILURE
TCIL-NVS-JNV-Azamgarh-Quarters,BOQ_24530,ARITHMETIC_FAILURE
TCIL-NVS-JNV-Azamgarh-Quarters,BOQ_24534,ARITHMETIC_FAILURE
TCIL-NVS-JNV-Azamgarh-Quarters,BOQ_24536,ARITHMETIC_FAILURE
TCIL-NVS-JNV-Azamgarh-Quarters,BOQ_24539,ARITHMETIC_FAILURE
TCIL-NVS-JNV-Azamgarh-Quarters,BOQ_24540,ARITHMETIC_FAILURE
TCIL-NVS-JNV-Azamgarh-Quarters,BOQ_24543,ARITHMETIC_FAILURE
TCIL-NVS-JNV-Azamgarh-Quarters,BOQ_24544,ARITHMETIC_FAILURE
TCIL-NVS-JNV-Azamgarh-Quarters,BOQ_24548,ARITHMETIC_FAILURE
TCIL-NVS-JNV-Azamgarh-Quarters,BOQ_24551,ARITHMETIC_FAILURE
TCIL-NVS-JNV-Azamgarh-Quarters,BOQ_24554,ARITHMETIC_FAILURE
TCIL-NVS-JNV-Azamgarh-Quarters,BOQ_24555,ARITHMETIC_FAILURE
TCIL-NVS-JNV-Azamgarh-Quarters,BOQ_24558,ARITHMETIC_FAILURE
TCIL-NVS-JNV-Azamgarh-Quarters,BOQ_24561,ARITHMETIC_FAILURE
TCIL-NVS-JNV-Azamgarh-Quarters,BOQ_24562,ARITHMETIC_FAILURE
TCIL-NVS-JNV-Azamgarh-Quarters,BOQ_24564,ARITHMETIC_FAILURE
TCIL-NVS-JNV-Azamgarh-Quarters,BOQ_24567,ARITHMETIC_FAILURE
TCIL-NVS-JNV-Azamgarh-Quarters,BOQ_24571,ARITHMETIC_FAILURE
TCIL-NVS-JNV-Azamgarh-Quarters,BOQ_24572,ARITHMETIC_FAILURE
TCIL-NVS-JNV-Azamgarh-Quarters,BOQ_24573,ARITHMETIC_FAILURE
TCIL-NVS-JNV-Azamgarh-Quarters,BOQ_24582,ARITHMETIC_FAILURE
TCIL-NVS-JNV-Azamgarh-Quarters,BOQ_24583,ARITHMETIC_FAILURE
TCIL-NVS-JNV-Azamgarh-Quarters,BOQ_24587,ARITHMETIC_FAILURE
TCIL-NVS-JNV-Azamgarh-Quarters,BOQ_24588,ARITHMETIC_FAILURE
TCIL-NVS-JNV-Azamgarh-Quarters,BOQ_24592,ARITHMETIC_FAILURE
TCIL-NVS-JNV-Azamgarh-Quarters,BOQ_24595,ARITHMETIC_FAILURE
TCIL-NVS-JNV-Azamgarh-Quarters,BOQ_24596,ARITHMETIC_FAILURE
TCIL-NVS-JNV-Azamgarh-Quarters,BOQ_24599,ARITHMETIC_FAILURE
TCIL-NVS-JNV-Azamgarh-Quarters,BOQ_24600,ARITHMETIC_FAILURE
TCIL-NVS-JNV-Azamgarh-Quarters,BOQ_24601,ARITHMETIC_FAILURE
TCIL-NVS-JNV-Azamgarh-Quarters,BOQ_24604,ARITHMETIC_FAILURE
TCIL-NVS-JNV-Azamgarh-Quarters,BOQ_24605,ARITHMETIC_FAILURE
TCIL-NVS-JNV-Azamgarh-Quarters,BOQ_24609,ARITHMETIC_FAILURE
TCIL-NVS-JNV-Azamgarh-Quarters,BOQ_24613,ARITHMETIC_FAILURE
TCIL-NVS-JNV-Azamgarh-Quarters,BOQ_24616,ARITHMETIC_FAILURE
TCIL-NVS-JNV-Azamgarh-Quarters,BOQ_24622,ARITHMETIC_FAILURE
TCIL-NVS-JNV-Azamgarh-Quarters,BOQ_24625,ARITHMETIC_FAILURE
TCIL-NVS-JNV-Azamgarh-Quarters,BOQ_24628,ARITHMETIC_FAILURE
TCIL-NVS-JNV-Azamgarh-Quarters,BOQ_24631,ARITHMETIC_FAILURE
TCIL-NVS-JNV-Azamgarh-Quarters,BOQ_24635,ARITHMETIC_FAILURE
TCIL-NVS-JNV-Azamgarh-Quarters,BOQ_24644,ARITHMETIC_FAILURE
TCIL-NVS-JNV-Azamgarh-Quarters,BOQ_24645,ARITHMETIC_FAILURE
TCIL-NVS-JNV-Azamgarh-Quarters,BOQ_24653,ARITHMETIC_FAILURE
TCIL-NVS-JNV-Azamgarh-Quarters,BOQ_24657,ARITHMETIC_FAILURE
TCIL-NVS-JNV-Azamgarh-Quarters,BOQ_24666,ARITHMETIC_FAILURE
TCIL-NVS-JNV-Azamgarh-Quarters,BOQ_24681,ARITHMETIC_FAILURE
TCIL-NVS-JNV-Azamgarh-Quarters,BOQ_24684,ARITHMETIC_FAILURE
TCIL-NVS-JNV-Azamgarh-Quarters,BOQ_24685,ARITHMETIC_FAILURE
TCIL-NVS-JNV-Azamgarh-Quarters,BOQ_24697,ARITHMETIC_FAILURE
TCIL-NVS-JNV-Azamgarh-Quarters,BOQ_24700,ARITHMETIC_FAILURE
TCIL-NVS-JNV-Azamgarh-Quarters,BOQ_24703,ARITHMETIC_FAILURE
TCIL-NVS-JNV-Azamgarh-Quarters,BOQ_24706,ARITHMETIC_FAILURE
TCIL-NVS-JNV-Azamgarh-Quarters,BOQ_24707,ARITHMETIC_FAILURE
TCIL-NVS-JNV-Azamgarh-Quarters,BOQ_24742,ARITHMETIC_FAILURE
TCIL-NVS-JNV-Azamgarh-Quarters,BOQ_24748,ARITHMETIC_FAILURE
TCIL-NVS-JNV-Azamgarh-Quarters,BOQ_24765,ARITHMETIC_FAILURE
TCIL-NVS-JNV-Azamgarh-Quarters,BOQ_24768,ARITHMETIC_FAILURE
TCIL-NVS-JNV-Azamgarh-Quarters,BOQ_24771,ARITHMETIC_FAILURE
TCIL-NVS-JNV-Azamgarh-Quarters,BOQ_24777,ARITHMETIC_FAILURE
TCIL-NVS-JNV-Azamgarh-Quarters,BOQ_24811,ARITHMETIC_FAILURE
TCIL-NVS-JNV-Azamgarh-Quarters,BOQ_24826,ARITHMETIC_FAILURE
TCIL-NVS-JNV-Azamgarh-Quarters,BOQ_24831,ARITHMETIC_FAILURE
TCIL-NVS-JNV-Azamgarh-Quarters,BOQ_24843,ARITHMETIC_FAILURE
TCIL-NVS-JNV-Azamgarh-Quarters,BOQ_24865,ARITHMETIC_FAILURE
TCIL-NVS-JNV-Azamgarh-Quarters,BOQ_24867,ARITHMETIC_FAILURE
TCIL-NVS-JNV-Azamgarh-Quarters,BOQ_24877,ARITHMETIC_FAILURE
TCIL-NVS-JNV-Azamgarh-Quarters,BOQ_24880,ARITHMETIC_FAILURE
TCIL-NVS-JNV-Azamgarh-Quarters,BOQ_24883,ARITHMETIC_FAILURE
TCIL-NVS-JNV-Azamgarh-Quarters,BOQ_24889,ARITHMETIC_FAILURE
TCIL-NVS-JNV-Azamgarh-Quarters,BOQ_24898,ARITHMETIC_FAILURE
TCIL-NVS-JNV-Azamgarh-Quarters,BOQ_24901,ARITHMETIC_FAILURE
TCIL-NVS-JNV-Azamgarh-Quarters,BOQ_24904,ARITHMETIC_FAILURE
TCIL-NVS-JNV-Azamgarh-Quarters,BOQ_24907,ARITHMETIC_FAILURE
TCIL-NVS-JNV-Azamgarh-Quarters,BOQ_24923,ARITHMETIC_FAILURE
TCIL-NVS-JNV-Azamgarh-Quarters,BOQ_24930,ARITHMETIC_FAILURE
TCIL-NVS-JNV-Azamgarh-Quarters,BOQ_24932,ARITHMETIC_FAILURE
TCIL-NVS-JNV-Azamgarh-Quarters,BOQ_24943,ARITHMETIC_FAILURE
TCIL-NVS-JNV-Azamgarh-Quarters,BOQ_24946,ARITHMETIC_FAILURE
TCIL-NVS-JNV-Azamgarh-Quarters,BOQ_24959,ARITHMETIC_FAILURE
TCIL-NVS-JNV-Azamgarh-Quarters,BOQ_24962,ARITHMETIC_FAILURE
TCIL-NVS-JNV-Azamgarh-Quarters,BOQ_24965,ARITHMETIC_FAILURE
TCIL-NVS-JNV-Azamgarh-Quarters,BOQ_24968,ARITHMETIC_FAILURE
TCIL-NVS-JNV-Azamgarh-Quarters,BOQ_24989,ARITHMETIC_FAILURE
TCIL-NVS-JNV-Azamgarh-Quarters,BOQ_25003,ARITHMETIC_FAILURE
TCIL-NVS-JNV-Azamgarh-Quarters,BOQ_25004,ARITHMETIC_FAILURE
TCIL-NVS-JNV-Azamgarh-Quarters,BOQ_25018,ARITHMETIC_FAILURE
TCIL-NVS-JNV-Azamgarh-Quarters,BOQ_25029,ARITHMETIC_FAILURE
TCIL-NVS-JNV-Azamgarh-Quarters,BOQ_25031,ARITHMETIC_FAILURE
TCIL-NVS-JNV-Azamgarh-Quarters,BOQ_25034,ARITHMETIC_FAILURE
TCIL-NVS-JNV-Azamgarh-Quarters,BOQ_25035,ARITHMETIC_FAILURE
TCIL-NVS-JNV-Azamgarh-Quarters,BOQ_25039,ARITHMETIC_FAILURE
TCIL-NVS-JNV-Azamgarh-Quarters,BOQ_25041,ARITHMETIC_FAILURE
TCIL-NVS-JNV-Azamgarh-Quarters,BOQ_25042,ARITHMETIC_FAILURE
TCIL-NVS-JNV-Azamgarh-Quarters,BOQ_25046,ARITHMETIC_FAILURE
TCIL-NVS-JNV-Azamgarh-Quarters,BOQ_25048,ARITHMETIC_FAILURE
TCIL-NVS-JNV-Azamgarh-Quarters,BOQ_25052,ARITHMETIC_FAILURE
TCIL-NVS-JNV-Azamgarh-Quarters,BOQ_25054,ARITHMETIC_FAILURE
TCIL-NVS-JNV-Azamgarh-Quarters,BOQ_25058,ARITHMETIC_FAILURE
TCIL-NVS-JNV-Azamgarh-Quarters,BOQ_25060,ARITHMETIC_FAILURE
TCIL-NVS-JNV-Azamgarh-Quarters,BOQ_25064,ARITHMETIC_FAILURE
TCIL-NVS-JNV-Azamgarh-Quarters,BOQ_25066,ARITHMETIC_FAILURE
TCIL-NVS-JNV-Azamgarh-Quarters,BOQ_25070,ARITHMETIC_FAILURE
TCIL-NVS-JNV-Azamgarh-Quarters,BOQ_25072,ARITHMETIC_FAILURE
TCIL-NVS-JNV-Azamgarh-Quarters,BOQ_25076,ARITHMETIC_FAILURE
TCIL-NVS-JNV-Azamgarh-Quarters,BOQ_25078,ARITHMETIC_FAILURE
TCIL-NVS-JNV-Azamgarh-Quarters,BOQ_25082,ARITHMETIC_FAILURE
TCIL-NVS-JNV-Azamgarh-Quarters,BOQ_25084,ARITHMETIC_FAILURE
TCIL-NVS-JNV-Azamgarh-Quarters,BOQ_25087,ARITHMETIC_FAILURE
TCIL-NVS-JNV-Azamgarh-Quarters,BOQ_25088,ARITHMETIC_FAILURE
TCIL-NVS-JNV-Azamgarh-Quarters,BOQ_25091,ARITHMETIC_FAILURE
TCIL-NVS-JNV-Azamgarh-Quarters,BOQ_25092,ARITHMETIC_FAILURE
TCIL-NVS-JNV-Azamgarh-Quarters,BOQ_25096,ARITHMETIC_FAILURE
TCIL-NVS-JNV-Azamgarh-Quarters,BOQ_25098,ARITHMETIC_FAILURE
TCIL-NVS-JNV-Azamgarh-Quarters,BOQ_25100,ARITHMETIC_FAILURE
TCIL-NVS-JNV-Azamgarh-Quarters,BOQ_25103,ARITHMETIC_FAILURE
TCIL-NVS-JNV-Azamgarh-Quarters,BOQ_25104,ARITHMETIC_FAILURE
TCIL-NVS-JNV-Azamgarh-Quarters,BOQ_25107,ARITHMETIC_FAILURE
TCIL-NVS-JNV-Azamgarh-Quarters,BOQ_25110,ARITHMETIC_FAILURE
TCIL-NVS-JNV-Azamgarh-Quarters,BOQ_25112,ARITHMETIC_FAILURE
TCIL-NVS-JNV-Azamgarh-Quarters,BOQ_25115,ARITHMETIC_FAILURE
TCIL-NVS-JNV-Azamgarh-Quarters,BOQ_25119,ARITHMETIC_FAILURE
TCIL-NVS-JNV-Azamgarh-Quarters,BOQ_25128,ARITHMETIC_FAILURE
TCIL-NVS-JNV-Azamgarh-Quarters,BOQ_25129,ARITHMETIC_FAILURE
TCIL-NVS-JNV-Azamgarh-Quarters,BOQ_25131,ARITHMETIC_FAILURE
TCIL-NVS-JNV-Azamgarh-Quarters,BOQ_25134,ARITHMETIC_FAILURE
TCIL-NVS-JNV-Azamgarh-Quarters,BOQ_25135,ARITHMETIC_FAILURE
TCIL-NVS-JNV-Azamgarh-Quarters,BOQ_25139,ARITHMETIC_FAILURE
TCIL-NVS-JNV-Azamgarh-Quarters,BOQ_25142,ARITHMETIC_FAILURE
TCIL-NVS-JNV-Azamgarh-Quarters,BOQ_25143,ARITHMETIC_FAILURE
TCIL-NVS-JNV-Azamgarh-Quarters,BOQ_25146,ARITHMETIC_FAILURE
TCIL-NVS-JNV-Azamgarh-Quarters,BOQ_25147,ARITHMETIC_FAILURE
TCIL-NVS-JNV-Azamgarh-Quarters,BOQ_25148,ARITHMETIC_FAILURE
TCIL-NVS-JNV-Azamgarh-Quarters,BOQ_25151,ARITHMETIC_FAILURE
TCIL-NVS-JNV-Azamgarh-Quarters,BOQ_25155,ARITHMETIC_FAILURE
TCIL-NVS-JNV-Azamgarh-Quarters,BOQ_25159,ARITHMETIC_FAILURE
TCIL-NVS-JNV-Azamgarh-Quarters,BOQ_25162,ARITHMETIC_FAILURE
TCIL-NVS-JNV-Azamgarh-Quarters,BOQ_25168,ARITHMETIC_FAILURE
TCIL-NVS-JNV-Azamgarh-Quarters,BOQ_25171,ARITHMETIC_FAILURE
TCIL-NVS-JNV-Azamgarh-Quarters,BOQ_25173,ARITHMETIC_FAILURE
TCIL-NVS-JNV-Azamgarh-Quarters,BOQ_25175,ARITHMETIC_FAILURE
TCIL-NVS-JNV-Azamgarh-Quarters,BOQ_25178,ARITHMETIC_FAILURE
TCIL-NVS-JNV-Azamgarh-Quarters,BOQ_25182,ARITHMETIC_FAILURE
TCIL-NVS-JNV-Azamgarh-Quarters,BOQ_25196,ARITHMETIC_FAILURE
TCIL-NVS-JNV-Azamgarh-Quarters,BOQ_25199,ARITHMETIC_FAILURE
TCIL-NVS-JNV-Azamgarh-Quarters,BOQ_25223,ARITHMETIC_FAILURE
TCIL-NVS-JNV-Azamgarh-Quarters,BOQ_25229,ARITHMETIC_FAILURE
TCIL-NVS-JNV-Azamgarh-Quarters,BOQ_25246,ARITHMETIC_FAILURE
TCIL-NVS-JNV-Azamgarh-Quarters,BOQ_25249,ARITHMETIC_FAILURE
TCIL-NVS-JNV-Azamgarh-Quarters,BOQ_25252,ARITHMETIC_FAILURE
TCIL-NVS-JNV-Azamgarh-Quarters,BOQ_25258,ARITHMETIC_FAILURE
TCIL-NVS-JNV-Azamgarh-Quarters,BOQ_25279,ARITHMETIC_FAILURE
TCIL-NVS-JNV-Azamgarh-Quarters,BOQ_25388,ARITHMETIC_FAILURE
TCIL-NVS-JNV-Azamgarh-Quarters,BOQ_25394,ARITHMETIC_FAILURE
TCIL-NVS-JNV-Azamgarh-Quarters,BOQ_25405,ARITHMETIC_FAILURE
TCIL-NVS-JNV-Azamgarh-Quarters,BOQ_25408,ARITHMETIC_FAILURE
TCIL-NVS-JNV-Azamgarh-Quarters,BOQ_25415,ARITHMETIC_FAILURE
TCIL-NVS-JNV-Azamgarh-Quarters,BOQ_25428,ARITHMETIC_FAILURE
TCIL-NVS-JNV-Azamgarh-Quarters,BOQ_25430,ARITHMETIC_FAILURE
TCIL-NVS-JNV-Azamgarh-Quarters,BOQ_25440,ARITHMETIC_FAILURE
TCIL-NVS-JNV-Azamgarh-Quarters,BOQ_25443,ARITHMETIC_FAILURE
TCIL-NVS-JNV-Azamgarh-Quarters,BOQ_25477,ARITHMETIC_FAILURE
TCIL-NVS-JNV-Azamgarh-Quarters,BOQ_25482,ARITHMETIC_FAILURE
TCIL-NVS-JNV-Azamgarh-Quarters,BOQ_25491,ARITHMETIC_FAILURE
TCIL-NVS-JNV-Azamgarh-Quarters,BOQ_25494,ARITHMETIC_FAILURE
TCIL-NVS-JNV-Azamgarh-Quarters,BOQ_25515,ARITHMETIC_FAILURE
TCIL-NVS-JNV-Azamgarh-Quarters,BOQ_25518,ARITHMETIC_FAILURE
TCIL-NVS-JNV-Azamgarh-Quarters,BOQ_25521,ARITHMETIC_FAILURE
TCIL-NVS-JNV-Azamgarh-Quarters,BOQ_25539,ARITHMETIC_FAILURE
TCIL-NVS-JNV-Azamgarh-Quarters,BOQ_25547,ARITHMETIC_FAILURE
TCIL-NVS-JNV-Azamgarh-Quarters,BOQ_25550,ARITHMETIC_FAILURE
TCIL-NVS-JNV-Azamgarh-Quarters,BOQ_25553,ARITHMETIC_FAILURE
TCIL-NVS-JNV-Azamgarh-Quarters,BOQ_25560,ARITHMETIC_FAILURE
TCIL-NVS-JNV-Azamgarh-Quarters,BOQ_25564,ARITHMETIC_FAILURE
TCIL-NVS-JNV-Azamgarh-Quarters,BOQ_25569,ARITHMETIC_FAILURE
TCIL-NVS-JNV-Azamgarh-Quarters,BOQ_25582,ARITHMETIC_FAILURE
TCIL-NVS-JNV-Azamgarh-Quarters,BOQ_25586,ARITHMETIC_FAILURE
TCIL-NVS-JNV-Azamgarh-Quarters,BOQ_25593,ARITHMETIC_FAILURE
TCIL-NVS-JNV-Azamgarh-Quarters,BOQ_25595,ARITHMETIC_FAILURE
TCIL-NVS-JNV-Azamgarh-Quarters,BOQ_25598,ARITHMETIC_FAILURE
TCIL-NVS-JNV-Azamgarh-Quarters,BOQ_25599,ARITHMETIC_FAILURE
TCIL-NVS-JNV-Azamgarh-Quarters,BOQ_25603,ARITHMETIC_FAILURE
TCIL-NVS-JNV-Azamgarh-Quarters,BOQ_25605,ARITHMETIC_FAILURE
TCIL-NVS-JNV-Azamgarh-Quarters,BOQ_25609,ARITHMETIC_FAILURE
TCIL-NVS-JNV-Azamgarh-Quarters,BOQ_25611,ARITHMETIC_FAILURE
TCIL-NVS-JNV-Azamgarh-Quarters,BOQ_25615,ARITHMETIC_FAILURE
TCIL-NVS-JNV-Azamgarh-Quarters,BOQ_25616,ARITHMETIC_FAILURE
TCIL-NVS-JNV-Azamgarh-Quarters,BOQ_25618,ARITHMETIC_FAILURE
TCIL-NVS-JNV-Azamgarh-Quarters,BOQ_25622,ARITHMETIC_FAILURE
TCIL-NVS-JNV-Azamgarh-Quarters,BOQ_25624,ARITHMETIC_FAILURE
TCIL-NVS-JNV-Azamgarh-Quarters,BOQ_25628,ARITHMETIC_FAILURE
TCIL-NVS-JNV-Azamgarh-Quarters,BOQ_25630,ARITHMETIC_FAILURE
TCIL-NVS-JNV-Azamgarh-Quarters,BOQ_25634,ARITHMETIC_FAILURE
TCIL-NVS-JNV-Azamgarh-Quarters,BOQ_25636,ARITHMETIC_FAILURE
TCIL-NVS-JNV-Azamgarh-Quarters,BOQ_25640,ARITHMETIC_FAILURE
TCIL-NVS-JNV-Azamgarh-Quarters,BOQ_25642,ARITHMETIC_FAILURE
TCIL-NVS-JNV-Azamgarh-Quarters,BOQ_25646,ARITHMETIC_FAILURE
TCIL-NVS-JNV-Azamgarh-Quarters,BOQ_25648,ARITHMETIC_FAILURE
TCIL-NVS-JNV-Azamgarh-Quarters,BOQ_25651,ARITHMETIC_FAILURE
TCIL-NVS-JNV-Azamgarh-Quarters,BOQ_25652,ARITHMETIC_FAILURE
TCIL-NVS-JNV-Azamgarh-Quarters,BOQ_25655,ARITHMETIC_FAILURE
TCIL-NVS-JNV-Azamgarh-Quarters,BOQ_25656,ARITHMETIC_FAILURE
TCIL-NVS-JNV-Azamgarh-Quarters,BOQ_25660,ARITHMETIC_FAILURE
TCIL-NVS-JNV-Azamgarh-Quarters,BOQ_25663,ARITHMETIC_FAILURE
TCIL-NVS-JNV-Azamgarh-Quarters,BOQ_25666,ARITHMETIC_FAILURE
TCIL-NVS-JNV-Azamgarh-Quarters,BOQ_25667,ARITHMETIC_FAILURE
TCIL-NVS-JNV-Azamgarh-Quarters,BOQ_25670,ARITHMETIC_FAILURE
TCIL-NVS-JNV-Azamgarh-Quarters,BOQ_25673,ARITHMETIC_FAILURE
TCIL-NVS-JNV-Azamgarh-Quarters,BOQ_25674,ARITHMETIC_FAILURE
TCIL-NVS-JNV-Azamgarh-Quarters,BOQ_25676,ARITHMETIC_FAILURE
TCIL-NVS-JNV-Azamgarh-Quarters,BOQ_25679,ARITHMETIC_FAILURE
TCIL-NVS-JNV-Azamgarh-Quarters,BOQ_25683,ARITHMETIC_FAILURE
TCIL-NVS-JNV-Azamgarh-Quarters,BOQ_25684,ARITHMETIC_FAILURE
TCIL-NVS-JNV-Azamgarh-Quarters,BOQ_25685,ARITHMETIC_FAILURE
TCIL-NVS-JNV-Azamgarh-Quarters,BOQ_25694,ARITHMETIC_FAILURE
TCIL-NVS-JNV-Azamgarh-Quarters,BOQ_25695,ARITHMETIC_FAILURE
TCIL-NVS-JNV-Azamgarh-Quarters,BOQ_25699,ARITHMETIC_FAILURE
TCIL-NVS-JNV-Azamgarh-Quarters,BOQ_25700,ARITHMETIC_FAILURE
TCIL-NVS-JNV-Azamgarh-Quarters,BOQ_25704,ARITHMETIC_FAILURE
TCIL-NVS-JNV-Azamgarh-Quarters,BOQ_25707,ARITHMETIC_FAILURE
TCIL-NVS-JNV-Azamgarh-Quarters,BOQ_25708,ARITHMETIC_FAILURE
TCIL-NVS-JNV-Azamgarh-Quarters,BOQ_25711,ARITHMETIC_FAILURE
TCIL-NVS-JNV-Azamgarh-Quarters,BOQ_25712,ARITHMETIC_FAILURE
TCIL-NVS-JNV-Azamgarh-Quarters,BOQ_25713,ARITHMETIC_FAILURE
TCIL-NVS-JNV-Azamgarh-Quarters,BOQ_25716,ARITHMETIC_FAILURE
TCIL-NVS-JNV-Azamgarh-Quarters,BOQ_25717,ARITHMETIC_FAILURE
TCIL-NVS-JNV-Azamgarh-Quarters,BOQ_25721,ARITHMETIC_FAILURE
TCIL-NVS-JNV-Azamgarh-Quarters,BOQ_25725,ARITHMETIC_FAILURE
TCIL-NVS-JNV-Azamgarh-Quarters,BOQ_25728,ARITHMETIC_FAILURE
TCIL-NVS-JNV-Azamgarh-Quarters,BOQ_25734,ARITHMETIC_FAILURE
TCIL-NVS-JNV-Azamgarh-Quarters,BOQ_25737,ARITHMETIC_FAILURE
TCIL-NVS-JNV-Azamgarh-Quarters,BOQ_25740,ARITHMETIC_FAILURE
TCIL-NVS-JNV-Azamgarh-Quarters,BOQ_25743,ARITHMETIC_FAILURE
TCIL-NVS-JNV-Azamgarh-Quarters,BOQ_25747,ARITHMETIC_FAILURE
TCIL-NVS-JNV-Azamgarh-Quarters,BOQ_25756,ARITHMETIC_FAILURE
TCIL-NVS-JNV-Azamgarh-Quarters,BOQ_25757,ARITHMETIC_FAILURE
TCIL-NVS-JNV-Azamgarh-Quarters,BOQ_25765,ARITHMETIC_FAILURE
TCIL-NVS-JNV-Azamgarh-Quarters,BOQ_25769,ARITHMETIC_FAILURE
TCIL-NVS-JNV-Azamgarh-Quarters,BOQ_25778,ARITHMETIC_FAILURE
TCIL-NVS-JNV-Azamgarh-Quarters,BOQ_25793,ARITHMETIC_FAILURE
TCIL-NVS-JNV-Azamgarh-Quarters,BOQ_25796,ARITHMETIC_FAILURE
TCIL-NVS-JNV-Azamgarh-Quarters,BOQ_25797,ARITHMETIC_FAILURE
TCIL-NVS-JNV-Azamgarh-Quarters,BOQ_25809,ARITHMETIC_FAILURE
TCIL-NVS-JNV-Azamgarh-Quarters,BOQ_25812,ARITHMETIC_FAILURE
TCIL-NVS-JNV-Azamgarh-Quarters,BOQ_25815,ARITHMETIC_FAILURE
TCIL-NVS-JNV-Azamgarh-Quarters,BOQ_25818,ARITHMETIC_FAILURE
TCIL-NVS-JNV-Azamgarh-Quarters,BOQ_25819,ARITHMETIC_FAILURE
TCIL-NVS-JNV-Azamgarh-Quarters,BOQ_25854,ARITHMETIC_FAILURE
TCIL-NVS-JNV-Azamgarh-Quarters,BOQ_25860,ARITHMETIC_FAILURE
TCIL-NVS-JNV-Azamgarh-Quarters,BOQ_25877,ARITHMETIC_FAILURE
TCIL-NVS-JNV-Azamgarh-Quarters,BOQ_25880,ARITHMETIC_FAILURE
TCIL-NVS-JNV-Azamgarh-Quarters,BOQ_25883,ARITHMETIC_FAILURE
TCIL-NVS-JNV-Azamgarh-Quarters,BOQ_25889,ARITHMETIC_FAILURE
TCIL-NVS-JNV-Azamgarh-Quarters,BOQ_25923,ARITHMETIC_FAILURE
TCIL-NVS-JNV-Azamgarh-Quarters,BOQ_25938,ARITHMETIC_FAILURE
TCIL-NVS-JNV-Azamgarh-Quarters,BOQ_25943,ARITHMETIC_FAILURE
TCIL-NVS-JNV-Azamgarh-Quarters,BOQ_25955,ARITHMETIC_FAILURE
TCIL-NVS-JNV-Azamgarh-Quarters,BOQ_25977,ARITHMETIC_FAILURE
TCIL-NVS-JNV-Azamgarh-Quarters,BOQ_25979,ARITHMETIC_FAILURE
TCIL-NVS-JNV-Azamgarh-Quarters,BOQ_25989,ARITHMETIC_FAILURE
TCIL-NVS-JNV-Azamgarh-Quarters,BOQ_25992,ARITHMETIC_FAILURE
TCIL-NVS-JNV-Azamgarh-Quarters,BOQ_25995,ARITHMETIC_FAILURE
TCIL-NVS-JNV-Azamgarh-Quarters,BOQ_26001,ARITHMETIC_FAILURE
TCIL-NVS-JNV-Azamgarh-Quarters,BOQ_26010,ARITHMETIC_FAILURE
TCIL-NVS-JNV-Azamgarh-Quarters,BOQ_26013,ARITHMETIC_FAILURE
TCIL-NVS-JNV-Azamgarh-Quarters,BOQ_26016,ARITHMETIC_FAILURE
TCIL-NVS-JNV-Azamgarh-Quarters,BOQ_26019,ARITHMETIC_FAILURE
TCIL-NVS-JNV-Azamgarh-Quarters,BOQ_26035,ARITHMETIC_FAILURE
TCIL-NVS-JNV-Azamgarh-Quarters,BOQ_26042,ARITHMETIC_FAILURE
TCIL-NVS-JNV-Azamgarh-Quarters,BOQ_26044,ARITHMETIC_FAILURE
TCIL-NVS-JNV-Azamgarh-Quarters,BOQ_26055,ARITHMETIC_FAILURE
TCIL-NVS-JNV-Azamgarh-Quarters,BOQ_26058,ARITHMETIC_FAILURE
TCIL-NVS-JNV-Azamgarh-Quarters,BOQ_26071,ARITHMETIC_FAILURE
TCIL-NVS-JNV-Azamgarh-Quarters,BOQ_26074,ARITHMETIC_FAILURE
TCIL-NVS-JNV-Azamgarh-Quarters,BOQ_26077,ARITHMETIC_FAILURE
TCIL-NVS-JNV-Azamgarh-Quarters,BOQ_26080,ARITHMETIC_FAILURE
TCIL-NVS-JNV-Azamgarh-Quarters,BOQ_26101,ARITHMETIC_FAILURE
TCIL-NVS-JNV-Azamgarh-Quarters,BOQ_26115,ARITHMETIC_FAILURE
TCIL-NVS-JNV-Azamgarh-Quarters,BOQ_26116,ARITHMETIC_FAILURE
TCIL-NVS-JNV-Azamgarh-Quarters,BOQ_26130,ARITHMETIC_FAILURE
TCIL-NVS-JNV-Azamgarh-Quarters,BOQ_26141,ARITHMETIC_FAILURE
TCIL-NVS-JNV-Azamgarh-Quarters,BOQ_26143,ARITHMETIC_FAILURE
TCIL-NVS-JNV-Azamgarh-Quarters,BOQ_26146,ARITHMETIC_FAILURE
TCIL-NVS-JNV-Azamgarh-Quarters,BOQ_26147,ARITHMETIC_FAILURE
TCIL-NVS-JNV-Azamgarh-Quarters,BOQ_26151,ARITHMETIC_FAILURE
TCIL-NVS-JNV-Azamgarh-Quarters,BOQ_26153,ARITHMETIC_FAILURE
TCIL-NVS-JNV-Azamgarh-Quarters,BOQ_26154,ARITHMETIC_FAILURE
TCIL-NVS-JNV-Azamgarh-Quarters,BOQ_26158,ARITHMETIC_FAILURE
TCIL-NVS-JNV-Azamgarh-Quarters,BOQ_26160,ARITHMETIC_FAILURE
TCIL-NVS-JNV-Azamgarh-Quarters,BOQ_26164,ARITHMETIC_FAILURE
TCIL-NVS-JNV-Azamgarh-Quarters,BOQ_26166,ARITHMETIC_FAILURE
TCIL-NVS-JNV-Azamgarh-Quarters,BOQ_26170,ARITHMETIC_FAILURE
TCIL-NVS-JNV-Azamgarh-Quarters,BOQ_26172,ARITHMETIC_FAILURE
TCIL-NVS-JNV-Azamgarh-Quarters,BOQ_26176,ARITHMETIC_FAILURE
TCIL-NVS-JNV-Azamgarh-Quarters,BOQ_26178,ARITHMETIC_FAILURE
TCIL-NVS-JNV-Azamgarh-Quarters,BOQ_26182,ARITHMETIC_FAILURE
TCIL-NVS-JNV-Azamgarh-Quarters,BOQ_26184,ARITHMETIC_FAILURE
TCIL-NVS-JNV-Azamgarh-Quarters,BOQ_26188,ARITHMETIC_FAILURE
TCIL-NVS-JNV-Azamgarh-Quarters,BOQ_26190,ARITHMETIC_FAILURE
TCIL-NVS-JNV-Azamgarh-Quarters,BOQ_26194,ARITHMETIC_FAILURE
TCIL-NVS-JNV-Azamgarh-Quarters,BOQ_26196,ARITHMETIC_FAILURE
TCIL-NVS-JNV-Azamgarh-Quarters,BOQ_26199,ARITHMETIC_FAILURE
TCIL-NVS-JNV-Azamgarh-Quarters,BOQ_26200,ARITHMETIC_FAILURE
TCIL-NVS-JNV-Azamgarh-Quarters,BOQ_26203,ARITHMETIC_FAILURE
TCIL-NVS-JNV-Azamgarh-Quarters,BOQ_26204,ARITHMETIC_FAILURE
TCIL-NVS-JNV-Azamgarh-Quarters,BOQ_26208,ARITHMETIC_FAILURE
TCIL-NVS-JNV-Azamgarh-Quarters,BOQ_26210,ARITHMETIC_FAILURE
TCIL-NVS-JNV-Azamgarh-Quarters,BOQ_26212,ARITHMETIC_FAILURE
TCIL-NVS-JNV-Azamgarh-Quarters,BOQ_26215,ARITHMETIC_FAILURE
TCIL-NVS-JNV-Azamgarh-Quarters,BOQ_26216,ARITHMETIC_FAILURE
TCIL-NVS-JNV-Azamgarh-Quarters,BOQ_26219,ARITHMETIC_FAILURE
TCIL-NVS-JNV-Azamgarh-Quarters,BOQ_26222,ARITHMETIC_FAILURE
TCIL-NVS-JNV-Azamgarh-Quarters,BOQ_26224,ARITHMETIC_FAILURE
TCIL-NVS-JNV-Azamgarh-Quarters,BOQ_26227,ARITHMETIC_FAILURE
TCIL-NVS-JNV-Azamgarh-Quarters,BOQ_26231,ARITHMETIC_FAILURE
TCIL-NVS-JNV-Azamgarh-Quarters,BOQ_26240,ARITHMETIC_FAILURE
TCIL-NVS-JNV-Azamgarh-Quarters,BOQ_26241,ARITHMETIC_FAILURE
TCIL-NVS-JNV-Azamgarh-Quarters,BOQ_26243,ARITHMETIC_FAILURE
TCIL-NVS-JNV-Azamgarh-Quarters,BOQ_26246,ARITHMETIC_FAILURE
TCIL-NVS-JNV-Azamgarh-Quarters,BOQ_26247,ARITHMETIC_FAILURE
TCIL-NVS-JNV-Azamgarh-Quarters,BOQ_26251,ARITHMETIC_FAILURE
TCIL-NVS-JNV-Azamgarh-Quarters,BOQ_26254,ARITHMETIC_FAILURE
TCIL-NVS-JNV-Azamgarh-Quarters,BOQ_26255,ARITHMETIC_FAILURE
TCIL-NVS-JNV-Azamgarh-Quarters,BOQ_26258,ARITHMETIC_FAILURE
TCIL-NVS-JNV-Azamgarh-Quarters,BOQ_26259,ARITHMETIC_FAILURE
TCIL-NVS-JNV-Azamgarh-Quarters,BOQ_26260,ARITHMETIC_FAILURE
TCIL-NVS-JNV-Azamgarh-Quarters,BOQ_26263,ARITHMETIC_FAILURE
TCIL-NVS-JNV-Azamgarh-Quarters,BOQ_26267,ARITHMETIC_FAILURE
TCIL-NVS-JNV-Azamgarh-Quarters,BOQ_26271,ARITHMETIC_FAILURE
TCIL-NVS-JNV-Azamgarh-Quarters,BOQ_26274,ARITHMETIC_FAILURE
TCIL-NVS-JNV-Azamgarh-Quarters,BOQ_26280,ARITHMETIC_FAILURE
TCIL-NVS-JNV-Azamgarh-Quarters,BOQ_26283,ARITHMETIC_FAILURE
TCIL-NVS-JNV-Azamgarh-Quarters,BOQ_26285,ARITHMETIC_FAILURE
TCIL-NVS-JNV-Azamgarh-Quarters,BOQ_26287,ARITHMETIC_FAILURE
TCIL-NVS-JNV-Azamgarh-Quarters,BOQ_26290,ARITHMETIC_FAILURE
TCIL-NVS-JNV-Azamgarh-Quarters,BOQ_26294,ARITHMETIC_FAILURE
TCIL-NVS-JNV-Azamgarh-Quarters,BOQ_26308,ARITHMETIC_FAILURE
TCIL-NVS-JNV-Azamgarh-Quarters,BOQ_26311,ARITHMETIC_FAILURE
TCIL-NVS-JNV-Azamgarh-Quarters,BOQ_26335,ARITHMETIC_FAILURE
TCIL-NVS-JNV-Azamgarh-Quarters,BOQ_26341,ARITHMETIC_FAILURE
TCIL-NVS-JNV-Azamgarh-Quarters,BOQ_26358,ARITHMETIC_FAILURE
TCIL-NVS-JNV-Azamgarh-Quarters,BOQ_26361,ARITHMETIC_FAILURE
TCIL-NVS-JNV-Azamgarh-Quarters,BOQ_26364,ARITHMETIC_FAILURE
TCIL-NVS-JNV-Azamgarh-Quarters,BOQ_26370,ARITHMETIC_FAILURE
TCIL-NVS-JNV-Azamgarh-Quarters,BOQ_26391,ARITHMETIC_FAILURE
TCIL-NVS-JNV-Azamgarh-Quarters,BOQ_26500,ARITHMETIC_FAILURE
TCIL-NVS-JNV-Azamgarh-Quarters,BOQ_26506,ARITHMETIC_FAILURE
TCIL-NVS-JNV-Azamgarh-Quarters,BOQ_26517,ARITHMETIC_FAILURE
TCIL-NVS-JNV-Azamgarh-Quarters,BOQ_26520,ARITHMETIC_FAILURE
TCIL-NVS-JNV-Azamgarh-Quarters,BOQ_26527,ARITHMETIC_FAILURE
TCIL-NVS-JNV-Azamgarh-Quarters,BOQ_26540,ARITHMETIC_FAILURE
TCIL-NVS-JNV-Azamgarh-Quarters,BOQ_26542,ARITHMETIC_FAILURE
TCIL-NVS-JNV-Azamgarh-Quarters,BOQ_26552,ARITHMETIC_FAILURE
TCIL-NVS-JNV-Azamgarh-Quarters,BOQ_26555,ARITHMETIC_FAILURE
TCIL-NVS-JNV-Azamgarh-Quarters,BOQ_26589,ARITHMETIC_FAILURE
TCIL-NVS-JNV-Azamgarh-Quarters,BOQ_26594,ARITHMETIC_FAILURE
TCIL-NVS-JNV-Azamgarh-Quarters,BOQ_26603,ARITHMETIC_FAILURE
TCIL-NVS-JNV-Azamgarh-Quarters,BOQ_26606,ARITHMETIC_FAILURE
TCIL-NVS-JNV-Azamgarh-Quarters,BOQ_26627,ARITHMETIC_FAILURE
TCIL-NVS-JNV-Azamgarh-Quarters,BOQ_26630,ARITHMETIC_FAILURE
TCIL-NVS-JNV-Azamgarh-Quarters,BOQ_26633,ARITHMETIC_FAILURE
TCIL-NVS-JNV-Azamgarh-Quarters,BOQ_26651,ARITHMETIC_FAILURE
TCIL-NVS-JNV-Azamgarh-Quarters,BOQ_26659,ARITHMETIC_FAILURE
TCIL-NVS-JNV-Azamgarh-Quarters,BOQ_26662,ARITHMETIC_FAILURE
TCIL-NVS-JNV-Azamgarh-Quarters,BOQ_26665,ARITHMETIC_FAILURE
TCIL-NVS-JNV-Azamgarh-Quarters,BOQ_26672,ARITHMETIC_FAILURE
TCIL-NVS-JNV-Azamgarh-Quarters,BOQ_26676,ARITHMETIC_FAILURE
TCIL-NVS-JNV-Azamgarh-Quarters,BOQ_26681,ARITHMETIC_FAILURE
TCIL-NVS-JNV-Azamgarh-Quarters,BOQ_26694,ARITHMETIC_FAILURE
TCIL-NVS-JNV-Azamgarh-Quarters,BOQ_26698,ARITHMETIC_FAILURE
TCIL-NVS-JNV-Azamgarh-Quarters,BOQ_26705,ARITHMETIC_FAILURE
TCIL-NVS-JNV-Azamgarh-Quarters,BOQ_26707,ARITHMETIC_FAILURE
TCIL-NVS-JNV-Azamgarh-Quarters,BOQ_26710,ARITHMETIC_FAILURE
TCIL-NVS-JNV-Azamgarh-Quarters,BOQ_26711,ARITHMETIC_FAILURE
TCIL-NVS-JNV-Azamgarh-Quarters,BOQ_26715,ARITHMETIC_FAILURE
TCIL-NVS-JNV-Azamgarh-Quarters,BOQ_26717,ARITHMETIC_FAILURE
TCIL-NVS-JNV-Azamgarh-Quarters,BOQ_26721,ARITHMETIC_FAILURE
TCIL-NVS-JNV-Azamgarh-Quarters,BOQ_26723,ARITHMETIC_FAILURE
TCIL-NVS-JNV-Azamgarh-Quarters,BOQ_26727,ARITHMETIC_FAILURE
TCIL-NVS-JNV-Azamgarh-Quarters,BOQ_26728,ARITHMETIC_FAILURE
TCIL-NVS-JNV-Azamgarh-Quarters,BOQ_26730,ARITHMETIC_FAILURE
TCIL-NVS-JNV-Azamgarh-Quarters,BOQ_26734,ARITHMETIC_FAILURE
TCIL-NVS-JNV-Azamgarh-Quarters,BOQ_26736,ARITHMETIC_FAILURE
TCIL-NVS-JNV-Azamgarh-Quarters,BOQ_26740,ARITHMETIC_FAILURE
TCIL-NVS-JNV-Azamgarh-Quarters,BOQ_26742,ARITHMETIC_FAILURE
TCIL-NVS-JNV-Azamgarh-Quarters,BOQ_26746,ARITHMETIC_FAILURE
TCIL-NVS-JNV-Azamgarh-Quarters,BOQ_26748,ARITHMETIC_FAILURE
TCIL-NVS-JNV-Azamgarh-Quarters,BOQ_26752,ARITHMETIC_FAILURE
TCIL-NVS-JNV-Azamgarh-Quarters,BOQ_26754,ARITHMETIC_FAILURE
TCIL-NVS-JNV-Azamgarh-Quarters,BOQ_26758,ARITHMETIC_FAILURE
TCIL-NVS-JNV-Azamgarh-Quarters,BOQ_26760,ARITHMETIC_FAILURE
TCIL-NVS-JNV-Azamgarh-Quarters,BOQ_26763,ARITHMETIC_FAILURE
TCIL-NVS-JNV-Azamgarh-Quarters,BOQ_26764,ARITHMETIC_FAILURE
TCIL-NVS-JNV-Azamgarh-Quarters,BOQ_26767,ARITHMETIC_FAILURE
TCIL-NVS-JNV-Azamgarh-Quarters,BOQ_26768,ARITHMETIC_FAILURE
TCIL-NVS-JNV-Azamgarh-Quarters,BOQ_26772,ARITHMETIC_FAILURE
TCIL-NVS-JNV-Azamgarh-Quarters,BOQ_26775,ARITHMETIC_FAILURE
TCIL-NVS-JNV-Azamgarh-Quarters,BOQ_26778,ARITHMETIC_FAILURE
TCIL-NVS-JNV-Azamgarh-Quarters,BOQ_26779,ARITHMETIC_FAILURE
TCIL-NVS-JNV-Azamgarh-Quarters,BOQ_26782,ARITHMETIC_FAILURE
TCIL-NVS-JNV-Azamgarh-Quarters,BOQ_26785,ARITHMETIC_FAILURE
TCIL-NVS-JNV-Azamgarh-Quarters,BOQ_26786,ARITHMETIC_FAILURE
TCIL-NVS-JNV-Azamgarh-Quarters,BOQ_26788,ARITHMETIC_FAILURE
TCIL-NVS-JNV-Azamgarh-Quarters,BOQ_26791,ARITHMETIC_FAILURE
TCIL-NVS-JNV-Azamgarh-Quarters,BOQ_26795,ARITHMETIC_FAILURE
TCIL-NVS-JNV-Azamgarh-Quarters,BOQ_26796,ARITHMETIC_FAILURE
TCIL-NVS-JNV-Azamgarh-Quarters,BOQ_26797,ARITHMETIC_FAILURE
TCIL-NVS-JNV-Azamgarh-Quarters,BOQ_26806,ARITHMETIC_FAILURE
TCIL-NVS-JNV-Azamgarh-Quarters,BOQ_26807,ARITHMETIC_FAILURE
TCIL-NVS-JNV-Azamgarh-Quarters,BOQ_26811,ARITHMETIC_FAILURE
TCIL-NVS-JNV-Azamgarh-Quarters,BOQ_26812,ARITHMETIC_FAILURE
TCIL-NVS-JNV-Azamgarh-Quarters,BOQ_26816,ARITHMETIC_FAILURE
TCIL-NVS-JNV-Azamgarh-Quarters,BOQ_26819,ARITHMETIC_FAILURE
TCIL-NVS-JNV-Azamgarh-Quarters,BOQ_26820,ARITHMETIC_FAILURE
TCIL-NVS-JNV-Azamgarh-Quarters,BOQ_26823,ARITHMETIC_FAILURE
TCIL-NVS-JNV-Azamgarh-Quarters,BOQ_26824,ARITHMETIC_FAILURE
TCIL-NVS-JNV-Azamgarh-Quarters,BOQ_26825,ARITHMETIC_FAILURE
TCIL-NVS-JNV-Azamgarh-Quarters,BOQ_26828,ARITHMETIC_FAILURE
TCIL-NVS-JNV-Azamgarh-Quarters,BOQ_26829,ARITHMETIC_FAILURE
TCIL-NVS-JNV-Azamgarh-Quarters,BOQ_26833,ARITHMETIC_FAILURE
TCIL-NVS-JNV-Azamgarh-Quarters,BOQ_26837,ARITHMETIC_FAILURE
TCIL-NVS-JNV-Azamgarh-Quarters,BOQ_26840,ARITHMETIC_FAILURE
TCIL-NVS-JNV-Azamgarh-Quarters,BOQ_26846,ARITHMETIC_FAILURE
TCIL-NVS-JNV-Azamgarh-Quarters,BOQ_26849,ARITHMETIC_FAILURE
TCIL-NVS-JNV-Azamgarh-Quarters,BOQ_26852,ARITHMETIC_FAILURE
TCIL-NVS-JNV-Azamgarh-Quarters,BOQ_26855,ARITHMETIC_FAILURE
TCIL-NVS-JNV-Azamgarh-Quarters,BOQ_26859,ARITHMETIC_FAILURE
TCIL-NVS-JNV-Azamgarh-Quarters,BOQ_26868,ARITHMETIC_FAILURE
TCIL-NVS-JNV-Azamgarh-Quarters,BOQ_26869,ARITHMETIC_FAILURE
TCIL-NVS-JNV-Azamgarh-Quarters,BOQ_26877,ARITHMETIC_FAILURE
TCIL-NVS-JNV-Azamgarh-Quarters,BOQ_26881,ARITHMETIC_FAILURE
TCIL-NVS-JNV-Azamgarh-Quarters,BOQ_26890,ARITHMETIC_FAILURE
TCIL-NVS-JNV-Azamgarh-Quarters,BOQ_26905,ARITHMETIC_FAILURE
TCIL-NVS-JNV-Azamgarh-Quarters,BOQ_26908,ARITHMETIC_FAILURE
TCIL-NVS-JNV-Azamgarh-Quarters,BOQ_26909,ARITHMETIC_FAILURE
TCIL-NVS-JNV-Azamgarh-Quarters,BOQ_26921,ARITHMETIC_FAILURE
TCIL-NVS-JNV-Azamgarh-Quarters,BOQ_26924,ARITHMETIC_FAILURE
TCIL-NVS-JNV-Azamgarh-Quarters,BOQ_26927,ARITHMETIC_FAILURE
TCIL-NVS-JNV-Azamgarh-Quarters,BOQ_26930,ARITHMETIC_FAILURE
TCIL-NVS-JNV-Azamgarh-Quarters,BOQ_26931,ARITHMETIC_FAILURE
TCIL-NVS-JNV-Azamgarh-Quarters,BOQ_26966,ARITHMETIC_FAILURE
TCIL-NVS-JNV-Azamgarh-Quarters,BOQ_26972,ARITHMETIC_FAILURE
TCIL-NVS-JNV-Azamgarh-Quarters,BOQ_26989,ARITHMETIC_FAILURE
TCIL-NVS-JNV-Azamgarh-Quarters,BOQ_26992,ARITHMETIC_FAILURE
TCIL-NVS-JNV-Azamgarh-Quarters,BOQ_26995,ARITHMETIC_FAILURE
TCIL-NVS-JNV-Azamgarh-Quarters,BOQ_27001,ARITHMETIC_FAILURE
TCIL-NVS-JNV-Azamgarh-Quarters,BOQ_27035,ARITHMETIC_FAILURE
TCIL-NVS-JNV-Azamgarh-Quarters,BOQ_27050,ARITHMETIC_FAILURE
TCIL-NVS-JNV-Azamgarh-Quarters,BOQ_27055,ARITHMETIC_FAILURE
TCIL-NVS-JNV-Azamgarh-Quarters,BOQ_27067,ARITHMETIC_FAILURE
TCIL-NVS-JNV-Azamgarh-Quarters,BOQ_27089,ARITHMETIC_FAILURE
TCIL-NVS-JNV-Azamgarh-Quarters,BOQ_27091,ARITHMETIC_FAILURE
TCIL-NVS-JNV-Azamgarh-Quarters,BOQ_27101,ARITHMETIC_FAILURE
TCIL-NVS-JNV-Azamgarh-Quarters,BOQ_27104,ARITHMETIC_FAILURE
TCIL-NVS-JNV-Azamgarh-Quarters,BOQ_27107,ARITHMETIC_FAILURE
TCIL-NVS-JNV-Azamgarh-Quarters,BOQ_27113,ARITHMETIC_FAILURE
TCIL-NVS-JNV-Azamgarh-Quarters,BOQ_27122,ARITHMETIC_FAILURE
TCIL-NVS-JNV-Azamgarh-Quarters,BOQ_27125,ARITHMETIC_FAILURE
TCIL-NVS-JNV-Azamgarh-Quarters,BOQ_27128,ARITHMETIC_FAILURE
TCIL-NVS-JNV-Azamgarh-Quarters,BOQ_27131,ARITHMETIC_FAILURE
TCIL-NVS-JNV-Azamgarh-Quarters,BOQ_27147,ARITHMETIC_FAILURE
TCIL-NVS-JNV-Azamgarh-Quarters,BOQ_27154,ARITHMETIC_FAILURE
TCIL-NVS-JNV-Azamgarh-Quarters,BOQ_27156,ARITHMETIC_FAILURE
TCIL-NVS-JNV-Azamgarh-Quarters,BOQ_27167,ARITHMETIC_FAILURE
TCIL-NVS-JNV-Azamgarh-Quarters,BOQ_27170,ARITHMETIC_FAILURE
TCIL-NVS-JNV-Azamgarh-Quarters,BOQ_27183,ARITHMETIC_FAILURE
TCIL-NVS-JNV-Azamgarh-Quarters,BOQ_27186,ARITHMETIC_FAILURE
TCIL-NVS-JNV-Azamgarh-Quarters,BOQ_27189,ARITHMETIC_FAILURE
TCIL-NVS-JNV-Azamgarh-Quarters,BOQ_27192,ARITHMETIC_FAILURE
TCIL-NVS-JNV-Azamgarh-Quarters,BOQ_27213,ARITHMETIC_FAILURE
TCIL-NVS-JNV-Azamgarh-Quarters,BOQ_27227,ARITHMETIC_FAILURE
TCIL-NVS-JNV-Azamgarh-Quarters,BOQ_27228,ARITHMETIC_FAILURE
TCIL-NVS-JNV-Azamgarh-Quarters,BOQ_27242,ARITHMETIC_FAILURE
TCIL-NVS-JNV-Azamgarh-Quarters,BOQ_27253,ARITHMETIC_FAILURE
TCIL-NVS-JNV-Azamgarh-Quarters,BOQ_27255,ARITHMETIC_FAILURE
TCIL-NVS-JNV-Azamgarh-Quarters,BOQ_27258,ARITHMETIC_FAILURE
TCIL-NVS-JNV-Azamgarh-Quarters,BOQ_27259,ARITHMETIC_FAILURE
TCIL-NVS-JNV-Azamgarh-Quarters,BOQ_27263,ARITHMETIC_FAILURE
TCIL-NVS-JNV-Azamgarh-Quarters,BOQ_27265,ARITHMETIC_FAILURE
TCIL-NVS-JNV-Azamgarh-Quarters,BOQ_27266,ARITHMETIC_FAILURE
TCIL-NVS-JNV-Azamgarh-Quarters,BOQ_27270,ARITHMETIC_FAILURE
TCIL-NVS-JNV-Azamgarh-Quarters,BOQ_27272,ARITHMETIC_FAILURE
TCIL-NVS-JNV-Azamgarh-Quarters,BOQ_27276,ARITHMETIC_FAILURE
TCIL-NVS-JNV-Azamgarh-Quarters,BOQ_27278,ARITHMETIC_FAILURE
TCIL-NVS-JNV-Azamgarh-Quarters,BOQ_27282,ARITHMETIC_FAILURE
TCIL-NVS-JNV-Azamgarh-Quarters,BOQ_27284,ARITHMETIC_FAILURE
TCIL-NVS-JNV-Azamgarh-Quarters,BOQ_27288,ARITHMETIC_FAILURE
TCIL-NVS-JNV-Azamgarh-Quarters,BOQ_27290,ARITHMETIC_FAILURE
TCIL-NVS-JNV-Azamgarh-Quarters,BOQ_27294,ARITHMETIC_FAILURE
TCIL-NVS-JNV-Azamgarh-Quarters,BOQ_27296,ARITHMETIC_FAILURE
TCIL-NVS-JNV-Azamgarh-Quarters,BOQ_27300,ARITHMETIC_FAILURE
TCIL-NVS-JNV-Azamgarh-Quarters,BOQ_27302,ARITHMETIC_FAILURE
TCIL-NVS-JNV-Azamgarh-Quarters,BOQ_27306,ARITHMETIC_FAILURE
TCIL-NVS-JNV-Azamgarh-Quarters,BOQ_27308,ARITHMETIC_FAILURE
TCIL-NVS-JNV-Azamgarh-Quarters,BOQ_27311,ARITHMETIC_FAILURE
TCIL-NVS-JNV-Azamgarh-Quarters,BOQ_27312,ARITHMETIC_FAILURE
TCIL-NVS-JNV-Azamgarh-Quarters,BOQ_27315,ARITHMETIC_FAILURE
TCIL-NVS-JNV-Azamgarh-Quarters,BOQ_27316,ARITHMETIC_FAILURE
TCIL-NVS-JNV-Azamgarh-Quarters,BOQ_27320,ARITHMETIC_FAILURE
TCIL-NVS-JNV-Azamgarh-Quarters,BOQ_27322,ARITHMETIC_FAILURE
TCIL-NVS-JNV-Azamgarh-Quarters,BOQ_27324,ARITHMETIC_FAILURE
TCIL-NVS-JNV-Azamgarh-Quarters,BOQ_27327,ARITHMETIC_FAILURE
TCIL-NVS-JNV-Azamgarh-Quarters,BOQ_27328,ARITHMETIC_FAILURE
TCIL-NVS-JNV-Azamgarh-Quarters,BOQ_27331,ARITHMETIC_FAILURE
TCIL-NVS-JNV-Azamgarh-Quarters,BOQ_27334,ARITHMETIC_FAILURE
TCIL-NVS-JNV-Azamgarh-Quarters,BOQ_27336,ARITHMETIC_FAILURE
TCIL-NVS-JNV-Azamgarh-Quarters,BOQ_27339,ARITHMETIC_FAILURE
TCIL-NVS-JNV-Azamgarh-Quarters,BOQ_27343,ARITHMETIC_FAILURE
TCIL-NVS-JNV-Azamgarh-Quarters,BOQ_27352,ARITHMETIC_FAILURE
TCIL-NVS-JNV-Azamgarh-Quarters,BOQ_27353,ARITHMETIC_FAILURE
TCIL-NVS-JNV-Azamgarh-Quarters,BOQ_27355,ARITHMETIC_FAILURE
TCIL-NVS-JNV-Azamgarh-Quarters,BOQ_27358,ARITHMETIC_FAILURE
TCIL-NVS-JNV-Azamgarh-Quarters,BOQ_27359,ARITHMETIC_FAILURE
TCIL-NVS-JNV-Azamgarh-Quarters,BOQ_27363,ARITHMETIC_FAILURE
TCIL-NVS-JNV-Azamgarh-Quarters,BOQ_27366,ARITHMETIC_FAILURE
TCIL-NVS-JNV-Azamgarh-Quarters,BOQ_27367,ARITHMETIC_FAILURE
TCIL-NVS-JNV-Azamgarh-Quarters,BOQ_27370,ARITHMETIC_FAILURE
TCIL-NVS-JNV-Azamgarh-Quarters,BOQ_27371,ARITHMETIC_FAILURE
TCIL-NVS-JNV-Azamgarh-Quarters,BOQ_27372,ARITHMETIC_FAILURE
TCIL-NVS-JNV-Azamgarh-Quarters,BOQ_27375,ARITHMETIC_FAILURE
TCIL-NVS-JNV-Azamgarh-Quarters,BOQ_27379,ARITHMETIC_FAILURE
TCIL-NVS-JNV-Azamgarh-Quarters,BOQ_27383,ARITHMETIC_FAILURE
TCIL-NVS-JNV-Azamgarh-Quarters,BOQ_27386,ARITHMETIC_FAILURE
TCIL-NVS-JNV-Azamgarh-Quarters,BOQ_27392,ARITHMETIC_FAILURE
TCIL-NVS-JNV-Azamgarh-Quarters,BOQ_27395,ARITHMETIC_FAILURE
TCIL-NVS-JNV-Azamgarh-Quarters,BOQ_27397,ARITHMETIC_FAILURE
TCIL-NVS-JNV-Azamgarh-Quarters,BOQ_27399,ARITHMETIC_FAILURE
TCIL-NVS-JNV-Azamgarh-Quarters,BOQ_27402,ARITHMETIC_FAILURE
TCIL-NVS-JNV-Azamgarh-Quarters,BOQ_27406,ARITHMETIC_FAILURE
TCIL-NVS-JNV-Azamgarh-Quarters,BOQ_27420,ARITHMETIC_FAILURE
TCIL-NVS-JNV-Azamgarh-Quarters,BOQ_27423,ARITHMETIC_FAILURE
TCIL-NVS-JNV-Azamgarh-Quarters,BOQ_27447,ARITHMETIC_FAILURE
TCIL-NVS-JNV-Azamgarh-Quarters,BOQ_27453,ARITHMETIC_FAILURE
TCIL-NVS-JNV-Azamgarh-Quarters,BOQ_27470,ARITHMETIC_FAILURE
TCIL-NVS-JNV-Azamgarh-Quarters,BOQ_27473,ARITHMETIC_FAILURE
TCIL-NVS-JNV-Azamgarh-Quarters,BOQ_27476,ARITHMETIC_FAILURE
TCIL-NVS-JNV-Azamgarh-Quarters,BOQ_27482,ARITHMETIC_FAILURE
TCIL-NVS-JNV-Azamgarh-Quarters,BOQ_27503,ARITHMETIC_FAILURE
TCIL-NVS-JNV-Azamgarh-Quarters,BOQ_27612,ARITHMETIC_FAILURE
TCIL-NVS-JNV-Azamgarh-Quarters,BOQ_27618,ARITHMETIC_FAILURE
TCIL-NVS-JNV-Azamgarh-Quarters,BOQ_27629,ARITHMETIC_FAILURE
TCIL-NVS-JNV-Azamgarh-Quarters,BOQ_27632,ARITHMETIC_FAILURE
TCIL-NVS-JNV-Azamgarh-Quarters,BOQ_27639,ARITHMETIC_FAILURE
TCIL-NVS-JNV-Azamgarh-Quarters,BOQ_27652,ARITHMETIC_FAILURE
TCIL-NVS-JNV-Azamgarh-Quarters,BOQ_27654,ARITHMETIC_FAILURE
TCIL-NVS-JNV-Azamgarh-Quarters,BOQ_27664,ARITHMETIC_FAILURE
TCIL-NVS-JNV-Azamgarh-Quarters,BOQ_27667,ARITHMETIC_FAILURE
TCIL-NVS-JNV-Azamgarh-Quarters,BOQ_27701,ARITHMETIC_FAILURE
TCIL-NVS-JNV-Azamgarh-Quarters,BOQ_27706,ARITHMETIC_FAILURE
TCIL-NVS-JNV-Azamgarh-Quarters,BOQ_27715,ARITHMETIC_FAILURE
TCIL-NVS-JNV-Azamgarh-Quarters,BOQ_27718,ARITHMETIC_FAILURE
TCIL-NVS-JNV-Azamgarh-Quarters,BOQ_27739,ARITHMETIC_FAILURE
TCIL-NVS-JNV-Azamgarh-Quarters,BOQ_27742,ARITHMETIC_FAILURE
TCIL-NVS-JNV-Azamgarh-Quarters,BOQ_27745,ARITHMETIC_FAILURE
TCIL-NVS-JNV-Azamgarh-Quarters,BOQ_27763,ARITHMETIC_FAILURE
TCIL-NVS-JNV-Azamgarh-Quarters,BOQ_27771,ARITHMETIC_FAILURE
TCIL-NVS-JNV-Azamgarh-Quarters,BOQ_27774,ARITHMETIC_FAILURE
TCIL-NVS-JNV-Azamgarh-Quarters,BOQ_27777,ARITHMETIC_FAILURE
TCIL-NVS-JNV-Azamgarh-Quarters,BOQ_27784,ARITHMETIC_FAILURE
TCIL-NVS-JNV-Azamgarh-Quarters,BOQ_27788,ARITHMETIC_FAILURE
TCIL-NVS-JNV-Azamgarh-Quarters,BOQ_27793,ARITHMETIC_FAILURE
TCIL-NVS-JNV-Azamgarh-Quarters,BOQ_27806,ARITHMETIC_FAILURE
TCIL-NVS-JNV-Azamgarh-Quarters,BOQ_27810,ARITHMETIC_FAILURE
TCIL-NVS-JNV-Azamgarh-Quarters,BOQ_27817,ARITHMETIC_FAILURE
TCIL-NVS-JNV-Azamgarh-Quarters,BOQ_27819,ARITHMETIC_FAILURE
TCIL-NVS-JNV-Azamgarh-Quarters,BOQ_27822,ARITHMETIC_FAILURE
TCIL-NVS-JNV-Azamgarh-Quarters,BOQ_27823,ARITHMETIC_FAILURE
TCIL-NVS-JNV-Azamgarh-Quarters,BOQ_27827,ARITHMETIC_FAILURE
TCIL-NVS-JNV-Azamgarh-Quarters,BOQ_27829,ARITHMETIC_FAILURE
TCIL-NVS-JNV-Azamgarh-Quarters,BOQ_27833,ARITHMETIC_FAILURE
TCIL-NVS-JNV-Azamgarh-Quarters,BOQ_27835,ARITHMETIC_FAILURE
TCIL-NVS-JNV-Azamgarh-Quarters,BOQ_27839,ARITHMETIC_FAILURE
TCIL-NVS-JNV-Azamgarh-Quarters,BOQ_27840,ARITHMETIC_FAILURE
TCIL-NVS-JNV-Azamgarh-Quarters,BOQ_27842,ARITHMETIC_FAILURE
TCIL-NVS-JNV-Azamgarh-Quarters,BOQ_27846,ARITHMETIC_FAILURE
TCIL-NVS-JNV-Azamgarh-Quarters,BOQ_27848,ARITHMETIC_FAILURE
TCIL-NVS-JNV-Azamgarh-Quarters,BOQ_27852,ARITHMETIC_FAILURE
TCIL-NVS-JNV-Azamgarh-Quarters,BOQ_27854,ARITHMETIC_FAILURE
TCIL-NVS-JNV-Azamgarh-Quarters,BOQ_27858,ARITHMETIC_FAILURE
TCIL-NVS-JNV-Azamgarh-Quarters,BOQ_27860,ARITHMETIC_FAILURE
TCIL-NVS-JNV-Azamgarh-Quarters,BOQ_27864,ARITHMETIC_FAILURE
TCIL-NVS-JNV-Azamgarh-Quarters,BOQ_27866,ARITHMETIC_FAILURE
TCIL-NVS-JNV-Azamgarh-Quarters,BOQ_27870,ARITHMETIC_FAILURE
TCIL-NVS-JNV-Azamgarh-Quarters,BOQ_27872,ARITHMETIC_FAILURE
TCIL-NVS-JNV-Azamgarh-Quarters,BOQ_27875,ARITHMETIC_FAILURE
TCIL-NVS-JNV-Azamgarh-Quarters,BOQ_27876,ARITHMETIC_FAILURE
TCIL-NVS-JNV-Azamgarh-Quarters,BOQ_27879,ARITHMETIC_FAILURE
TCIL-NVS-JNV-Azamgarh-Quarters,BOQ_27880,ARITHMETIC_FAILURE
TCIL-NVS-JNV-Azamgarh-Quarters,BOQ_27884,ARITHMETIC_FAILURE
TCIL-NVS-JNV-Azamgarh-Quarters,BOQ_27887,ARITHMETIC_FAILURE
TCIL-NVS-JNV-Azamgarh-Quarters,BOQ_27890,ARITHMETIC_FAILURE
TCIL-NVS-JNV-Azamgarh-Quarters,BOQ_27891,ARITHMETIC_FAILURE
TCIL-NVS-JNV-Azamgarh-Quarters,BOQ_27894,ARITHMETIC_FAILURE
TCIL-NVS-JNV-Azamgarh-Quarters,BOQ_27897,ARITHMETIC_FAILURE
TCIL-NVS-JNV-Azamgarh-Quarters,BOQ_27898,ARITHMETIC_FAILURE
TCIL-NVS-JNV-Azamgarh-Quarters,BOQ_27900,ARITHMETIC_FAILURE
TCIL-NVS-JNV-Azamgarh-Quarters,BOQ_27903,ARITHMETIC_FAILURE
TCIL-NVS-JNV-Azamgarh-Quarters,BOQ_27907,ARITHMETIC_FAILURE
TCIL-NVS-JNV-Azamgarh-Quarters,BOQ_27908,ARITHMETIC_FAILURE
TCIL-NVS-JNV-Azamgarh-Quarters,BOQ_27909,ARITHMETIC_FAILURE
TCIL-NVS-JNV-Azamgarh-Quarters,BOQ_27918,ARITHMETIC_FAILURE
TCIL-NVS-JNV-Azamgarh-Quarters,BOQ_27919,ARITHMETIC_FAILURE
TCIL-NVS-JNV-Azamgarh-Quarters,BOQ_27923,ARITHMETIC_FAILURE
TCIL-NVS-JNV-Azamgarh-Quarters,BOQ_27924,ARITHMETIC_FAILURE
TCIL-NVS-JNV-Azamgarh-Quarters,BOQ_27928,ARITHMETIC_FAILURE
TCIL-NVS-JNV-Azamgarh-Quarters,BOQ_27931,ARITHMETIC_FAILURE
TCIL-NVS-JNV-Azamgarh-Quarters,BOQ_27932,ARITHMETIC_FAILURE
TCIL-NVS-JNV-Azamgarh-Quarters,BOQ_27935,ARITHMETIC_FAILURE
TCIL-NVS-JNV-Azamgarh-Quarters,BOQ_27936,ARITHMETIC_FAILURE
TCIL-NVS-JNV-Azamgarh-Quarters,BOQ_27937,ARITHMETIC_FAILURE
TCIL-NVS-JNV-Azamgarh-Quarters,BOQ_27940,ARITHMETIC_FAILURE
TCIL-NVS-JNV-Azamgarh-Quarters,BOQ_27941,ARITHMETIC_FAILURE
TCIL-NVS-JNV-Azamgarh-Quarters,BOQ_27945,ARITHMETIC_FAILURE
TCIL-NVS-JNV-Azamgarh-Quarters,BOQ_27949,ARITHMETIC_FAILURE
TCIL-NVS-JNV-Azamgarh-Quarters,BOQ_27952,ARITHMETIC_FAILURE
TCIL-NVS-JNV-Azamgarh-Quarters,BOQ_27958,ARITHMETIC_FAILURE
TCIL-NVS-JNV-Azamgarh-Quarters,BOQ_27961,ARITHMETIC_FAILURE
TCIL-NVS-JNV-Azamgarh-Quarters,BOQ_27964,ARITHMETIC_FAILURE
TCIL-NVS-JNV-Azamgarh-Quarters,BOQ_27967,ARITHMETIC_FAILURE
TCIL-NVS-JNV-Azamgarh-Quarters,BOQ_27971,ARITHMETIC_FAILURE
TCIL-NVS-JNV-Azamgarh-Quarters,BOQ_27980,ARITHMETIC_FAILURE
TCIL-NVS-JNV-Azamgarh-Quarters,BOQ_27981,ARITHMETIC_FAILURE
TCIL-NVS-JNV-Azamgarh-Quarters,BOQ_27989,ARITHMETIC_FAILURE
TCIL-NVS-JNV-Azamgarh-Quarters,BOQ_27993,ARITHMETIC_FAILURE
TCIL-NVS-JNV-Azamgarh-Quarters,BOQ_28002,ARITHMETIC_FAILURE
TCIL-NVS-JNV-Azamgarh-Quarters,BOQ_28017,ARITHMETIC_FAILURE
TCIL-NVS-JNV-Azamgarh-Quarters,BOQ_28020,ARITHMETIC_FAILURE
TCIL-NVS-JNV-Azamgarh-Quarters,BOQ_28021,ARITHMETIC_FAILURE
TCIL-NVS-JNV-Azamgarh-Quarters,BOQ_28033,ARITHMETIC_FAILURE
TCIL-NVS-JNV-Azamgarh-Quarters,BOQ_28036,ARITHMETIC_FAILURE
TCIL-NVS-JNV-Azamgarh-Quarters,BOQ_28039,ARITHMETIC_FAILURE
TCIL-NVS-JNV-Azamgarh-Quarters,BOQ_28042,ARITHMETIC_FAILURE
TCIL-NVS-JNV-Azamgarh-Quarters,BOQ_28043,ARITHMETIC_FAILURE
TCIL-NVS-JNV-Azamgarh-Quarters,BOQ_28078,ARITHMETIC_FAILURE
TCIL-NVS-JNV-Azamgarh-Quarters,BOQ_28084,ARITHMETIC_FAILURE
TCIL-NVS-JNV-Azamgarh-Quarters,BOQ_28101,ARITHMETIC_FAILURE
TCIL-NVS-JNV-Azamgarh-Quarters,BOQ_28104,ARITHMETIC_FAILURE
TCIL-NVS-JNV-Azamgarh-Quarters,BOQ_28107,ARITHMETIC_FAILURE
TCIL-NVS-JNV-Azamgarh-Quarters,BOQ_28113,ARITHMETIC_FAILURE
TCIL-NVS-JNV-Azamgarh-Quarters,BOQ_28147,ARITHMETIC_FAILURE
TCIL-NVS-JNV-Azamgarh-Quarters,BOQ_28162,ARITHMETIC_FAILURE
TCIL-NVS-JNV-Azamgarh-Quarters,BOQ_28167,ARITHMETIC_FAILURE
TCIL-NVS-JNV-Azamgarh-Quarters,BOQ_28179,ARITHMETIC_FAILURE
TCIL-NVS-JNV-Azamgarh-Quarters,BOQ_28201,ARITHMETIC_FAILURE
TCIL-NVS-JNV-Azamgarh-Quarters,BOQ_28203,ARITHMETIC_FAILURE
TCIL-NVS-JNV-Azamgarh-Quarters,BOQ_28213,ARITHMETIC_FAILURE
TCIL-NVS-JNV-Azamgarh-Quarters,BOQ_28216,ARITHMETIC_FAILURE
TCIL-NVS-JNV-Azamgarh-Quarters,BOQ_28219,ARITHMETIC_FAILURE
TCIL-NVS-JNV-Azamgarh-Quarters,BOQ_28225,ARITHMETIC_FAILURE
TCIL-NVS-JNV-Azamgarh-Quarters,BOQ_28234,ARITHMETIC_FAILURE
TCIL-NVS-JNV-Azamgarh-Quarters,BOQ_28237,ARITHMETIC_FAILURE
TCIL-NVS-JNV-Azamgarh-Quarters,BOQ_28240,ARITHMETIC_FAILURE
TCIL-NVS-JNV-Azamgarh-Quarters,BOQ_28243,ARITHMETIC_FAILURE
TCIL-NVS-JNV-Azamgarh-Quarters,BOQ_28259,ARITHMETIC_FAILURE
TCIL-NVS-JNV-Azamgarh-Quarters,BOQ_28266,ARITHMETIC_FAILURE
TCIL-NVS-JNV-Azamgarh-Quarters,BOQ_28268,ARITHMETIC_FAILURE
TCIL-NVS-JNV-Azamgarh-Quarters,BOQ_28279,ARITHMETIC_FAILURE
TCIL-NVS-JNV-Azamgarh-Quarters,BOQ_28282,ARITHMETIC_FAILURE
TCIL-NVS-JNV-Azamgarh-Quarters,BOQ_28295,ARITHMETIC_FAILURE
TCIL-NVS-JNV-Azamgarh-Quarters,BOQ_28298,ARITHMETIC_FAILURE
TCIL-NVS-JNV-Azamgarh-Quarters,BOQ_28301,ARITHMETIC_FAILURE
TCIL-NVS-JNV-Azamgarh-Quarters,BOQ_28304,ARITHMETIC_FAILURE
TCIL-NVS-JNV-Azamgarh-Quarters,BOQ_28325,ARITHMETIC_FAILURE
TCIL-NVS-JNV-Azamgarh-Quarters,BOQ_28339,ARITHMETIC_FAILURE
TCIL-NVS-JNV-Azamgarh-Quarters,BOQ_28340,ARITHMETIC_FAILURE
TCIL-NVS-JNV-Azamgarh-Quarters,BOQ_28354,ARITHMETIC_FAILURE
TCIL-NVS-JNV-Azamgarh-Quarters,BOQ_28365,ARITHMETIC_FAILURE
TCIL-NVS-JNV-Azamgarh-Quarters,BOQ_28367,ARITHMETIC_FAILURE
TCIL-NVS-JNV-Azamgarh-Quarters,BOQ_28370,ARITHMETIC_FAILURE
TCIL-NVS-JNV-Azamgarh-Quarters,BOQ_28371,ARITHMETIC_FAILURE
TCIL-NVS-JNV-Azamgarh-Quarters,BOQ_28375,ARITHMETIC_FAILURE
TCIL-NVS-JNV-Azamgarh-Quarters,BOQ_28377,ARITHMETIC_FAILURE
TCIL-NVS-JNV-Azamgarh-Quarters,BOQ_28378,ARITHMETIC_FAILURE
TCIL-NVS-JNV-Azamgarh-Quarters,BOQ_28382,ARITHMETIC_FAILURE
TCIL-NVS-JNV-Azamgarh-Quarters,BOQ_28384,ARITHMETIC_FAILURE
TCIL-NVS-JNV-Azamgarh-Quarters,BOQ_28388,ARITHMETIC_FAILURE
TCIL-NVS-JNV-Azamgarh-Quarters,BOQ_28390,ARITHMETIC_FAILURE
TCIL-NVS-JNV-Azamgarh-Quarters,BOQ_28394,ARITHMETIC_FAILURE
TCIL-NVS-JNV-Azamgarh-Quarters,BOQ_28396,ARITHMETIC_FAILURE
TCIL-NVS-JNV-Azamgarh-Quarters,BOQ_28400,ARITHMETIC_FAILURE
TCIL-NVS-JNV-Azamgarh-Quarters,BOQ_28402,ARITHMETIC_FAILURE
TCIL-NVS-JNV-Azamgarh-Quarters,BOQ_28406,ARITHMETIC_FAILURE
TCIL-NVS-JNV-Azamgarh-Quarters,BOQ_28408,ARITHMETIC_FAILURE
TCIL-NVS-JNV-Azamgarh-Quarters,BOQ_28412,ARITHMETIC_FAILURE
TCIL-NVS-JNV-Azamgarh-Quarters,BOQ_28414,ARITHMETIC_FAILURE
TCIL-NVS-JNV-Azamgarh-Quarters,BOQ_28418,ARITHMETIC_FAILURE
TCIL-NVS-JNV-Azamgarh-Quarters,BOQ_28420,ARITHMETIC_FAILURE
TCIL-NVS-JNV-Azamgarh-Quarters,BOQ_28423,ARITHMETIC_FAILURE
TCIL-NVS-JNV-Azamgarh-Quarters,BOQ_28424,ARITHMETIC_FAILURE
TCIL-NVS-JNV-Azamgarh-Quarters,BOQ_28427,ARITHMETIC_FAILURE
TCIL-NVS-JNV-Azamgarh-Quarters,BOQ_28428,ARITHMETIC_FAILURE
TCIL-NVS-JNV-Azamgarh-Quarters,BOQ_28432,ARITHMETIC_FAILURE
TCIL-NVS-JNV-Azamgarh-Quarters,BOQ_28434,ARITHMETIC_FAILURE
TCIL-NVS-JNV-Azamgarh-Quarters,BOQ_28436,ARITHMETIC_FAILURE
TCIL-NVS-JNV-Azamgarh-Quarters,BOQ_28439,ARITHMETIC_FAILURE
TCIL-NVS-JNV-Azamgarh-Quarters,BOQ_28440,ARITHMETIC_FAILURE
TCIL-NVS-JNV-Azamgarh-Quarters,BOQ_28443,ARITHMETIC_FAILURE
TCIL-NVS-JNV-Azamgarh-Quarters,BOQ_28446,ARITHMETIC_FAILURE
TCIL-NVS-JNV-Azamgarh-Quarters,BOQ_28448,ARITHMETIC_FAILURE
TCIL-NVS-JNV-Azamgarh-Quarters,BOQ_28451,ARITHMETIC_FAILURE
TCIL-NVS-JNV-Azamgarh-Quarters,BOQ_28455,ARITHMETIC_FAILURE
TCIL-NVS-JNV-Azamgarh-Quarters,BOQ_28464,ARITHMETIC_FAILURE
TCIL-NVS-JNV-Azamgarh-Quarters,BOQ_28465,ARITHMETIC_FAILURE
TCIL-NVS-JNV-Azamgarh-Quarters,BOQ_28467,ARITHMETIC_FAILURE
TCIL-NVS-JNV-Azamgarh-Quarters,BOQ_28470,ARITHMETIC_FAILURE
TCIL-NVS-JNV-Azamgarh-Quarters,BOQ_28471,ARITHMETIC_FAILURE
TCIL-NVS-JNV-Azamgarh-Quarters,BOQ_28475,ARITHMETIC_FAILURE
TCIL-NVS-JNV-Azamgarh-Quarters,BOQ_28478,ARITHMETIC_FAILURE
TCIL-NVS-JNV-Azamgarh-Quarters,BOQ_28479,ARITHMETIC_FAILURE
TCIL-NVS-JNV-Azamgarh-Quarters,BOQ_28482,ARITHMETIC_FAILURE
TCIL-NVS-JNV-Azamgarh-Quarters,BOQ_28483,ARITHMETIC_FAILURE
TCIL-NVS-JNV-Azamgarh-Quarters,BOQ_28484,ARITHMETIC_FAILURE
TCIL-NVS-JNV-Azamgarh-Quarters,BOQ_28487,ARITHMETIC_FAILURE
TCIL-NVS-JNV-Azamgarh-Quarters,BOQ_28491,ARITHMETIC_FAILURE
TCIL-NVS-JNV-Azamgarh-Quarters,BOQ_28495,ARITHMETIC_FAILURE
TCIL-NVS-JNV-Azamgarh-Quarters,BOQ_28498,ARITHMETIC_FAILURE
TCIL-NVS-JNV-Azamgarh-Quarters,BOQ_28504,ARITHMETIC_FAILURE
TCIL-NVS-JNV-Azamgarh-Quarters,BOQ_28507,ARITHMETIC_FAILURE
TCIL-NVS-JNV-Azamgarh-Quarters,BOQ_28509,ARITHMETIC_FAILURE
TCIL-NVS-JNV-Azamgarh-Quarters,BOQ_28511,ARITHMETIC_FAILURE
TCIL-NVS-JNV-Azamgarh-Quarters,BOQ_28514,ARITHMETIC_FAILURE
TCIL-NVS-JNV-Azamgarh-Quarters,BOQ_28518,ARITHMETIC_FAILURE
TCIL-NVS-JNV-Azamgarh-Quarters,BOQ_28532,ARITHMETIC_FAILURE
TCIL-NVS-JNV-Azamgarh-Quarters,BOQ_28535,ARITHMETIC_FAILURE
TCIL-NVS-JNV-Azamgarh-Quarters,BOQ_28559,ARITHMETIC_FAILURE
TCIL-NVS-JNV-Azamgarh-Quarters,BOQ_28565,ARITHMETIC_FAILURE
TCIL-NVS-JNV-Azamgarh-Quarters,BOQ_28582,ARITHMETIC_FAILURE
TCIL-NVS-JNV-Azamgarh-Quarters,BOQ_28585,ARITHMETIC_FAILURE
TCIL-NVS-JNV-Azamgarh-Quarters,BOQ_28588,ARITHMETIC_FAILURE
TCIL-NVS-JNV-Azamgarh-Quarters,BOQ_28594,ARITHMETIC_FAILURE
TCIL-NVS-JNV-Azamgarh-Quarters,BOQ_28615,ARITHMETIC_FAILURE
TCIL-NVS-JNV-Azamgarh-Quarters,BOQ_28724,ARITHMETIC_FAILURE
TCIL-NVS-JNV-Azamgarh-Quarters,BOQ_28730,ARITHMETIC_FAILURE
TCIL-NVS-JNV-Azamgarh-Quarters,BOQ_28741,ARITHMETIC_FAILURE
TCIL-NVS-JNV-Azamgarh-Quarters,BOQ_28744,ARITHMETIC_FAILURE
TCIL-NVS-JNV-Azamgarh-Quarters,BOQ_28751,ARITHMETIC_FAILURE
TCIL-NVS-JNV-Azamgarh-Quarters,BOQ_28764,ARITHMETIC_FAILURE
TCIL-NVS-JNV-Azamgarh-Quarters,BOQ_28766,ARITHMETIC_FAILURE
TCIL-NVS-JNV-Azamgarh-Quarters,BOQ_28776,ARITHMETIC_FAILURE
TCIL-NVS-JNV-Azamgarh-Quarters,BOQ_28779,ARITHMETIC_FAILURE
TCIL-NVS-JNV-Azamgarh-Quarters,BOQ_28813,ARITHMETIC_FAILURE
TCIL-NVS-JNV-Azamgarh-Quarters,BOQ_28818,ARITHMETIC_FAILURE
TCIL-NVS-JNV-Azamgarh-Quarters,BOQ_28827,ARITHMETIC_FAILURE
TCIL-NVS-JNV-Azamgarh-Quarters,BOQ_28830,ARITHMETIC_FAILURE
TCIL-NVS-JNV-Azamgarh-Quarters,BOQ_28851,ARITHMETIC_FAILURE
TCIL-NVS-JNV-Azamgarh-Quarters,BOQ_28854,ARITHMETIC_FAILURE
TCIL-NVS-JNV-Azamgarh-Quarters,BOQ_28857,ARITHMETIC_FAILURE
TCIL-NVS-JNV-Azamgarh-Quarters,BOQ_28875,ARITHMETIC_FAILURE
TCIL-NVS-JNV-Azamgarh-Quarters,BOQ_28883,ARITHMETIC_FAILURE
TCIL-NVS-JNV-Azamgarh-Quarters,BOQ_28886,ARITHMETIC_FAILURE
TCIL-NVS-JNV-Azamgarh-Quarters,BOQ_28889,ARITHMETIC_FAILURE
TCIL-NVS-JNV-Azamgarh-Quarters,BOQ_28896,ARITHMETIC_FAILURE
TCIL-NVS-JNV-Azamgarh-Quarters,BOQ_28900,ARITHMETIC_FAILURE
TCIL-NVS-JNV-Azamgarh-Quarters,BOQ_28905,ARITHMETIC_FAILURE
TCIL-NVS-JNV-Azamgarh-Quarters,BOQ_28918,ARITHMETIC_FAILURE
TCIL-NVS-JNV-Azamgarh-Quarters,BOQ_28922,ARITHMETIC_FAILURE
TCIL-NVS-JNV-Azamgarh-Quarters,BOQ_28929,ARITHMETIC_FAILURE
TCIL-NVS-JNV-Azamgarh-Quarters,BOQ_28931,ARITHMETIC_FAILURE
TCIL-NVS-JNV-Azamgarh-Quarters,BOQ_28934,ARITHMETIC_FAILURE
TCIL-NVS-JNV-Azamgarh-Quarters,BOQ_28935,ARITHMETIC_FAILURE
TCIL-NVS-JNV-Azamgarh-Quarters,BOQ_28939,ARITHMETIC_FAILURE
TCIL-NVS-JNV-Azamgarh-Quarters,BOQ_28941,ARITHMETIC_FAILURE
TCIL-NVS-JNV-Azamgarh-Quarters,BOQ_28945,ARITHMETIC_FAILURE
TCIL-NVS-JNV-Azamgarh-Quarters,BOQ_28947,ARITHMETIC_FAILURE
TCIL-NVS-JNV-Azamgarh-Quarters,BOQ_28951,ARITHMETIC_FAILURE
TCIL-NVS-JNV-Azamgarh-Quarters,BOQ_28952,ARITHMETIC_FAILURE
TCIL-NVS-JNV-Azamgarh-Quarters,BOQ_28954,ARITHMETIC_FAILURE
TCIL-NVS-JNV-Azamgarh-Quarters,BOQ_28958,ARITHMETIC_FAILURE
TCIL-NVS-JNV-Azamgarh-Quarters,BOQ_28960,ARITHMETIC_FAILURE
TCIL-NVS-JNV-Azamgarh-Quarters,BOQ_28964,ARITHMETIC_FAILURE
TCIL-NVS-JNV-Azamgarh-Quarters,BOQ_28966,ARITHMETIC_FAILURE
TCIL-NVS-JNV-Azamgarh-Quarters,BOQ_28970,ARITHMETIC_FAILURE
TCIL-NVS-JNV-Azamgarh-Quarters,BOQ_28972,ARITHMETIC_FAILURE
TCIL-NVS-JNV-Azamgarh-Quarters,BOQ_28976,ARITHMETIC_FAILURE
TCIL-NVS-JNV-Azamgarh-Quarters,BOQ_28978,ARITHMETIC_FAILURE
TCIL-NVS-JNV-Azamgarh-Quarters,BOQ_28982,ARITHMETIC_FAILURE
TCIL-NVS-JNV-Azamgarh-Quarters,BOQ_28984,ARITHMETIC_FAILURE
TCIL-NVS-JNV-Azamgarh-Quarters,BOQ_28987,ARITHMETIC_FAILURE
TCIL-NVS-JNV-Azamgarh-Quarters,BOQ_28988,ARITHMETIC_FAILURE
TCIL-NVS-JNV-Azamgarh-Quarters,BOQ_28991,ARITHMETIC_FAILURE
TCIL-NVS-JNV-Azamgarh-Quarters,BOQ_28992,ARITHMETIC_FAILURE
TCIL-NVS-JNV-Azamgarh-Quarters,BOQ_28996,ARITHMETIC_FAILURE
TCIL-NVS-JNV-Azamgarh-Quarters,BOQ_28999,ARITHMETIC_FAILURE
TCIL-NVS-JNV-Azamgarh-Quarters,BOQ_29002,ARITHMETIC_FAILURE
TCIL-NVS-JNV-Azamgarh-Quarters,BOQ_29003,ARITHMETIC_FAILURE
TCIL-NVS-JNV-Azamgarh-Quarters,BOQ_29006,ARITHMETIC_FAILURE
TCIL-NVS-JNV-Azamgarh-Quarters,BOQ_29009,ARITHMETIC_FAILURE
TCIL-NVS-JNV-Azamgarh-Quarters,BOQ_29010,ARITHMETIC_FAILURE
TCIL-NVS-JNV-Azamgarh-Quarters,BOQ_29012,ARITHMETIC_FAILURE
TCIL-NVS-JNV-Azamgarh-Quarters,BOQ_29015,ARITHMETIC_FAILURE
TCIL-NVS-JNV-Azamgarh-Quarters,BOQ_29019,ARITHMETIC_FAILURE
TCIL-NVS-JNV-Azamgarh-Quarters,BOQ_29020,ARITHMETIC_FAILURE
TCIL-NVS-JNV-Azamgarh-Quarters,BOQ_29021,ARITHMETIC_FAILURE
TCIL-NVS-JNV-Azamgarh-Quarters,BOQ_29030,ARITHMETIC_FAILURE
TCIL-NVS-JNV-Azamgarh-Quarters,BOQ_29031,ARITHMETIC_FAILURE
TCIL-NVS-JNV-Azamgarh-Quarters,BOQ_29035,ARITHMETIC_FAILURE
TCIL-NVS-JNV-Azamgarh-Quarters,BOQ_29036,ARITHMETIC_FAILURE
TCIL-NVS-JNV-Azamgarh-Quarters,BOQ_29040,ARITHMETIC_FAILURE
TCIL-NVS-JNV-Azamgarh-Quarters,BOQ_29043,ARITHMETIC_FAILURE
TCIL-NVS-JNV-Azamgarh-Quarters,BOQ_29044,ARITHMETIC_FAILURE
TCIL-NVS-JNV-Azamgarh-Quarters,BOQ_29047,ARITHMETIC_FAILURE
TCIL-NVS-JNV-Azamgarh-Quarters,BOQ_29048,ARITHMETIC_FAILURE
TCIL-NVS-JNV-Azamgarh-Quarters,BOQ_29049,ARITHMETIC_FAILURE
TCIL-NVS-JNV-Azamgarh-Quarters,BOQ_29052,ARITHMETIC_FAILURE
TCIL-NVS-JNV-Azamgarh-Quarters,BOQ_29053,ARITHMETIC_FAILURE
TCIL-NVS-JNV-Azamgarh-Quarters,BOQ_29057,ARITHMETIC_FAILURE
TCIL-NVS-JNV-Azamgarh-Quarters,BOQ_29061,ARITHMETIC_FAILURE
TCIL-NVS-JNV-Azamgarh-Quarters,BOQ_29064,ARITHMETIC_FAILURE
TCIL-NVS-JNV-Azamgarh-Quarters,BOQ_29070,ARITHMETIC_FAILURE
TCIL-NVS-JNV-Azamgarh-Quarters,BOQ_29073,ARITHMETIC_FAILURE
TCIL-NVS-JNV-Azamgarh-Quarters,BOQ_29076,ARITHMETIC_FAILURE
TCIL-NVS-JNV-Azamgarh-Quarters,BOQ_29079,ARITHMETIC_FAILURE
TCIL-NVS-JNV-Azamgarh-Quarters,BOQ_29083,ARITHMETIC_FAILURE
TCIL-NVS-JNV-Azamgarh-Quarters,BOQ_29092,ARITHMETIC_FAILURE
TCIL-NVS-JNV-Azamgarh-Quarters,BOQ_29093,ARITHMETIC_FAILURE
TCIL-NVS-JNV-Azamgarh-Quarters,BOQ_29101,ARITHMETIC_FAILURE
TCIL-NVS-JNV-Azamgarh-Quarters,BOQ_29105,ARITHMETIC_FAILURE
TCIL-NVS-JNV-Azamgarh-Quarters,BOQ_29114,ARITHMETIC_FAILURE
TCIL-NVS-JNV-Azamgarh-Quarters,BOQ_29129,ARITHMETIC_FAILURE
TCIL-NVS-JNV-Azamgarh-Quarters,BOQ_29132,ARITHMETIC_FAILURE
TCIL-NVS-JNV-Azamgarh-Quarters,BOQ_29133,ARITHMETIC_FAILURE
TCIL-NVS-JNV-Azamgarh-Quarters,BOQ_29145,ARITHMETIC_FAILURE
TCIL-NVS-JNV-Azamgarh-Quarters,BOQ_29148,ARITHMETIC_FAILURE
TCIL-NVS-JNV-Azamgarh-Quarters,BOQ_29151,ARITHMETIC_FAILURE
TCIL-NVS-JNV-Azamgarh-Quarters,BOQ_29154,ARITHMETIC_FAILURE
TCIL-NVS-JNV-Azamgarh-Quarters,BOQ_29155,ARITHMETIC_FAILURE
TCIL-NVS-JNV-Azamgarh-Quarters,BOQ_29190,ARITHMETIC_FAILURE
TCIL-NVS-JNV-Azamgarh-Quarters,BOQ_29196,ARITHMETIC_FAILURE
TCIL-NVS-JNV-Azamgarh-Quarters,BOQ_29213,ARITHMETIC_FAILURE
TCIL-NVS-JNV-Azamgarh-Quarters,BOQ_29216,ARITHMETIC_FAILURE
TCIL-NVS-JNV-Azamgarh-Quarters,BOQ_29219,ARITHMETIC_FAILURE
TCIL-NVS-JNV-Azamgarh-Quarters,BOQ_29225,ARITHMETIC_FAILURE
TCIL-NVS-JNV-Azamgarh-Quarters,BOQ_29259,ARITHMETIC_FAILURE
TCIL-NVS-JNV-Azamgarh-Quarters,BOQ_29274,ARITHMETIC_FAILURE
TCIL-NVS-JNV-Azamgarh-Quarters,BOQ_29279,ARITHMETIC_FAILURE
TCIL-NVS-JNV-Azamgarh-Quarters,BOQ_29291,ARITHMETIC_FAILURE
TCIL-NVS-JNV-Azamgarh-Quarters,BOQ_29313,ARITHMETIC_FAILURE
TCIL-NVS-JNV-Azamgarh-Quarters,BOQ_29315,ARITHMETIC_FAILURE
TCIL-NVS-JNV-Azamgarh-Quarters,BOQ_29325,ARITHMETIC_FAILURE
TCIL-NVS-JNV-Azamgarh-Quarters,BOQ_29328,ARITHMETIC_FAILURE
TCIL-NVS-JNV-Azamgarh-Quarters,BOQ_29331,ARITHMETIC_FAILURE
TCIL-NVS-JNV-Azamgarh-Quarters,BOQ_29337,ARITHMETIC_FAILURE
TCIL-NVS-JNV-Azamgarh-Quarters,BOQ_29346,ARITHMETIC_FAILURE
TCIL-NVS-JNV-Azamgarh-Quarters,BOQ_29349,ARITHMETIC_FAILURE
TCIL-NVS-JNV-Azamgarh-Quarters,BOQ_29352,ARITHMETIC_FAILURE
TCIL-NVS-JNV-Azamgarh-Quarters,BOQ_29355,ARITHMETIC_FAILURE
TCIL-NVS-JNV-Azamgarh-Quarters,BOQ_29371,ARITHMETIC_FAILURE
TCIL-NVS-JNV-Azamgarh-Quarters,BOQ_29378,ARITHMETIC_FAILURE
TCIL-NVS-JNV-Azamgarh-Quarters,BOQ_29380,ARITHMETIC_FAILURE
TCIL-NVS-JNV-Azamgarh-Quarters,BOQ_29391,ARITHMETIC_FAILURE
TCIL-NVS-JNV-Azamgarh-Quarters,BOQ_29394,ARITHMETIC_FAILURE
TCIL-NVS-JNV-Azamgarh-Quarters,BOQ_29407,ARITHMETIC_FAILURE
TCIL-NVS-JNV-Azamgarh-Quarters,BOQ_29410,ARITHMETIC_FAILURE
TCIL-NVS-JNV-Azamgarh-Quarters,BOQ_29413,ARITHMETIC_FAILURE
TCIL-NVS-JNV-Azamgarh-Quarters,BOQ_29416,ARITHMETIC_FAILURE
TCIL-NVS-JNV-Azamgarh-Quarters,BOQ_29437,ARITHMETIC_FAILURE
TCIL-NVS-JNV-Azamgarh-Quarters,BOQ_29451,ARITHMETIC_FAILURE
TCIL-NVS-JNV-Azamgarh-Quarters,BOQ_29452,ARITHMETIC_FAILURE
TCIL-NVS-JNV-Azamgarh-Quarters,BOQ_29466,ARITHMETIC_FAILURE
TCIL-NVS-JNV-Azamgarh-Quarters,BOQ_29477,ARITHMETIC_FAILURE
TCIL-NVS-JNV-Azamgarh-Quarters,BOQ_29479,ARITHMETIC_FAILURE
TCIL-NVS-JNV-Azamgarh-Quarters,BOQ_29482,ARITHMETIC_FAILURE
TCIL-NVS-JNV-Azamgarh-Quarters,BOQ_29483,ARITHMETIC_FAILURE
TCIL-NVS-JNV-Azamgarh-Quarters,BOQ_29487,ARITHMETIC_FAILURE
TCIL-NVS-JNV-Azamgarh-Quarters,BOQ_29489,ARITHMETIC_FAILURE
TCIL-NVS-JNV-Azamgarh-Quarters,BOQ_29490,ARITHMETIC_FAILURE
TCIL-NVS-JNV-Azamgarh-Quarters,BOQ_29494,ARITHMETIC_FAILURE
TCIL-NVS-JNV-Azamgarh-Quarters,BOQ_29496,ARITHMETIC_FAILURE
TCIL-NVS-JNV-Azamgarh-Quarters,BOQ_29500,ARITHMETIC_FAILURE
TCIL-NVS-JNV-Azamgarh-Quarters,BOQ_29502,ARITHMETIC_FAILURE
TCIL-NVS-JNV-Azamgarh-Quarters,BOQ_29506,ARITHMETIC_FAILURE
TCIL-NVS-JNV-Azamgarh-Quarters,BOQ_29508,ARITHMETIC_FAILURE
TCIL-NVS-JNV-Azamgarh-Quarters,BOQ_29512,ARITHMETIC_FAILURE
TCIL-NVS-JNV-Azamgarh-Quarters,BOQ_29514,ARITHMETIC_FAILURE
TCIL-NVS-JNV-Azamgarh-Quarters,BOQ_29518,ARITHMETIC_FAILURE
TCIL-NVS-JNV-Azamgarh-Quarters,BOQ_29520,ARITHMETIC_FAILURE
TCIL-NVS-JNV-Azamgarh-Quarters,BOQ_29524,ARITHMETIC_FAILURE
TCIL-NVS-JNV-Azamgarh-Quarters,BOQ_29526,ARITHMETIC_FAILURE
TCIL-NVS-JNV-Azamgarh-Quarters,BOQ_29530,ARITHMETIC_FAILURE
TCIL-NVS-JNV-Azamgarh-Quarters,BOQ_29532,ARITHMETIC_FAILURE
TCIL-NVS-JNV-Azamgarh-Quarters,BOQ_29535,ARITHMETIC_FAILURE
TCIL-NVS-JNV-Azamgarh-Quarters,BOQ_29536,ARITHMETIC_FAILURE
TCIL-NVS-JNV-Azamgarh-Quarters,BOQ_29539,ARITHMETIC_FAILURE
TCIL-NVS-JNV-Azamgarh-Quarters,BOQ_29540,ARITHMETIC_FAILURE
TCIL-NVS-JNV-Azamgarh-Quarters,BOQ_29544,ARITHMETIC_FAILURE
TCIL-NVS-JNV-Azamgarh-Quarters,BOQ_29546,ARITHMETIC_FAILURE
TCIL-NVS-JNV-Azamgarh-Quarters,BOQ_29548,ARITHMETIC_FAILURE
TCIL-NVS-JNV-Azamgarh-Quarters,BOQ_29551,ARITHMETIC_FAILURE
TCIL-NVS-JNV-Azamgarh-Quarters,BOQ_29552,ARITHMETIC_FAILURE
TCIL-NVS-JNV-Azamgarh-Quarters,BOQ_29555,ARITHMETIC_FAILURE
TCIL-NVS-JNV-Azamgarh-Quarters,BOQ_29558,ARITHMETIC_FAILURE
TCIL-NVS-JNV-Azamgarh-Quarters,BOQ_29560,ARITHMETIC_FAILURE
TCIL-NVS-JNV-Azamgarh-Quarters,BOQ_29563,ARITHMETIC_FAILURE
TCIL-NVS-JNV-Azamgarh-Quarters,BOQ_29567,ARITHMETIC_FAILURE
TCIL-NVS-JNV-Azamgarh-Quarters,BOQ_29576,ARITHMETIC_FAILURE
TCIL-NVS-JNV-Azamgarh-Quarters,BOQ_29577,ARITHMETIC_FAILURE
TCIL-NVS-JNV-Azamgarh-Quarters,BOQ_29579,ARITHMETIC_FAILURE
TCIL-NVS-JNV-Azamgarh-Quarters,BOQ_29582,ARITHMETIC_FAILURE
TCIL-NVS-JNV-Azamgarh-Quarters,BOQ_29583,ARITHMETIC_FAILURE
TCIL-NVS-JNV-Azamgarh-Quarters,BOQ_29587,ARITHMETIC_FAILURE
TCIL-NVS-JNV-Azamgarh-Quarters,BOQ_29590,ARITHMETIC_FAILURE
TCIL-NVS-JNV-Azamgarh-Quarters,BOQ_29591,ARITHMETIC_FAILURE
TCIL-NVS-JNV-Azamgarh-Quarters,BOQ_29594,ARITHMETIC_FAILURE
TCIL-NVS-JNV-Azamgarh-Quarters,BOQ_29595,ARITHMETIC_FAILURE
TCIL-NVS-JNV-Azamgarh-Quarters,BOQ_29596,ARITHMETIC_FAILURE
TCIL-NVS-JNV-Azamgarh-Quarters,BOQ_29599,ARITHMETIC_FAILURE
TCIL-NVS-JNV-Azamgarh-Quarters,BOQ_29603,ARITHMETIC_FAILURE
TCIL-NVS-JNV-Azamgarh-Quarters,BOQ_29607,ARITHMETIC_FAILURE
TCIL-NVS-JNV-Azamgarh-Quarters,BOQ_29610,ARITHMETIC_FAILURE
TCIL-NVS-JNV-Azamgarh-Quarters,BOQ_29616,ARITHMETIC_FAILURE
TCIL-NVS-JNV-Azamgarh-Quarters,BOQ_29619,ARITHMETIC_FAILURE
TCIL-NVS-JNV-Azamgarh-Quarters,BOQ_29621,ARITHMETIC_FAILURE
TCIL-NVS-JNV-Azamgarh-Quarters,BOQ_29623,ARITHMETIC_FAILURE
TCIL-NVS-JNV-Azamgarh-Quarters,BOQ_29626,ARITHMETIC_FAILURE
TCIL-NVS-JNV-Azamgarh-Quarters,BOQ_29630,ARITHMETIC_FAILURE
TCIL-NVS-JNV-Azamgarh-Quarters,BOQ_29644,ARITHMETIC_FAILURE
TCIL-NVS-JNV-Azamgarh-Quarters,BOQ_29647,ARITHMETIC_FAILURE
TCIL-NVS-JNV-Azamgarh-Quarters,BOQ_29671,ARITHMETIC_FAILURE
TCIL-NVS-JNV-Azamgarh-Quarters,BOQ_29677,ARITHMETIC_FAILURE
TCIL-NVS-JNV-Azamgarh-Quarters,BOQ_29694,ARITHMETIC_FAILURE
TCIL-NVS-JNV-Azamgarh-Quarters,BOQ_29697,ARITHMETIC_FAILURE
TCIL-NVS-JNV-Azamgarh-Quarters,BOQ_29700,ARITHMETIC_FAILURE
TCIL-NVS-JNV-Azamgarh-Quarters,BOQ_29706,ARITHMETIC_FAILURE
TCIL-NVS-JNV-Azamgarh-Quarters,BOQ_29727,ARITHMETIC_FAILURE
